Base path: C:/Program Files/Unity/Editor/Data
Cmd: initializeCompiler
Cmd: compileSnippet
  api=10 type=0 insize=4912 outsize=992 kw=UNITY_PASS_FORWARDBASE DIRECTIONAL pd=UNITY_ENABLE_REFLECTION_BUFFERS UNITY_NO_SCREENSPACE_SHADOWS UNITY_PBS_USE_BRDF3 UNITY_SPECCUBE_BOX_PROJECTION SHADER_API_MOBILE UNITY_COLORSPACE_GAMMA UNITY_LIGHTMAP_RGBM_ENCODING ok=1
Cmd: disassembleShader
  api=10 insize=992 outsize=8599 ok=1
Cmd: compileSnippet
  api=10 type=0 insize=4912 outsize=1065 kw=UNITY_PASS_FORWARDBASE DIRECTIONAL LIGHTMAP_ON DYNAMICLIGHTMAP_ON LIGHTMAP_SHADOW_MIXING SHADOWS_SHADOWMASK pd=UNITY_ENABLE_REFLECTION_BUFFERS UNITY_NO_SCREENSPACE_SHADOWS UNITY_PBS_USE_BRDF3 UNITY_SPECCUBE_BOX_PROJECTION SHADER_API_MOBILE UNITY_COLORSPACE_GAMMA UNITY_LIGHTMAP_RGBM_ENCODING ok=1
Cmd: disassembleShader
  api=10 insize=1065 outsize=9009 ok=1
Cmd: compileSnippet
  api=10 type=0 insize=4912 outsize=1280 kw=UNITY_PASS_FORWARDBASE DIRECTIONAL SHADOWS_SCREEN LIGHTMAP_ON DIRLIGHTMAP_COMBINED DYNAMICLIGHTMAP_ON LIGHTMAP_SHADOW_MIXING SHADOWS_SHADOWMASK pd=UNITY_ENABLE_REFLECTION_BUFFERS UNITY_NO_SCREENSPACE_SHADOWS UNITY_PBS_USE_BRDF3 UNITY_SPECCUBE_BOX_PROJECTION SHADER_API_MOBILE UNITY_COLORSPACE_GAMMA UNITY_LIGHTMAP_RGBM_ENCODING ok=1
Cmd: disassembleShader
  api=10 insize=1280 outsize=13502 ok=1
Cmd: compileSnippet
  api=10 type=1 insize=4912 outsize=1887 kw=UNITY_PASS_FORWARDBASE DIRECTIONAL LIGHTPROBE_SH pd=UNITY_ENABLE_REFLECTION_BUFFERS UNITY_NO_SCREENSPACE_SHADOWS UNITY_PBS_USE_BRDF3 UNITY_SPECCUBE_BOX_PROJECTION SHADER_API_MOBILE UNITY_COLORSPACE_GAMMA UNITY_LIGHTMAP_RGBM_ENCODING ok=1
Cmd: disassembleShader
  api=10 insize=1887 outsize=13155 ok=1
Cmd: compileSnippet
  api=10 type=1 insize=4912 outsize=2929 kw=UNITY_PASS_FORWARDBASE DIRECTIONAL SHADOWS_SCREEN LIGHTMAP_SHADOW_MIXING LIGHTPROBE_SH pd=UNITY_ENABLE_REFLECTION_BUFFERS UNITY_NO_SCREENSPACE_SHADOWS UNITY_PBS_USE_BRDF3 UNITY_SPECCUBE_BOX_PROJECTION SHADER_API_MOBILE UNITY_COLORSPACE_GAMMA UNITY_LIGHTMAP_RGBM_ENCODING ok=1
Cmd: disassembleShader
  api=10 insize=2929 outsize=22087 ok=1
Cmd: compileSnippet
  api=10 type=1 insize=4912 outsize=2100 kw=UNITY_PASS_FORWARDBASE DIRECTIONAL SHADOWS_SCREEN LIGHTMAP_ON DIRLIGHTMAP_COMBINED LIGHTMAP_SHADOW_MIXING pd=UNITY_ENABLE_REFLECTION_BUFFERS UNITY_NO_SCREENSPACE_SHADOWS UNITY_PBS_USE_BRDF3 UNITY_SPECCUBE_BOX_PROJECTION SHADER_API_MOBILE UNITY_COLORSPACE_GAMMA UNITY_LIGHTMAP_RGBM_ENCODING ok=1
Cmd: disassembleShader
  api=10 insize=2100 outsize=14953 ok=1
Cmd: compileSnippet
  error: 1 plat 10 at (26): Program 'vert', implicit cast from 'float4' to 'float3'\nCompiling Vertex program with UNITY_PASS_FORWARDADD POINT_COOKIE LIGHTMAP_SHADOW_MIXING SHADOWS_SHADOWMASK
Platform defines: UNITY_ENABLE_REFLECTION_BUFFERS UNITY_NO_SCREENSPACE_SHADOWS UNITY_PBS_USE_BRDF3 UNITY_SPECCUBE_BOX_PROJECTION SHADER_API_MOBILE UNITY_COLORSPACE_GAMMA UNITY_LIGHTMAP_RGBM_ENCODING
  error: 1 plat 10 at (31): Program 'vert', assignment causes implicit cast from 'float' to 'half'\nCompiling Vertex program with UNITY_PASS_FORWARDADD POINT_COOKIE LIGHTMAP_SHADOW_MIXING SHADOWS_SHADOWMASK
Platform defines: UNITY_ENABLE_REFLECTION_BUFFERS UNITY_NO_SCREENSPACE_SHADOWS UNITY_PBS_USE_BRDF3 UNITY_SPECCUBE_BOX_PROJECTION SHADER_API_MOBILE UNITY_COLORSPACE_GAMMA UNITY_LIGHTMAP_RGBM_ENCODING
  error: 1 plat 10 at (32): Program 'vert', implicit cast from 'float3' to 'float'\nCompiling Vertex program with UNITY_PASS_FORWARDADD POINT_COOKIE LIGHTMAP_SHADOW_MIXING SHADOWS_SHADOWMASK
Platform defines: UNITY_ENABLE_REFLECTION_BUFFERS UNITY_NO_SCREENSPACE_SHADOWS UNITY_PBS_USE_BRDF3 UNITY_SPECCUBE_BOX_PROJECTION SHADER_API_MOBILE UNITY_COLORSPACE_GAMMA UNITY_LIGHTMAP_RGBM_ENCODING
  error: 2 plat 10 at (44): Program 'vert', A value with the identifier 'unity_WorldToLight' has already been declared\nCompiling Vertex program with UNITY_PASS_FORWARDADD POINT_COOKIE LIGHTMAP_SHADOW_MIXING SHADOWS_SHADOWMASK
Platform defines: UNITY_ENABLE_REFLECTION_BUFFERS UNITY_NO_SCREENSPACE_SHADOWS UNITY_PBS_USE_BRDF3 UNITY_SPECCUBE_BOX_PROJECTION SHADER_API_MOBILE UNITY_COLORSPACE_GAMMA UNITY_LIGHTMAP_RGBM_ENCODING
  error: 2 plat 10 at (45): Program 'vert', A value with the identifier '_LightTextureB0' has already been declared\nCompiling Vertex program with UNITY_PASS_FORWARDADD POINT_COOKIE LIGHTMAP_SHADOW_MIXING SHADOWS_SHADOWMASK
Platform defines: UNITY_ENABLE_REFLECTION_BUFFERS UNITY_NO_SCREENSPACE_SHADOWS UNITY_PBS_USE_BRDF3 UNITY_SPECCUBE_BOX_PROJECTION SHADER_API_MOBILE UNITY_COLORSPACE_GAMMA UNITY_LIGHTMAP_RGBM_ENCODING
  error: 2 plat 10 at (48): Program 'vert', A value with the identifier '_LightTexture0' has already been declared\nCompiling Vertex program with UNITY_PASS_FORWARDADD POINT_COOKIE LIGHTMAP_SHADOW_MIXING SHADOWS_SHADOWMASK
Platform defines: UNITY_ENABLE_REFLECTION_BUFFERS UNITY_NO_SCREENSPACE_SHADOWS UNITY_PBS_USE_BRDF3 UNITY_SPECCUBE_BOX_PROJECTION SHADER_API_MOBILE UNITY_COLORSPACE_GAMMA UNITY_LIGHTMAP_RGBM_ENCODING
  error: 1 plat 10 at (150): Program 'vert', 'sign' shadows previous declaration\nprevious declaration was builtin:\nCompiling Vertex program with UNITY_PASS_FORWARDADD POINT_COOKIE LIGHTMAP_SHADOW_MIXING SHADOWS_SHADOWMASK
Platform defines: UNITY_ENABLE_REFLECTION_BUFFERS UNITY_NO_SCREENSPACE_SHADOWS UNITY_PBS_USE_BRDF3 UNITY_SPECCUBE_BOX_PROJECTION SHADER_API_MOBILE UNITY_COLORSPACE_GAMMA UNITY_LIGHTMAP_RGBM_ENCODING
  error: 1 plat 10 at (180): Program 'vert', local variable 'ambient_contrib' is unreferenced\nCompiling Vertex program with UNITY_PASS_FORWARDADD POINT_COOKIE LIGHTMAP_SHADOW_MIXING SHADOWS_SHADOWMASK
Platform defines: UNITY_ENABLE_REFLECTION_BUFFERS UNITY_NO_SCREENSPACE_SHADOWS UNITY_PBS_USE_BRDF3 UNITY_SPECCUBE_BOX_PROJECTION SHADER_API_MOBILE UNITY_COLORSPACE_GAMMA UNITY_LIGHTMAP_RGBM_ENCODING
  error: 1 plat 10 at (201): Program 'vert', previous declaration is here\nCompiling Vertex program with UNITY_PASS_FORWARDADD POINT_COOKIE LIGHTMAP_SHADOW_MIXING SHADOWS_SHADOWMASK
Platform defines: UNITY_ENABLE_REFLECTION_BUFFERS UNITY_NO_SCREENSPACE_SHADOWS UNITY_PBS_USE_BRDF3 UNITY_SPECCUBE_BOX_PROJECTION SHADER_API_MOBILE UNITY_COLORSPACE_GAMMA UNITY_LIGHTMAP_RGBM_ENCODING
  error: 1 plat 10 at (202): Program 'vert', previous declaration is here\nCompiling Vertex program with UNITY_PASS_FORWARDADD POINT_COOKIE LIGHTMAP_SHADOW_MIXING SHADOWS_SHADOWMASK
Platform defines: UNITY_ENABLE_REFLECTION_BUFFERS UNITY_NO_SCREENSPACE_SHADOWS UNITY_PBS_USE_BRDF3 UNITY_SPECCUBE_BOX_PROJECTION SHADER_API_MOBILE UNITY_COLORSPACE_GAMMA UNITY_LIGHTMAP_RGBM_ENCODING
  error: 1 plat 10 at (203): Program 'vert', previous declaration is here\nCompiling Vertex program with UNITY_PASS_FORWARDADD POINT_COOKIE LIGHTMAP_SHADOW_MIXING SHADOWS_SHADOWMASK
Platform defines: UNITY_ENABLE_REFLECTION_BUFFERS UNITY_NO_SCREENSPACE_SHADOWS UNITY_PBS_USE_BRDF3 UNITY_SPECCUBE_BOX_PROJECTION SHADER_API_MOBILE UNITY_COLORSPACE_GAMMA UNITY_LIGHTMAP_RGBM_ENCODING
  error: 1 plat 10 at (258): Program 'vert', local variable 'lv' is unreferenced\nCompiling Vertex program with UNITY_PASS_FORWARDADD POINT_COOKIE LIGHTMAP_SHADOW_MIXING SHADOWS_SHADOWMASK
Platform defines: UNITY_ENABLE_REFLECTION_BUFFERS UNITY_NO_SCREENSPACE_SHADOWS UNITY_PBS_USE_BRDF3 UNITY_SPECCUBE_BOX_PROJECTION SHADER_API_MOBILE UNITY_COLORSPACE_GAMMA UNITY_LIGHTMAP_RGBM_ENCODING
  error: 2 plat 10 at (265): Program 'vert', incompatible argument list for call to 'tex2D'. Found 16 possible candidates:\nfunction was called with params: (samplerCUBE, float2) could be: tex2D(sampler2D, float3, float2, float2, int) or      : tex2D(sampler2D, float3, int) or      : tex2D(sampler2D, float3, float2, float2) or      : tex2D(sampler2D, float3) or      : tex2D(usampler2D, float2, float2, float2, int) or      : tex2D(isampler2D, float2, float2, float2, int) or      : tex2D(sampler2D, float2, float2, float2, int) or      : tex2D(usampler2D, float2, int) or      : tex2D(isampler2D, float2, int) or      : tex2D(sampler2D, float2, int) or      : tex2D(usampler2D, float2, float2, float2) or      : tex2D(isampler2D, float2, float2, float2) or      : tex2D(sampler2D, float2, float2, float2) or      : tex2D(usampler2D, float2) or      : tex2D(isampler2D, float2)\nCompiling Vertex program with UNITY_PASS_FORWARDADD POINT_COOKIE LIGHTMAP_SHADOW_MIXING SHADOWS_SHADOWMASK
Platform defines: UNITY_ENABLE_REFLECTION_BUFFERS UNITY_NO_SCREENSPACE_SHADOWS UNITY_PBS_USE_BRDF3 UNITY_SPECCUBE_BOX_PROJECTION SHADER_API_MOBILE UNITY_COLORSPACE_GAMMA UNITY_LIGHTMAP_RGBM_ENCODING
  error: 1 plat 10 at (301): Program 'vert', assignment causes implicit cast from 'float' to 'half'\nCompiling Vertex program with UNITY_PASS_FORWARDADD POINT_COOKIE LIGHTMAP_SHADOW_MIXING SHADOWS_SHADOWMASK
Platform defines: UNITY_ENABLE_REFLECTION_BUFFERS UNITY_NO_SCREENSPACE_SHADOWS UNITY_PBS_USE_BRDF3 UNITY_SPECCUBE_BOX_PROJECTION SHADER_API_MOBILE UNITY_COLORSPACE_GAMMA UNITY_LIGHTMAP_RGBM_ENCODING
  api=10 type=0 insize=4886 outsize=0 kw=UNITY_PASS_FORWARDADD POINT_COOKIE LIGHTMAP_SHADOW_MIXING SHADOWS_SHADOWMASK pd=UNITY_ENABLE_REFLECTION_BUFFERS UNITY_NO_SCREENSPACE_SHADOWS UNITY_PBS_USE_BRDF3 UNITY_SPECCUBE_BOX_PROJECTION SHADER_API_MOBILE UNITY_COLORSPACE_GAMMA UNITY_LIGHTMAP_RGBM_ENCODING ok=0
Cmd: compileSnippet
  error: 1 plat 10 at (26): Program 'vert', implicit cast from 'float4' to 'float3'\nCompiling Vertex program with UNITY_PASS_FORWARDADD POINT SHADOWS_CUBE LIGHTMAP_SHADOW_MIXING SHADOWS_SHADOWMASK
Platform defines: UNITY_ENABLE_REFLECTION_BUFFERS UNITY_NO_SCREENSPACE_SHADOWS UNITY_PBS_USE_BRDF3 UNITY_SPECCUBE_BOX_PROJECTION SHADER_API_MOBILE UNITY_COLORSPACE_GAMMA UNITY_LIGHTMAP_RGBM_ENCODING
  error: 1 plat 10 at (31): Program 'vert', assignment causes implicit cast from 'float' to 'half'\nCompiling Vertex program with UNITY_PASS_FORWARDADD POINT SHADOWS_CUBE LIGHTMAP_SHADOW_MIXING SHADOWS_SHADOWMASK
Platform defines: UNITY_ENABLE_REFLECTION_BUFFERS UNITY_NO_SCREENSPACE_SHADOWS UNITY_PBS_USE_BRDF3 UNITY_SPECCUBE_BOX_PROJECTION SHADER_API_MOBILE UNITY_COLORSPACE_GAMMA UNITY_LIGHTMAP_RGBM_ENCODING
  error: 1 plat 10 at (32): Program 'vert', implicit cast from 'float3' to 'float'\nCompiling Vertex program with UNITY_PASS_FORWARDADD POINT SHADOWS_CUBE LIGHTMAP_SHADOW_MIXING SHADOWS_SHADOWMASK
Platform defines: UNITY_ENABLE_REFLECTION_BUFFERS UNITY_NO_SCREENSPACE_SHADOWS UNITY_PBS_USE_BRDF3 UNITY_SPECCUBE_BOX_PROJECTION SHADER_API_MOBILE UNITY_COLORSPACE_GAMMA UNITY_LIGHTMAP_RGBM_ENCODING
  error: 2 plat 10 at (44): Program 'vert', A value with the identifier 'unity_WorldToLight' has already been declared\nCompiling Vertex program with UNITY_PASS_FORWARDADD POINT SHADOWS_CUBE LIGHTMAP_SHADOW_MIXING SHADOWS_SHADOWMASK
Platform defines: UNITY_ENABLE_REFLECTION_BUFFERS UNITY_NO_SCREENSPACE_SHADOWS UNITY_PBS_USE_BRDF3 UNITY_SPECCUBE_BOX_PROJECTION SHADER_API_MOBILE UNITY_COLORSPACE_GAMMA UNITY_LIGHTMAP_RGBM_ENCODING
  error: 2 plat 10 at (50): Program 'vert', A value with the identifier '_LightTexture0' has already been declared\nCompiling Vertex program with UNITY_PASS_FORWARDADD POINT SHADOWS_CUBE LIGHTMAP_SHADOW_MIXING SHADOWS_SHADOWMASK
Platform defines: UNITY_ENABLE_REFLECTION_BUFFERS UNITY_NO_SCREENSPACE_SHADOWS UNITY_PBS_USE_BRDF3 UNITY_SPECCUBE_BOX_PROJECTION SHADER_API_MOBILE UNITY_COLORSPACE_GAMMA UNITY_LIGHTMAP_RGBM_ENCODING
  error: 1 plat 10 at (150): Program 'vert', 'sign' shadows previous declaration\nprevious declaration was builtin:\nCompiling Vertex program with UNITY_PASS_FORWARDADD POINT SHADOWS_CUBE LIGHTMAP_SHADOW_MIXING SHADOWS_SHADOWMASK
Platform defines: UNITY_ENABLE_REFLECTION_BUFFERS UNITY_NO_SCREENSPACE_SHADOWS UNITY_PBS_USE_BRDF3 UNITY_SPECCUBE_BOX_PROJECTION SHADER_API_MOBILE UNITY_COLORSPACE_GAMMA UNITY_LIGHTMAP_RGBM_ENCODING
  error: 1 plat 10 at (165): Program 'vert', previous declaration is here\nCompiling Vertex program with UNITY_PASS_FORWARDADD POINT SHADOWS_CUBE LIGHTMAP_SHADOW_MIXING SHADOWS_SHADOWMASK
Platform defines: UNITY_ENABLE_REFLECTION_BUFFERS UNITY_NO_SCREENSPACE_SHADOWS UNITY_PBS_USE_BRDF3 UNITY_SPECCUBE_BOX_PROJECTION SHADER_API_MOBILE UNITY_COLORSPACE_GAMMA UNITY_LIGHTMAP_RGBM_ENCODING
  error: 1 plat 10 at (166): Program 'vert', previous declaration is here\nCompiling Vertex program with UNITY_PASS_FORWARDADD POINT SHADOWS_CUBE LIGHTMAP_SHADOW_MIXING SHADOWS_SHADOWMASK
Platform defines: UNITY_ENABLE_REFLECTION_BUFFERS UNITY_NO_SCREENSPACE_SHADOWS UNITY_PBS_USE_BRDF3 UNITY_SPECCUBE_BOX_PROJECTION SHADER_API_MOBILE UNITY_COLORSPACE_GAMMA UNITY_LIGHTMAP_RGBM_ENCODING
  error: 1 plat 10 at (180): Program 'vert', local variable 'ambient_contrib' is unreferenced\nCompiling Vertex program with UNITY_PASS_FORWARDADD POINT SHADOWS_CUBE LIGHTMAP_SHADOW_MIXING SHADOWS_SHADOWMASK
Platform defines: UNITY_ENABLE_REFLECTION_BUFFERS UNITY_NO_SCREENSPACE_SHADOWS UNITY_PBS_USE_BRDF3 UNITY_SPECCUBE_BOX_PROJECTION SHADER_API_MOBILE UNITY_COLORSPACE_GAMMA UNITY_LIGHTMAP_RGBM_ENCODING
  error: 1 plat 10 at (238): Program 'vert', local variable 'metalness' is unreferenced\nCompiling Vertex program with UNITY_PASS_FORWARDADD POINT SHADOWS_CUBE LIGHTMAP_SHADOW_MIXING SHADOWS_SHADOWMASK
Platform defines: UNITY_ENABLE_REFLECTION_BUFFERS UNITY_NO_SCREENSPACE_SHADOWS UNITY_PBS_USE_BRDF3 UNITY_SPECCUBE_BOX_PROJECTION SHADER_API_MOBILE UNITY_COLORSPACE_GAMMA UNITY_LIGHTMAP_RGBM_ENCODING
  error: 1 plat 10 at (258): Program 'vert', local variable 'lv' is unreferenced\nCompiling Vertex program with UNITY_PASS_FORWARDADD POINT SHADOWS_CUBE LIGHTMAP_SHADOW_MIXING SHADOWS_SHADOWMASK
Platform defines: UNITY_ENABLE_REFLECTION_BUFFERS UNITY_NO_SCREENSPACE_SHADOWS UNITY_PBS_USE_BRDF3 UNITY_SPECCUBE_BOX_PROJECTION SHADER_API_MOBILE UNITY_COLORSPACE_GAMMA UNITY_LIGHTMAP_RGBM_ENCODING
  error: 1 plat 10 at (301): Program 'vert', assignment causes implicit cast from 'float' to 'half'\nCompiling Vertex program with UNITY_PASS_FORWARDADD POINT SHADOWS_CUBE LIGHTMAP_SHADOW_MIXING SHADOWS_SHADOWMASK
Platform defines: UNITY_ENABLE_REFLECTION_BUFFERS UNITY_NO_SCREENSPACE_SHADOWS UNITY_PBS_USE_BRDF3 UNITY_SPECCUBE_BOX_PROJECTION SHADER_API_MOBILE UNITY_COLORSPACE_GAMMA UNITY_LIGHTMAP_RGBM_ENCODING
  api=10 type=0 insize=4886 outsize=0 kw=UNITY_PASS_FORWARDADD POINT SHADOWS_CUBE LIGHTMAP_SHADOW_MIXING SHADOWS_SHADOWMASK pd=UNITY_ENABLE_REFLECTION_BUFFERS UNITY_NO_SCREENSPACE_SHADOWS UNITY_PBS_USE_BRDF3 UNITY_SPECCUBE_BOX_PROJECTION SHADER_API_MOBILE UNITY_COLORSPACE_GAMMA UNITY_LIGHTMAP_RGBM_ENCODING ok=0
Cmd: compileSnippet
  error: 1 plat 10 at (26): Program 'fragAdd', implicit cast from 'float4' to 'float3'\nCompiling Fragment program with UNITY_PASS_FORWARDADD SPOT SHADOWS_DEPTH SHADOWS_SOFT LIGHTMAP_SHADOW_MIXING
Platform defines: UNITY_ENABLE_REFLECTION_BUFFERS UNITY_NO_SCREENSPACE_SHADOWS UNITY_PBS_USE_BRDF3 UNITY_SPECCUBE_BOX_PROJECTION SHADER_API_MOBILE UNITY_COLORSPACE_GAMMA UNITY_LIGHTMAP_RGBM_ENCODING
  error: 1 plat 10 at (31): Program 'fragAdd', assignment causes implicit cast from 'float' to 'half'\nCompiling Fragment program with UNITY_PASS_FORWARDADD SPOT SHADOWS_DEPTH SHADOWS_SOFT LIGHTMAP_SHADOW_MIXING
Platform defines: UNITY_ENABLE_REFLECTION_BUFFERS UNITY_NO_SCREENSPACE_SHADOWS UNITY_PBS_USE_BRDF3 UNITY_SPECCUBE_BOX_PROJECTION SHADER_API_MOBILE UNITY_COLORSPACE_GAMMA UNITY_LIGHTMAP_RGBM_ENCODING
  error: 1 plat 10 at (32): Program 'fragAdd', implicit cast from 'float3' to 'float'\nCompiling Fragment program with UNITY_PASS_FORWARDADD SPOT SHADOWS_DEPTH SHADOWS_SOFT LIGHTMAP_SHADOW_MIXING
Platform defines: UNITY_ENABLE_REFLECTION_BUFFERS UNITY_NO_SCREENSPACE_SHADOWS UNITY_PBS_USE_BRDF3 UNITY_SPECCUBE_BOX_PROJECTION SHADER_API_MOBILE UNITY_COLORSPACE_GAMMA UNITY_LIGHTMAP_RGBM_ENCODING
  error: 2 plat 10 at (44): Program 'fragAdd', A value with the identifier 'unity_WorldToLight' has already been declared\nCompiling Fragment program with UNITY_PASS_FORWARDADD SPOT SHADOWS_DEPTH SHADOWS_SOFT LIGHTMAP_SHADOW_MIXING
Platform defines: UNITY_ENABLE_REFLECTION_BUFFERS UNITY_NO_SCREENSPACE_SHADOWS UNITY_PBS_USE_BRDF3 UNITY_SPECCUBE_BOX_PROJECTION SHADER_API_MOBILE UNITY_COLORSPACE_GAMMA UNITY_LIGHTMAP_RGBM_ENCODING
  error: 2 plat 10 at (45): Program 'fragAdd', A value with the identifier '_LightTextureB0' has already been declared\nCompiling Fragment program with UNITY_PASS_FORWARDADD SPOT SHADOWS_DEPTH SHADOWS_SOFT LIGHTMAP_SHADOW_MIXING
Platform defines: UNITY_ENABLE_REFLECTION_BUFFERS UNITY_NO_SCREENSPACE_SHADOWS UNITY_PBS_USE_BRDF3 UNITY_SPECCUBE_BOX_PROJECTION SHADER_API_MOBILE UNITY_COLORSPACE_GAMMA UNITY_LIGHTMAP_RGBM_ENCODING
  error: 2 plat 10 at (50): Program 'fragAdd', A value with the identifier '_LightTexture0' has already been declared\nCompiling Fragment program with UNITY_PASS_FORWARDADD SPOT SHADOWS_DEPTH SHADOWS_SOFT LIGHTMAP_SHADOW_MIXING
Platform defines: UNITY_ENABLE_REFLECTION_BUFFERS UNITY_NO_SCREENSPACE_SHADOWS UNITY_PBS_USE_BRDF3 UNITY_SPECCUBE_BOX_PROJECTION SHADER_API_MOBILE UNITY_COLORSPACE_GAMMA UNITY_LIGHTMAP_RGBM_ENCODING
  error: 1 plat 10 at (60): Program 'fragAdd', implicit cast from 'float4' to 'float3'\nCompiling Fragment program with UNITY_PASS_FORWARDADD SPOT SHADOWS_DEPTH SHADOWS_SOFT LIGHTMAP_SHADOW_MIXING
Platform defines: UNITY_ENABLE_REFLECTION_BUFFERS UNITY_NO_SCREENSPACE_SHADOWS UNITY_PBS_USE_BRDF3 UNITY_SPECCUBE_BOX_PROJECTION SHADER_API_MOBILE UNITY_COLORSPACE_GAMMA UNITY_LIGHTMAP_RGBM_ENCODING
  error: 1 plat 10 at (61): Program 'fragAdd', implicit cast from 'float4' to 'float3'\nCompiling Fragment program with UNITY_PASS_FORWARDADD SPOT SHADOWS_DEPTH SHADOWS_SOFT LIGHTMAP_SHADOW_MIXING
Platform defines: UNITY_ENABLE_REFLECTION_BUFFERS UNITY_NO_SCREENSPACE_SHADOWS UNITY_PBS_USE_BRDF3 UNITY_SPECCUBE_BOX_PROJECTION SHADER_API_MOBILE UNITY_COLORSPACE_GAMMA UNITY_LIGHTMAP_RGBM_ENCODING
  error: 1 plat 10 at (62): Program 'fragAdd', implicit cast from 'float4' to 'float3'\nCompiling Fragment program with UNITY_PASS_FORWARDADD SPOT SHADOWS_DEPTH SHADOWS_SOFT LIGHTMAP_SHADOW_MIXING
Platform defines: UNITY_ENABLE_REFLECTION_BUFFERS UNITY_NO_SCREENSPACE_SHADOWS UNITY_PBS_USE_BRDF3 UNITY_SPECCUBE_BOX_PROJECTION SHADER_API_MOBILE UNITY_COLORSPACE_GAMMA UNITY_LIGHTMAP_RGBM_ENCODING
  error: 1 plat 10 at (63): Program 'fragAdd', implicit cast from 'float4' to 'float3'\nCompiling Fragment program with UNITY_PASS_FORWARDADD SPOT SHADOWS_DEPTH SHADOWS_SOFT LIGHTMAP_SHADOW_MIXING
Platform defines: UNITY_ENABLE_REFLECTION_BUFFERS UNITY_NO_SCREENSPACE_SHADOWS UNITY_PBS_USE_BRDF3 UNITY_SPECCUBE_BOX_PROJECTION SHADER_API_MOBILE UNITY_COLORSPACE_GAMMA UNITY_LIGHTMAP_RGBM_ENCODING
  error: 1 plat 10 at (150): Program 'fragAdd', 'sign' shadows previous declaration\nprevious declaration was builtin:\nCompiling Fragment program with UNITY_PASS_FORWARDADD SPOT SHADOWS_DEPTH SHADOWS_SOFT LIGHTMAP_SHADOW_MIXING
Platform defines: UNITY_ENABLE_REFLECTION_BUFFERS UNITY_NO_SCREENSPACE_SHADOWS UNITY_PBS_USE_BRDF3 UNITY_SPECCUBE_BOX_PROJECTION SHADER_API_MOBILE UNITY_COLORSPACE_GAMMA UNITY_LIGHTMAP_RGBM_ENCODING
  error: 1 plat 10 at (174): Program 'fragAdd', previous declaration is here\nCompiling Fragment program with UNITY_PASS_FORWARDADD SPOT SHADOWS_DEPTH SHADOWS_SOFT LIGHTMAP_SHADOW_MIXING
Platform defines: UNITY_ENABLE_REFLECTION_BUFFERS UNITY_NO_SCREENSPACE_SHADOWS UNITY_PBS_USE_BRDF3 UNITY_SPECCUBE_BOX_PROJECTION SHADER_API_MOBILE UNITY_COLORSPACE_GAMMA UNITY_LIGHTMAP_RGBM_ENCODING
  error: 1 plat 10 at (175): Program 'fragAdd', previous declaration is here\nCompiling Fragment program with UNITY_PASS_FORWARDADD SPOT SHADOWS_DEPTH SHADOWS_SOFT LIGHTMAP_SHADOW_MIXING
Platform defines: UNITY_ENABLE_REFLECTION_BUFFERS UNITY_NO_SCREENSPACE_SHADOWS UNITY_PBS_USE_BRDF3 UNITY_SPECCUBE_BOX_PROJECTION SHADER_API_MOBILE UNITY_COLORSPACE_GAMMA UNITY_LIGHTMAP_RGBM_ENCODING
  error: 1 plat 10 at (176): Program 'fragAdd', previous declaration is here\nCompiling Fragment program with UNITY_PASS_FORWARDADD SPOT SHADOWS_DEPTH SHADOWS_SOFT LIGHTMAP_SHADOW_MIXING
Platform defines: UNITY_ENABLE_REFLECTION_BUFFERS UNITY_NO_SCREENSPACE_SHADOWS UNITY_PBS_USE_BRDF3 UNITY_SPECCUBE_BOX_PROJECTION SHADER_API_MOBILE UNITY_COLORSPACE_GAMMA UNITY_LIGHTMAP_RGBM_ENCODING
  error: 1 plat 10 at (238): Program 'fragAdd', local variable 'metalness' is unreferenced\nCompiling Fragment program with UNITY_PASS_FORWARDADD SPOT SHADOWS_DEPTH SHADOWS_SOFT LIGHTMAP_SHADOW_MIXING
Platform defines: UNITY_ENABLE_REFLECTION_BUFFERS UNITY_NO_SCREENSPACE_SHADOWS UNITY_PBS_USE_BRDF3 UNITY_SPECCUBE_BOX_PROJECTION SHADER_API_MOBILE UNITY_COLORSPACE_GAMMA UNITY_LIGHTMAP_RGBM_ENCODING
  error: 1 plat 10 at (258): Program 'fragAdd', local variable 'lv' is unreferenced\nCompiling Fragment program with UNITY_PASS_FORWARDADD SPOT SHADOWS_DEPTH SHADOWS_SOFT LIGHTMAP_SHADOW_MIXING
Platform defines: UNITY_ENABLE_REFLECTION_BUFFERS UNITY_NO_SCREENSPACE_SHADOWS UNITY_PBS_USE_BRDF3 UNITY_SPECCUBE_BOX_PROJECTION SHADER_API_MOBILE UNITY_COLORSPACE_GAMMA UNITY_LIGHTMAP_RGBM_ENCODING
  error: 1 plat 10 at (301): Program 'fragAdd', assignment causes implicit cast from 'float' to 'half'\nCompiling Fragment program with UNITY_PASS_FORWARDADD SPOT SHADOWS_DEPTH SHADOWS_SOFT LIGHTMAP_SHADOW_MIXING
Platform defines: UNITY_ENABLE_REFLECTION_BUFFERS UNITY_NO_SCREENSPACE_SHADOWS UNITY_PBS_USE_BRDF3 UNITY_SPECCUBE_BOX_PROJECTION SHADER_API_MOBILE UNITY_COLORSPACE_GAMMA UNITY_LIGHTMAP_RGBM_ENCODING
  error: 1 plat 10 at (508): Program 'fragAdd', assignment causes implicit cast from 'float' to 'half'\nCompiling Fragment program with UNITY_PASS_FORWARDADD SPOT SHADOWS_DEPTH SHADOWS_SOFT LIGHTMAP_SHADOW_MIXING
Platform defines: UNITY_ENABLE_REFLECTION_BUFFERS UNITY_NO_SCREENSPACE_SHADOWS UNITY_PBS_USE_BRDF3 UNITY_SPECCUBE_BOX_PROJECTION SHADER_API_MOBILE UNITY_COLORSPACE_GAMMA UNITY_LIGHTMAP_RGBM_ENCODING
  error: 1 plat 10 at (509): Program 'fragAdd', assignment causes implicit cast from 'float' to 'half'\nCompiling Fragment program with UNITY_PASS_FORWARDADD SPOT SHADOWS_DEPTH SHADOWS_SOFT LIGHTMAP_SHADOW_MIXING
Platform defines: UNITY_ENABLE_REFLECTION_BUFFERS UNITY_NO_SCREENSPACE_SHADOWS UNITY_PBS_USE_BRDF3 UNITY_SPECCUBE_BOX_PROJECTION SHADER_API_MOBILE UNITY_COLORSPACE_GAMMA UNITY_LIGHTMAP_RGBM_ENCODING
  error: 1 plat 10 at (510): Program 'fragAdd', assignment causes implicit cast from 'float' to 'half'\nCompiling Fragment program with UNITY_PASS_FORWARDADD SPOT SHADOWS_DEPTH SHADOWS_SOFT LIGHTMAP_SHADOW_MIXING
Platform defines: UNITY_ENABLE_REFLECTION_BUFFERS UNITY_NO_SCREENSPACE_SHADOWS UNITY_PBS_USE_BRDF3 UNITY_SPECCUBE_BOX_PROJECTION SHADER_API_MOBILE UNITY_COLORSPACE_GAMMA UNITY_LIGHTMAP_RGBM_ENCODING
  error: 1 plat 10 at (511): Program 'fragAdd', assignment causes implicit cast from 'float' to 'half'\nCompiling Fragment program with UNITY_PASS_FORWARDADD SPOT SHADOWS_DEPTH SHADOWS_SOFT LIGHTMAP_SHADOW_MIXING
Platform defines: UNITY_ENABLE_REFLECTION_BUFFERS UNITY_NO_SCREENSPACE_SHADOWS UNITY_PBS_USE_BRDF3 UNITY_SPECCUBE_BOX_PROJECTION SHADER_API_MOBILE UNITY_COLORSPACE_GAMMA UNITY_LIGHTMAP_RGBM_ENCODING
  error: 1 plat 10 at (512): Program 'fragAdd', assignment causes implicit cast from 'float' to 'half'\nCompiling Fragment program with UNITY_PASS_FORWARDADD SPOT SHADOWS_DEPTH SHADOWS_SOFT LIGHTMAP_SHADOW_MIXING
Platform defines: UNITY_ENABLE_REFLECTION_BUFFERS UNITY_NO_SCREENSPACE_SHADOWS UNITY_PBS_USE_BRDF3 UNITY_SPECCUBE_BOX_PROJECTION SHADER_API_MOBILE UNITY_COLORSPACE_GAMMA UNITY_LIGHTMAP_RGBM_ENCODING
  error: 1 plat 10 at (513): Program 'fragAdd', assignment causes implicit cast from 'float' to 'half'\nCompiling Fragment program with UNITY_PASS_FORWARDADD SPOT SHADOWS_DEPTH SHADOWS_SOFT LIGHTMAP_SHADOW_MIXING
Platform defines: UNITY_ENABLE_REFLECTION_BUFFERS UNITY_NO_SCREENSPACE_SHADOWS UNITY_PBS_USE_BRDF3 UNITY_SPECCUBE_BOX_PROJECTION SHADER_API_MOBILE UNITY_COLORSPACE_GAMMA UNITY_LIGHTMAP_RGBM_ENCODING
  error: 1 plat 10 at (514): Program 'fragAdd', assignment causes implicit cast from 'float' to 'half'\nCompiling Fragment program with UNITY_PASS_FORWARDADD SPOT SHADOWS_DEPTH SHADOWS_SOFT LIGHTMAP_SHADOW_MIXING
Platform defines: UNITY_ENABLE_REFLECTION_BUFFERS UNITY_NO_SCREENSPACE_SHADOWS UNITY_PBS_USE_BRDF3 UNITY_SPECCUBE_BOX_PROJECTION SHADER_API_MOBILE UNITY_COLORSPACE_GAMMA UNITY_LIGHTMAP_RGBM_ENCODING
  error: 1 plat 10 at (515): Program 'fragAdd', assignment causes implicit cast from 'float' to 'half'\nCompiling Fragment program with UNITY_PASS_FORWARDADD SPOT SHADOWS_DEPTH SHADOWS_SOFT LIGHTMAP_SHADOW_MIXING
Platform defines: UNITY_ENABLE_REFLECTION_BUFFERS UNITY_NO_SCREENSPACE_SHADOWS UNITY_PBS_USE_BRDF3 UNITY_SPECCUBE_BOX_PROJECTION SHADER_API_MOBILE UNITY_COLORSPACE_GAMMA UNITY_LIGHTMAP_RGBM_ENCODING
  error: 1 plat 10 at (516): Program 'fragAdd', assignment causes implicit cast from 'float' to 'half'\nCompiling Fragment program with UNITY_PASS_FORWARDADD SPOT SHADOWS_DEPTH SHADOWS_SOFT LIGHTMAP_SHADOW_MIXING
Platform defines: UNITY_ENABLE_REFLECTION_BUFFERS UNITY_NO_SCREENSPACE_SHADOWS UNITY_PBS_USE_BRDF3 UNITY_SPECCUBE_BOX_PROJECTION SHADER_API_MOBILE UNITY_COLORSPACE_GAMMA UNITY_LIGHTMAP_RGBM_ENCODING
  error: 1 plat 10 at (560): Program 'fragAdd', assignment causes implicit cast from 'float' to 'half'\nCompiling Fragment program with UNITY_PASS_FORWARDADD SPOT SHADOWS_DEPTH SHADOWS_SOFT LIGHTMAP_SHADOW_MIXING
Platform defines: UNITY_ENABLE_REFLECTION_BUFFERS UNITY_NO_SCREENSPACE_SHADOWS UNITY_PBS_USE_BRDF3 UNITY_SPECCUBE_BOX_PROJECTION SHADER_API_MOBILE UNITY_COLORSPACE_GAMMA UNITY_LIGHTMAP_RGBM_ENCODING
  error: 1 plat 10 at (561): Program 'fragAdd', assignment causes implicit cast from 'float' to 'half'\nCompiling Fragment program with UNITY_PASS_FORWARDADD SPOT SHADOWS_DEPTH SHADOWS_SOFT LIGHTMAP_SHADOW_MIXING
Platform defines: UNITY_ENABLE_REFLECTION_BUFFERS UNITY_NO_SCREENSPACE_SHADOWS UNITY_PBS_USE_BRDF3 UNITY_SPECCUBE_BOX_PROJECTION SHADER_API_MOBILE UNITY_COLORSPACE_GAMMA UNITY_LIGHTMAP_RGBM_ENCODING
  error: 1 plat 10 at (562): Program 'fragAdd', assignment causes implicit cast from 'float' to 'half'\nCompiling Fragment program with UNITY_PASS_FORWARDADD SPOT SHADOWS_DEPTH SHADOWS_SOFT LIGHTMAP_SHADOW_MIXING
Platform defines: UNITY_ENABLE_REFLECTION_BUFFERS UNITY_NO_SCREENSPACE_SHADOWS UNITY_PBS_USE_BRDF3 UNITY_SPECCUBE_BOX_PROJECTION SHADER_API_MOBILE UNITY_COLORSPACE_GAMMA UNITY_LIGHTMAP_RGBM_ENCODING
  error: 1 plat 10 at (606): Program 'fragAdd', assignment causes implicit cast from 'float' to 'half'\nCompiling Fragment program with UNITY_PASS_FORWARDADD SPOT SHADOWS_DEPTH SHADOWS_SOFT LIGHTMAP_SHADOW_MIXING
Platform defines: UNITY_ENABLE_REFLECTION_BUFFERS UNITY_NO_SCREENSPACE_SHADOWS UNITY_PBS_USE_BRDF3 UNITY_SPECCUBE_BOX_PROJECTION SHADER_API_MOBILE UNITY_COLORSPACE_GAMMA UNITY_LIGHTMAP_RGBM_ENCODING
  error: 1 plat 10 at (607): Program 'fragAdd', assignment causes implicit cast from 'float' to 'half'\nCompiling Fragment program with UNITY_PASS_FORWARDADD SPOT SHADOWS_DEPTH SHADOWS_SOFT LIGHTMAP_SHADOW_MIXING
Platform defines: UNITY_ENABLE_REFLECTION_BUFFERS UNITY_NO_SCREENSPACE_SHADOWS UNITY_PBS_USE_BRDF3 UNITY_SPECCUBE_BOX_PROJECTION SHADER_API_MOBILE UNITY_COLORSPACE_GAMMA UNITY_LIGHTMAP_RGBM_ENCODING
  error: 1 plat 10 at (608): Program 'fragAdd', assignment causes implicit cast from 'float' to 'half'\nCompiling Fragment program with UNITY_PASS_FORWARDADD SPOT SHADOWS_DEPTH SHADOWS_SOFT LIGHTMAP_SHADOW_MIXING
Platform defines: UNITY_ENABLE_REFLECTION_BUFFERS UNITY_NO_SCREENSPACE_SHADOWS UNITY_PBS_USE_BRDF3 UNITY_SPECCUBE_BOX_PROJECTION SHADER_API_MOBILE UNITY_COLORSPACE_GAMMA UNITY_LIGHTMAP_RGBM_ENCODING
  error: 1 plat 10 at (609): Program 'fragAdd', assignment causes implicit cast from 'float' to 'half'\nCompiling Fragment program with UNITY_PASS_FORWARDADD SPOT SHADOWS_DEPTH SHADOWS_SOFT LIGHTMAP_SHADOW_MIXING
Platform defines: UNITY_ENABLE_REFLECTION_BUFFERS UNITY_NO_SCREENSPACE_SHADOWS UNITY_PBS_USE_BRDF3 UNITY_SPECCUBE_BOX_PROJECTION SHADER_API_MOBILE UNITY_COLORSPACE_GAMMA UNITY_LIGHTMAP_RGBM_ENCODING
  error: 1 plat 10 at (610): Program 'fragAdd', assignment causes implicit cast from 'float' to 'half'\nCompiling Fragment program with UNITY_PASS_FORWARDADD SPOT SHADOWS_DEPTH SHADOWS_SOFT LIGHTMAP_SHADOW_MIXING
Platform defines: UNITY_ENABLE_REFLECTION_BUFFERS UNITY_NO_SCREENSPACE_SHADOWS UNITY_PBS_USE_BRDF3 UNITY_SPECCUBE_BOX_PROJECTION SHADER_API_MOBILE UNITY_COLORSPACE_GAMMA UNITY_LIGHTMAP_RGBM_ENCODING
  error: 1 plat 10 at (611): Program 'fragAdd', assignment causes implicit cast from 'float' to 'half'\nCompiling Fragment program with UNITY_PASS_FORWARDADD SPOT SHADOWS_DEPTH SHADOWS_SOFT LIGHTMAP_SHADOW_MIXING
Platform defines: UNITY_ENABLE_REFLECTION_BUFFERS UNITY_NO_SCREENSPACE_SHADOWS UNITY_PBS_USE_BRDF3 UNITY_SPECCUBE_BOX_PROJECTION SHADER_API_MOBILE UNITY_COLORSPACE_GAMMA UNITY_LIGHTMAP_RGBM_ENCODING
  error: 1 plat 10 at (612): Program 'fragAdd', assignment causes implicit cast from 'float' to 'half'\nCompiling Fragment program with UNITY_PASS_FORWARDADD SPOT SHADOWS_DEPTH SHADOWS_SOFT LIGHTMAP_SHADOW_MIXING
Platform defines: UNITY_ENABLE_REFLECTION_BUFFERS UNITY_NO_SCREENSPACE_SHADOWS UNITY_PBS_USE_BRDF3 UNITY_SPECCUBE_BOX_PROJECTION SHADER_API_MOBILE UNITY_COLORSPACE_GAMMA UNITY_LIGHTMAP_RGBM_ENCODING
  error: 1 plat 10 at (613): Program 'fragAdd', assignment causes implicit cast from 'float' to 'half'\nCompiling Fragment program with UNITY_PASS_FORWARDADD SPOT SHADOWS_DEPTH SHADOWS_SOFT LIGHTMAP_SHADOW_MIXING
Platform defines: UNITY_ENABLE_REFLECTION_BUFFERS UNITY_NO_SCREENSPACE_SHADOWS UNITY_PBS_USE_BRDF3 UNITY_SPECCUBE_BOX_PROJECTION SHADER_API_MOBILE UNITY_COLORSPACE_GAMMA UNITY_LIGHTMAP_RGBM_ENCODING
  error: 1 plat 10 at (657): Program 'fragAdd', assignment causes implicit cast from 'float' to 'half'\nCompiling Fragment program with UNITY_PASS_FORWARDADD SPOT SHADOWS_DEPTH SHADOWS_SOFT LIGHTMAP_SHADOW_MIXING
Platform defines: UNITY_ENABLE_REFLECTION_BUFFERS UNITY_NO_SCREENSPACE_SHADOWS UNITY_PBS_USE_BRDF3 UNITY_SPECCUBE_BOX_PROJECTION SHADER_API_MOBILE UNITY_COLORSPACE_GAMMA UNITY_LIGHTMAP_RGBM_ENCODING
  error: 1 plat 10 at (658): Program 'fragAdd', assignment causes implicit cast from 'float' to 'half'\nCompiling Fragment program with UNITY_PASS_FORWARDADD SPOT SHADOWS_DEPTH SHADOWS_SOFT LIGHTMAP_SHADOW_MIXING
Platform defines: UNITY_ENABLE_REFLECTION_BUFFERS UNITY_NO_SCREENSPACE_SHADOWS UNITY_PBS_USE_BRDF3 UNITY_SPECCUBE_BOX_PROJECTION SHADER_API_MOBILE UNITY_COLORSPACE_GAMMA UNITY_LIGHTMAP_RGBM_ENCODING
  error: 1 plat 10 at (659): Program 'fragAdd', assignment causes implicit cast from 'float' to 'half'\nCompiling Fragment program with UNITY_PASS_FORWARDADD SPOT SHADOWS_DEPTH SHADOWS_SOFT LIGHTMAP_SHADOW_MIXING
Platform defines: UNITY_ENABLE_REFLECTION_BUFFERS UNITY_NO_SCREENSPACE_SHADOWS UNITY_PBS_USE_BRDF3 UNITY_SPECCUBE_BOX_PROJECTION SHADER_API_MOBILE UNITY_COLORSPACE_GAMMA UNITY_LIGHTMAP_RGBM_ENCODING
  error: 1 plat 10 at (660): Program 'fragAdd', assignment causes implicit cast from 'float' to 'half'\nCompiling Fragment program with UNITY_PASS_FORWARDADD SPOT SHADOWS_DEPTH SHADOWS_SOFT LIGHTMAP_SHADOW_MIXING
Platform defines: UNITY_ENABLE_REFLECTION_BUFFERS UNITY_NO_SCREENSPACE_SHADOWS UNITY_PBS_USE_BRDF3 UNITY_SPECCUBE_BOX_PROJECTION SHADER_API_MOBILE UNITY_COLORSPACE_GAMMA UNITY_LIGHTMAP_RGBM_ENCODING
  error: 1 plat 10 at (661): Program 'fragAdd', assignment causes implicit cast from 'float' to 'half'\nCompiling Fragment program with UNITY_PASS_FORWARDADD SPOT SHADOWS_DEPTH SHADOWS_SOFT LIGHTMAP_SHADOW_MIXING
Platform defines: UNITY_ENABLE_REFLECTION_BUFFERS UNITY_NO_SCREENSPACE_SHADOWS UNITY_PBS_USE_BRDF3 UNITY_SPECCUBE_BOX_PROJECTION SHADER_API_MOBILE UNITY_COLORSPACE_GAMMA UNITY_LIGHTMAP_RGBM_ENCODING
  error: 1 plat 10 at (662): Program 'fragAdd', assignment causes implicit cast from 'float' to 'half'\nCompiling Fragment program with UNITY_PASS_FORWARDADD SPOT SHADOWS_DEPTH SHADOWS_SOFT LIGHTMAP_SHADOW_MIXING
Platform defines: UNITY_ENABLE_REFLECTION_BUFFERS UNITY_NO_SCREENSPACE_SHADOWS UNITY_PBS_USE_BRDF3 UNITY_SPECCUBE_BOX_PROJECTION SHADER_API_MOBILE UNITY_COLORSPACE_GAMMA UNITY_LIGHTMAP_RGBM_ENCODING
  error: 1 plat 10 at (663): Program 'fragAdd', assignment causes implicit cast from 'float' to 'half'\nCompiling Fragment program with UNITY_PASS_FORWARDADD SPOT SHADOWS_DEPTH SHADOWS_SOFT LIGHTMAP_SHADOW_MIXING
Platform defines: UNITY_ENABLE_REFLECTION_BUFFERS UNITY_NO_SCREENSPACE_SHADOWS UNITY_PBS_USE_BRDF3 UNITY_SPECCUBE_BOX_PROJECTION SHADER_API_MOBILE UNITY_COLORSPACE_GAMMA UNITY_LIGHTMAP_RGBM_ENCODING
  error: 1 plat 10 at (664): Program 'fragAdd', assignment causes implicit cast from 'float' to 'half'\nCompiling Fragment program with UNITY_PASS_FORWARDADD SPOT SHADOWS_DEPTH SHADOWS_SOFT LIGHTMAP_SHADOW_MIXING
Platform defines: UNITY_ENABLE_REFLECTION_BUFFERS UNITY_NO_SCREENSPACE_SHADOWS UNITY_PBS_USE_BRDF3 UNITY_SPECCUBE_BOX_PROJECTION SHADER_API_MOBILE UNITY_COLORSPACE_GAMMA UNITY_LIGHTMAP_RGBM_ENCODING
  error: 1 plat 10 at (665): Program 'fragAdd', assignment causes implicit cast from 'float' to 'half'\nCompiling Fragment program with UNITY_PASS_FORWARDADD SPOT SHADOWS_DEPTH SHADOWS_SOFT LIGHTMAP_SHADOW_MIXING
Platform defines: UNITY_ENABLE_REFLECTION_BUFFERS UNITY_NO_SCREENSPACE_SHADOWS UNITY_PBS_USE_BRDF3 UNITY_SPECCUBE_BOX_PROJECTION SHADER_API_MOBILE UNITY_COLORSPACE_GAMMA UNITY_LIGHTMAP_RGBM_ENCODING
  error: 1 plat 10 at (666): Program 'fragAdd', assignment causes implicit cast from 'float' to 'half'\nCompiling Fragment program with UNITY_PASS_FORWARDADD SPOT SHADOWS_DEPTH SHADOWS_SOFT LIGHTMAP_SHADOW_MIXING
Platform defines: UNITY_ENABLE_REFLECTION_BUFFERS UNITY_NO_SCREENSPACE_SHADOWS UNITY_PBS_USE_BRDF3 UNITY_SPECCUBE_BOX_PROJECTION SHADER_API_MOBILE UNITY_COLORSPACE_GAMMA UNITY_LIGHTMAP_RGBM_ENCODING
  error: 1 plat 10 at (667): Program 'fragAdd', assignment causes implicit cast from 'float' to 'half'\nCompiling Fragment program with UNITY_PASS_FORWARDADD SPOT SHADOWS_DEPTH SHADOWS_SOFT LIGHTMAP_SHADOW_MIXING
Platform defines: UNITY_ENABLE_REFLECTION_BUFFERS UNITY_NO_SCREENSPACE_SHADOWS UNITY_PBS_USE_BRDF3 UNITY_SPECCUBE_BOX_PROJECTION SHADER_API_MOBILE UNITY_COLORSPACE_GAMMA UNITY_LIGHTMAP_RGBM_ENCODING
  error: 1 plat 10 at (668): Program 'fragAdd', assignment causes implicit cast from 'float' to 'half'\nCompiling Fragment program with UNITY_PASS_FORWARDADD SPOT SHADOWS_DEPTH SHADOWS_SOFT LIGHTMAP_SHADOW_MIXING
Platform defines: UNITY_ENABLE_REFLECTION_BUFFERS UNITY_NO_SCREENSPACE_SHADOWS UNITY_PBS_USE_BRDF3 UNITY_SPECCUBE_BOX_PROJECTION SHADER_API_MOBILE UNITY_COLORSPACE_GAMMA UNITY_LIGHTMAP_RGBM_ENCODING
  error: 1 plat 10 at (669): Program 'fragAdd', assignment causes implicit cast from 'float' to 'half'\nCompiling Fragment program with UNITY_PASS_FORWARDADD SPOT SHADOWS_DEPTH SHADOWS_SOFT LIGHTMAP_SHADOW_MIXING
Platform defines: UNITY_ENABLE_REFLECTION_BUFFERS UNITY_NO_SCREENSPACE_SHADOWS UNITY_PBS_USE_BRDF3 UNITY_SPECCUBE_BOX_PROJECTION SHADER_API_MOBILE UNITY_COLORSPACE_GAMMA UNITY_LIGHTMAP_RGBM_ENCODING
  error: 1 plat 10 at (670): Program 'fragAdd', assignment causes implicit cast from 'float' to 'half'\nCompiling Fragment program with UNITY_PASS_FORWARDADD SPOT SHADOWS_DEPTH SHADOWS_SOFT LIGHTMAP_SHADOW_MIXING
Platform defines: UNITY_ENABLE_REFLECTION_BUFFERS UNITY_NO_SCREENSPACE_SHADOWS UNITY_PBS_USE_BRDF3 UNITY_SPECCUBE_BOX_PROJECTION SHADER_API_MOBILE UNITY_COLORSPACE_GAMMA UNITY_LIGHTMAP_RGBM_ENCODING
  error: 1 plat 10 at (671): Program 'fragAdd', assignment causes implicit cast from 'float' to 'half'\nCompiling Fragment program with UNITY_PASS_FORWARDADD SPOT SHADOWS_DEPTH SHADOWS_SOFT LIGHTMAP_SHADOW_MIXING
Platform defines: UNITY_ENABLE_REFLECTION_BUFFERS UNITY_NO_SCREENSPACE_SHADOWS UNITY_PBS_USE_BRDF3 UNITY_SPECCUBE_BOX_PROJECTION SHADER_API_MOBILE UNITY_COLORSPACE_GAMMA UNITY_LIGHTMAP_RGBM_ENCODING
  error: 1 plat 10 at (709): Program 'fragAdd', assignment causes implicit cast from 'float' to 'half'\nCompiling Fragment program with UNITY_PASS_FORWARDADD SPOT SHADOWS_DEPTH SHADOWS_SOFT LIGHTMAP_SHADOW_MIXING
Platform defines: UNITY_ENABLE_REFLECTION_BUFFERS UNITY_NO_SCREENSPACE_SHADOWS UNITY_PBS_USE_BRDF3 UNITY_SPECCUBE_BOX_PROJECTION SHADER_API_MOBILE UNITY_COLORSPACE_GAMMA UNITY_LIGHTMAP_RGBM_ENCODING
  error: 1 plat 10 at (710): Program 'fragAdd', assignment causes implicit cast from 'float' to 'half'\nCompiling Fragment program with UNITY_PASS_FORWARDADD SPOT SHADOWS_DEPTH SHADOWS_SOFT LIGHTMAP_SHADOW_MIXING
Platform defines: UNITY_ENABLE_REFLECTION_BUFFERS UNITY_NO_SCREENSPACE_SHADOWS UNITY_PBS_USE_BRDF3 UNITY_SPECCUBE_BOX_PROJECTION SHADER_API_MOBILE UNITY_COLORSPACE_GAMMA UNITY_LIGHTMAP_RGBM_ENCODING
  error: 1 plat 10 at (711): Program 'fragAdd', assignment causes implicit cast from 'float' to 'half'\nCompiling Fragment program with UNITY_PASS_FORWARDADD SPOT SHADOWS_DEPTH SHADOWS_SOFT LIGHTMAP_SHADOW_MIXING
Platform defines: UNITY_ENABLE_REFLECTION_BUFFERS UNITY_NO_SCREENSPACE_SHADOWS UNITY_PBS_USE_BRDF3 UNITY_SPECCUBE_BOX_PROJECTION SHADER_API_MOBILE UNITY_COLORSPACE_GAMMA UNITY_LIGHTMAP_RGBM_ENCODING
  error: 1 plat 10 at (712): Program 'fragAdd', assignment causes implicit cast from 'float' to 'half'\nCompiling Fragment program with UNITY_PASS_FORWARDADD SPOT SHADOWS_DEPTH SHADOWS_SOFT LIGHTMAP_SHADOW_MIXING
Platform defines: UNITY_ENABLE_REFLECTION_BUFFERS UNITY_NO_SCREENSPACE_SHADOWS UNITY_PBS_USE_BRDF3 UNITY_SPECCUBE_BOX_PROJECTION SHADER_API_MOBILE UNITY_COLORSPACE_GAMMA UNITY_LIGHTMAP_RGBM_ENCODING
  error: 1 plat 10 at (753): Program 'fragAdd', assignment causes implicit cast from 'float' to 'half'\nCompiling Fragment program with UNITY_PASS_FORWARDADD SPOT SHADOWS_DEPTH SHADOWS_SOFT LIGHTMAP_SHADOW_MIXING
Platform defines: UNITY_ENABLE_REFLECTION_BUFFERS UNITY_NO_SCREENSPACE_SHADOWS UNITY_PBS_USE_BRDF3 UNITY_SPECCUBE_BOX_PROJECTION SHADER_API_MOBILE UNITY_COLORSPACE_GAMMA UNITY_LIGHTMAP_RGBM_ENCODING
  error: 1 plat 10 at (754): Program 'fragAdd', assignment causes implicit cast from 'float' to 'half'\nCompiling Fragment program with UNITY_PASS_FORWARDADD SPOT SHADOWS_DEPTH SHADOWS_SOFT LIGHTMAP_SHADOW_MIXING
Platform defines: UNITY_ENABLE_REFLECTION_BUFFERS UNITY_NO_SCREENSPACE_SHADOWS UNITY_PBS_USE_BRDF3 UNITY_SPECCUBE_BOX_PROJECTION SHADER_API_MOBILE UNITY_COLORSPACE_GAMMA UNITY_LIGHTMAP_RGBM_ENCODING
  error: 1 plat 10 at (755): Program 'fragAdd', assignment causes implicit cast from 'float' to 'half'\nCompiling Fragment program with UNITY_PASS_FORWARDADD SPOT SHADOWS_DEPTH SHADOWS_SOFT LIGHTMAP_SHADOW_MIXING
Platform defines: UNITY_ENABLE_REFLECTION_BUFFERS UNITY_NO_SCREENSPACE_SHADOWS UNITY_PBS_USE_BRDF3 UNITY_SPECCUBE_BOX_PROJECTION SHADER_API_MOBILE UNITY_COLORSPACE_GAMMA UNITY_LIGHTMAP_RGBM_ENCODING
  error: 1 plat 10 at (758): Program 'fragAdd', assignment causes implicit cast from 'float' to 'half'\nCompiling Fragment program with UNITY_PASS_FORWARDADD SPOT SHADOWS_DEPTH SHADOWS_SOFT LIGHTMAP_SHADOW_MIXING
Platform defines: UNITY_ENABLE_REFLECTION_BUFFERS UNITY_NO_SCREENSPACE_SHADOWS UNITY_PBS_USE_BRDF3 UNITY_SPECCUBE_BOX_PROJECTION SHADER_API_MOBILE UNITY_COLORSPACE_GAMMA UNITY_LIGHTMAP_RGBM_ENCODING
  error: 1 plat 10 at (759): Program 'fragAdd', assignment causes implicit cast from 'float' to 'half'\nCompiling Fragment program with UNITY_PASS_FORWARDADD SPOT SHADOWS_DEPTH SHADOWS_SOFT LIGHTMAP_SHADOW_MIXING
Platform defines: UNITY_ENABLE_REFLECTION_BUFFERS UNITY_NO_SCREENSPACE_SHADOWS UNITY_PBS_USE_BRDF3 UNITY_SPECCUBE_BOX_PROJECTION SHADER_API_MOBILE UNITY_COLORSPACE_GAMMA UNITY_LIGHTMAP_RGBM_ENCODING
  error: 1 plat 10 at (760): Program 'fragAdd', assignment causes implicit cast from 'float' to 'half'\nCompiling Fragment program with UNITY_PASS_FORWARDADD SPOT SHADOWS_DEPTH SHADOWS_SOFT LIGHTMAP_SHADOW_MIXING
Platform defines: UNITY_ENABLE_REFLECTION_BUFFERS UNITY_NO_SCREENSPACE_SHADOWS UNITY_PBS_USE_BRDF3 UNITY_SPECCUBE_BOX_PROJECTION SHADER_API_MOBILE UNITY_COLORSPACE_GAMMA UNITY_LIGHTMAP_RGBM_ENCODING
  error: 1 plat 10 at (763): Program 'fragAdd', assignment causes implicit cast from 'float' to 'half'\nCompiling Fragment program with UNITY_PASS_FORWARDADD SPOT SHADOWS_DEPTH SHADOWS_SOFT LIGHTMAP_SHADOW_MIXING
Platform defines: UNITY_ENABLE_REFLECTION_BUFFERS UNITY_NO_SCREENSPACE_SHADOWS UNITY_PBS_USE_BRDF3 UNITY_SPECCUBE_BOX_PROJECTION SHADER_API_MOBILE UNITY_COLORSPACE_GAMMA UNITY_LIGHTMAP_RGBM_ENCODING
  error: 1 plat 10 at (764): Program 'fragAdd', assignment causes implicit cast from 'float' to 'half'\nCompiling Fragment program with UNITY_PASS_FORWARDADD SPOT SHADOWS_DEPTH SHADOWS_SOFT LIGHTMAP_SHADOW_MIXING
Platform defines: UNITY_ENABLE_REFLECTION_BUFFERS UNITY_NO_SCREENSPACE_SHADOWS UNITY_PBS_USE_BRDF3 UNITY_SPECCUBE_BOX_PROJECTION SHADER_API_MOBILE UNITY_COLORSPACE_GAMMA UNITY_LIGHTMAP_RGBM_ENCODING
  error: 1 plat 10 at (765): Program 'fragAdd', assignment causes implicit cast from 'float' to 'half'\nCompiling Fragment program with UNITY_PASS_FORWARDADD SPOT SHADOWS_DEPTH SHADOWS_SOFT LIGHTMAP_SHADOW_MIXING
Platform defines: UNITY_ENABLE_REFLECTION_BUFFERS UNITY_NO_SCREENSPACE_SHADOWS UNITY_PBS_USE_BRDF3 UNITY_SPECCUBE_BOX_PROJECTION SHADER_API_MOBILE UNITY_COLORSPACE_GAMMA UNITY_LIGHTMAP_RGBM_ENCODING
  api=10 type=1 insize=4886 outsize=0 kw=UNITY_PASS_FORWARDADD SPOT SHADOWS_DEPTH SHADOWS_SOFT LIGHTMAP_SHADOW_MIXING pd=UNITY_ENABLE_REFLECTION_BUFFERS UNITY_NO_SCREENSPACE_SHADOWS UNITY_PBS_USE_BRDF3 UNITY_SPECCUBE_BOX_PROJECTION SHADER_API_MOBILE UNITY_COLORSPACE_GAMMA UNITY_LIGHTMAP_RGBM_ENCODING ok=0
Cmd: compileSnippet
  error: 1 plat 10 at (26): Program 'fragAdd', implicit cast from 'float4' to 'float3'\nCompiling Fragment program with UNITY_PASS_FORWARDADD POINT_COOKIE SHADOWS_CUBE
Platform defines: UNITY_ENABLE_REFLECTION_BUFFERS UNITY_NO_SCREENSPACE_SHADOWS UNITY_PBS_USE_BRDF3 UNITY_SPECCUBE_BOX_PROJECTION SHADER_API_MOBILE UNITY_COLORSPACE_GAMMA UNITY_LIGHTMAP_RGBM_ENCODING
  error: 1 plat 10 at (31): Program 'fragAdd', assignment causes implicit cast from 'float' to 'half'\nCompiling Fragment program with UNITY_PASS_FORWARDADD POINT_COOKIE SHADOWS_CUBE
Platform defines: UNITY_ENABLE_REFLECTION_BUFFERS UNITY_NO_SCREENSPACE_SHADOWS UNITY_PBS_USE_BRDF3 UNITY_SPECCUBE_BOX_PROJECTION SHADER_API_MOBILE UNITY_COLORSPACE_GAMMA UNITY_LIGHTMAP_RGBM_ENCODING
  error: 1 plat 10 at (32): Program 'fragAdd', implicit cast from 'float3' to 'float'\nCompiling Fragment program with UNITY_PASS_FORWARDADD POINT_COOKIE SHADOWS_CUBE
Platform defines: UNITY_ENABLE_REFLECTION_BUFFERS UNITY_NO_SCREENSPACE_SHADOWS UNITY_PBS_USE_BRDF3 UNITY_SPECCUBE_BOX_PROJECTION SHADER_API_MOBILE UNITY_COLORSPACE_GAMMA UNITY_LIGHTMAP_RGBM_ENCODING
  error: 2 plat 10 at (44): Program 'fragAdd', A value with the identifier 'unity_WorldToLight' has already been declared\nCompiling Fragment program with UNITY_PASS_FORWARDADD POINT_COOKIE SHADOWS_CUBE
Platform defines: UNITY_ENABLE_REFLECTION_BUFFERS UNITY_NO_SCREENSPACE_SHADOWS UNITY_PBS_USE_BRDF3 UNITY_SPECCUBE_BOX_PROJECTION SHADER_API_MOBILE UNITY_COLORSPACE_GAMMA UNITY_LIGHTMAP_RGBM_ENCODING
  error: 2 plat 10 at (45): Program 'fragAdd', A value with the identifier '_LightTextureB0' has already been declared\nCompiling Fragment program with UNITY_PASS_FORWARDADD POINT_COOKIE SHADOWS_CUBE
Platform defines: UNITY_ENABLE_REFLECTION_BUFFERS UNITY_NO_SCREENSPACE_SHADOWS UNITY_PBS_USE_BRDF3 UNITY_SPECCUBE_BOX_PROJECTION SHADER_API_MOBILE UNITY_COLORSPACE_GAMMA UNITY_LIGHTMAP_RGBM_ENCODING
  error: 2 plat 10 at (48): Program 'fragAdd', A value with the identifier '_LightTexture0' has already been declared\nCompiling Fragment program with UNITY_PASS_FORWARDADD POINT_COOKIE SHADOWS_CUBE
Platform defines: UNITY_ENABLE_REFLECTION_BUFFERS UNITY_NO_SCREENSPACE_SHADOWS UNITY_PBS_USE_BRDF3 UNITY_SPECCUBE_BOX_PROJECTION SHADER_API_MOBILE UNITY_COLORSPACE_GAMMA UNITY_LIGHTMAP_RGBM_ENCODING
  error: 1 plat 10 at (150): Program 'fragAdd', 'sign' shadows previous declaration\nprevious declaration was builtin:\nCompiling Fragment program with UNITY_PASS_FORWARDADD POINT_COOKIE SHADOWS_CUBE
Platform defines: UNITY_ENABLE_REFLECTION_BUFFERS UNITY_NO_SCREENSPACE_SHADOWS UNITY_PBS_USE_BRDF3 UNITY_SPECCUBE_BOX_PROJECTION SHADER_API_MOBILE UNITY_COLORSPACE_GAMMA UNITY_LIGHTMAP_RGBM_ENCODING
  error: 1 plat 10 at (180): Program 'fragAdd', local variable 'ambient_contrib' is unreferenced\nCompiling Fragment program with UNITY_PASS_FORWARDADD POINT_COOKIE SHADOWS_CUBE
Platform defines: UNITY_ENABLE_REFLECTION_BUFFERS UNITY_NO_SCREENSPACE_SHADOWS UNITY_PBS_USE_BRDF3 UNITY_SPECCUBE_BOX_PROJECTION SHADER_API_MOBILE UNITY_COLORSPACE_GAMMA UNITY_LIGHTMAP_RGBM_ENCODING
  error: 1 plat 10 at (201): Program 'fragAdd', previous declaration is here\nCompiling Fragment program with UNITY_PASS_FORWARDADD POINT_COOKIE SHADOWS_CUBE
Platform defines: UNITY_ENABLE_REFLECTION_BUFFERS UNITY_NO_SCREENSPACE_SHADOWS UNITY_PBS_USE_BRDF3 UNITY_SPECCUBE_BOX_PROJECTION SHADER_API_MOBILE UNITY_COLORSPACE_GAMMA UNITY_LIGHTMAP_RGBM_ENCODING
  error: 1 plat 10 at (202): Program 'fragAdd', previous declaration is here\nCompiling Fragment program with UNITY_PASS_FORWARDADD POINT_COOKIE SHADOWS_CUBE
Platform defines: UNITY_ENABLE_REFLECTION_BUFFERS UNITY_NO_SCREENSPACE_SHADOWS UNITY_PBS_USE_BRDF3 UNITY_SPECCUBE_BOX_PROJECTION SHADER_API_MOBILE UNITY_COLORSPACE_GAMMA UNITY_LIGHTMAP_RGBM_ENCODING
  error: 1 plat 10 at (203): Program 'fragAdd', previous declaration is here\nCompiling Fragment program with UNITY_PASS_FORWARDADD POINT_COOKIE SHADOWS_CUBE
Platform defines: UNITY_ENABLE_REFLECTION_BUFFERS UNITY_NO_SCREENSPACE_SHADOWS UNITY_PBS_USE_BRDF3 UNITY_SPECCUBE_BOX_PROJECTION SHADER_API_MOBILE UNITY_COLORSPACE_GAMMA UNITY_LIGHTMAP_RGBM_ENCODING
  error: 1 plat 10 at (258): Program 'fragAdd', local variable 'lv' is unreferenced\nCompiling Fragment program with UNITY_PASS_FORWARDADD POINT_COOKIE SHADOWS_CUBE
Platform defines: UNITY_ENABLE_REFLECTION_BUFFERS UNITY_NO_SCREENSPACE_SHADOWS UNITY_PBS_USE_BRDF3 UNITY_SPECCUBE_BOX_PROJECTION SHADER_API_MOBILE UNITY_COLORSPACE_GAMMA UNITY_LIGHTMAP_RGBM_ENCODING
  error: 2 plat 10 at (265): Program 'fragAdd', incompatible argument list for call to 'tex2D'. Found 16 possible candidates:\nfunction was called with params: (samplerCUBE, float2) could be: tex2D(sampler2D, float3, float2, float2, int) or      : tex2D(sampler2D, float3, int) or      : tex2D(sampler2D, float3, float2, float2) or      : tex2D(sampler2D, float3) or      : tex2D(usampler2D, float2, float2, float2, int) or      : tex2D(isampler2D, float2, float2, float2, int) or      : tex2D(sampler2D, float2, float2, float2, int) or      : tex2D(usampler2D, float2, int) or      : tex2D(isampler2D, float2, int) or      : tex2D(sampler2D, float2, int) or      : tex2D(usampler2D, float2, float2, float2) or      : tex2D(isampler2D, float2, float2, float2) or      : tex2D(sampler2D, float2, float2, float2) or      : tex2D(usampler2D, float2) or      : tex2D(isampler2D, float2)\nCompiling Fragment program with UNITY_PASS_FORWARDADD POINT_COOKIE SHADOWS_CUBE
Platform defines: UNITY_ENABLE_REFLECTION_BUFFERS UNITY_NO_SCREENSPACE_SHADOWS UNITY_PBS_USE_BRDF3 UNITY_SPECCUBE_BOX_PROJECTION SHADER_API_MOBILE UNITY_COLORSPACE_GAMMA UNITY_LIGHTMAP_RGBM_ENCODING
  error: 1 plat 10 at (301): Program 'fragAdd', assignment causes implicit cast from 'float' to 'half'\nCompiling Fragment program with UNITY_PASS_FORWARDADD POINT_COOKIE SHADOWS_CUBE
Platform defines: UNITY_ENABLE_REFLECTION_BUFFERS UNITY_NO_SCREENSPACE_SHADOWS UNITY_PBS_USE_BRDF3 UNITY_SPECCUBE_BOX_PROJECTION SHADER_API_MOBILE UNITY_COLORSPACE_GAMMA UNITY_LIGHTMAP_RGBM_ENCODING
  api=10 type=1 insize=4886 outsize=0 kw=UNITY_PASS_FORWARDADD POINT_COOKIE SHADOWS_CUBE pd=UNITY_ENABLE_REFLECTION_BUFFERS UNITY_NO_SCREENSPACE_SHADOWS UNITY_PBS_USE_BRDF3 UNITY_SPECCUBE_BOX_PROJECTION SHADER_API_MOBILE UNITY_COLORSPACE_GAMMA UNITY_LIGHTMAP_RGBM_ENCODING ok=0
Cmd: disassembleShader
  api=10 insize=992 outsize=8605 ok=1
Cmd: disassembleShader
  api=10 insize=992 outsize=8605 ok=1
Cmd: disassembleShader
  api=10 insize=1280 outsize=13502 ok=1
Cmd: disassembleShader
  api=10 insize=2035 outsize=13973 ok=1
Cmd: disassembleShader
  api=10 insize=2929 outsize=22166 ok=1
Cmd: compileSnippet
  error: 1 plat 10 at (26): Program 'vert', implicit cast from 'float4' to 'float3'\nCompiling Vertex program with UNITY_PASS_FORWARDADD SPOT SHADOWS_DEPTH SHADOWS_SHADOWMASK
Platform defines: UNITY_ENABLE_REFLECTION_BUFFERS UNITY_NO_SCREENSPACE_SHADOWS UNITY_PBS_USE_BRDF3 UNITY_SPECCUBE_BOX_PROJECTION SHADER_API_MOBILE UNITY_COLORSPACE_GAMMA UNITY_LIGHTMAP_RGBM_ENCODING
  error: 1 plat 10 at (31): Program 'vert', assignment causes implicit cast from 'float' to 'half'\nCompiling Vertex program with UNITY_PASS_FORWARDADD SPOT SHADOWS_DEPTH SHADOWS_SHADOWMASK
Platform defines: UNITY_ENABLE_REFLECTION_BUFFERS UNITY_NO_SCREENSPACE_SHADOWS UNITY_PBS_USE_BRDF3 UNITY_SPECCUBE_BOX_PROJECTION SHADER_API_MOBILE UNITY_COLORSPACE_GAMMA UNITY_LIGHTMAP_RGBM_ENCODING
  error: 1 plat 10 at (32): Program 'vert', implicit cast from 'float3' to 'float'\nCompiling Vertex program with UNITY_PASS_FORWARDADD SPOT SHADOWS_DEPTH SHADOWS_SHADOWMASK
Platform defines: UNITY_ENABLE_REFLECTION_BUFFERS UNITY_NO_SCREENSPACE_SHADOWS UNITY_PBS_USE_BRDF3 UNITY_SPECCUBE_BOX_PROJECTION SHADER_API_MOBILE UNITY_COLORSPACE_GAMMA UNITY_LIGHTMAP_RGBM_ENCODING
  error: 2 plat 10 at (44): Program 'vert', A value with the identifier 'unity_WorldToLight' has already been declared\nCompiling Vertex program with UNITY_PASS_FORWARDADD SPOT SHADOWS_DEPTH SHADOWS_SHADOWMASK
Platform defines: UNITY_ENABLE_REFLECTION_BUFFERS UNITY_NO_SCREENSPACE_SHADOWS UNITY_PBS_USE_BRDF3 UNITY_SPECCUBE_BOX_PROJECTION SHADER_API_MOBILE UNITY_COLORSPACE_GAMMA UNITY_LIGHTMAP_RGBM_ENCODING
  error: 2 plat 10 at (45): Program 'vert', A value with the identifier '_LightTextureB0' has already been declared\nCompiling Vertex program with UNITY_PASS_FORWARDADD SPOT SHADOWS_DEPTH SHADOWS_SHADOWMASK
Platform defines: UNITY_ENABLE_REFLECTION_BUFFERS UNITY_NO_SCREENSPACE_SHADOWS UNITY_PBS_USE_BRDF3 UNITY_SPECCUBE_BOX_PROJECTION SHADER_API_MOBILE UNITY_COLORSPACE_GAMMA UNITY_LIGHTMAP_RGBM_ENCODING
  error: 2 plat 10 at (50): Program 'vert', A value with the identifier '_LightTexture0' has already been declared\nCompiling Vertex program with UNITY_PASS_FORWARDADD SPOT SHADOWS_DEPTH SHADOWS_SHADOWMASK
Platform defines: UNITY_ENABLE_REFLECTION_BUFFERS UNITY_NO_SCREENSPACE_SHADOWS UNITY_PBS_USE_BRDF3 UNITY_SPECCUBE_BOX_PROJECTION SHADER_API_MOBILE UNITY_COLORSPACE_GAMMA UNITY_LIGHTMAP_RGBM_ENCODING
  error: 1 plat 10 at (76): Program 'vert', implicit cast from 'half4' to 'half'\nCompiling Vertex program with UNITY_PASS_FORWARDADD SPOT SHADOWS_DEPTH SHADOWS_SHADOWMASK
Platform defines: UNITY_ENABLE_REFLECTION_BUFFERS UNITY_NO_SCREENSPACE_SHADOWS UNITY_PBS_USE_BRDF3 UNITY_SPECCUBE_BOX_PROJECTION SHADER_API_MOBILE UNITY_COLORSPACE_GAMMA UNITY_LIGHTMAP_RGBM_ENCODING
  error: 1 plat 10 at (150): Program 'vert', 'sign' shadows previous declaration\nprevious declaration was builtin:\nCompiling Vertex program with UNITY_PASS_FORWARDADD SPOT SHADOWS_DEPTH SHADOWS_SHADOWMASK
Platform defines: UNITY_ENABLE_REFLECTION_BUFFERS UNITY_NO_SCREENSPACE_SHADOWS UNITY_PBS_USE_BRDF3 UNITY_SPECCUBE_BOX_PROJECTION SHADER_API_MOBILE UNITY_COLORSPACE_GAMMA UNITY_LIGHTMAP_RGBM_ENCODING
  error: 1 plat 10 at (174): Program 'vert', previous declaration is here\nCompiling Vertex program with UNITY_PASS_FORWARDADD SPOT SHADOWS_DEPTH SHADOWS_SHADOWMASK
Platform defines: UNITY_ENABLE_REFLECTION_BUFFERS UNITY_NO_SCREENSPACE_SHADOWS UNITY_PBS_USE_BRDF3 UNITY_SPECCUBE_BOX_PROJECTION SHADER_API_MOBILE UNITY_COLORSPACE_GAMMA UNITY_LIGHTMAP_RGBM_ENCODING
  error: 1 plat 10 at (175): Program 'vert', previous declaration is here\nCompiling Vertex program with UNITY_PASS_FORWARDADD SPOT SHADOWS_DEPTH SHADOWS_SHADOWMASK
Platform defines: UNITY_ENABLE_REFLECTION_BUFFERS UNITY_NO_SCREENSPACE_SHADOWS UNITY_PBS_USE_BRDF3 UNITY_SPECCUBE_BOX_PROJECTION SHADER_API_MOBILE UNITY_COLORSPACE_GAMMA UNITY_LIGHTMAP_RGBM_ENCODING
  error: 1 plat 10 at (176): Program 'vert', previous declaration is here\nCompiling Vertex program with UNITY_PASS_FORWARDADD SPOT SHADOWS_DEPTH SHADOWS_SHADOWMASK
Platform defines: UNITY_ENABLE_REFLECTION_BUFFERS UNITY_NO_SCREENSPACE_SHADOWS UNITY_PBS_USE_BRDF3 UNITY_SPECCUBE_BOX_PROJECTION SHADER_API_MOBILE UNITY_COLORSPACE_GAMMA UNITY_LIGHTMAP_RGBM_ENCODING
  error: 1 plat 10 at (180): Program 'vert', local variable 'ambient_contrib' is unreferenced\nCompiling Vertex program with UNITY_PASS_FORWARDADD SPOT SHADOWS_DEPTH SHADOWS_SHADOWMASK
Platform defines: UNITY_ENABLE_REFLECTION_BUFFERS UNITY_NO_SCREENSPACE_SHADOWS UNITY_PBS_USE_BRDF3 UNITY_SPECCUBE_BOX_PROJECTION SHADER_API_MOBILE UNITY_COLORSPACE_GAMMA UNITY_LIGHTMAP_RGBM_ENCODING
  error: 1 plat 10 at (186): Program 'vert', function 'UnityWorldSpaceLightDir' that caused the implict cast was declared here\nCompiling Vertex program with UNITY_PASS_FORWARDADD SPOT SHADOWS_DEPTH SHADOWS_SHADOWMASK
Platform defines: UNITY_ENABLE_REFLECTION_BUFFERS UNITY_NO_SCREENSPACE_SHADOWS UNITY_PBS_USE_BRDF3 UNITY_SPECCUBE_BOX_PROJECTION SHADER_API_MOBILE UNITY_COLORSPACE_GAMMA UNITY_LIGHTMAP_RGBM_ENCODING
  error: 1 plat 10 at (238): Program 'vert', local variable 'metalness' is unreferenced\nCompiling Vertex program with UNITY_PASS_FORWARDADD SPOT SHADOWS_DEPTH SHADOWS_SHADOWMASK
Platform defines: UNITY_ENABLE_REFLECTION_BUFFERS UNITY_NO_SCREENSPACE_SHADOWS UNITY_PBS_USE_BRDF3 UNITY_SPECCUBE_BOX_PROJECTION SHADER_API_MOBILE UNITY_COLORSPACE_GAMMA UNITY_LIGHTMAP_RGBM_ENCODING
  error: 1 plat 10 at (258): Program 'vert', local variable 'lv' is unreferenced\nCompiling Vertex program with UNITY_PASS_FORWARDADD SPOT SHADOWS_DEPTH SHADOWS_SHADOWMASK
Platform defines: UNITY_ENABLE_REFLECTION_BUFFERS UNITY_NO_SCREENSPACE_SHADOWS UNITY_PBS_USE_BRDF3 UNITY_SPECCUBE_BOX_PROJECTION SHADER_API_MOBILE UNITY_COLORSPACE_GAMMA UNITY_LIGHTMAP_RGBM_ENCODING
  error: 2 plat 10 at (262): Program 'vert', incompatible argument list for call to 'mul'. Found 288 possible candidates:\nfunction was called with params: (float3, float4) could be: fixed4x4 mul(fixed4x4, fixed4x4) or      : fixed4x3 mul(fixed4x4, fixed4x3) or      : fixed4x2 mul(fixed4x4, fixed4x2) or      : fixed4x1 mul(fixed4x4, fixed4x1) or      : fixed4x4 mul(fixed4x3, fixed3x4) or      : fixed4x3 mul(fixed4x3, fixed3x3) or      : fixed4x2 mul(fixed4x3, fixed3x2) or      : fixed4x1 mul(fixed4x3, fixed3x1) or      : fixed4x4 mul(fixed4x2, fixed2x4) or      : fixed4x3 mul(fixed4x2, fixed2x3) or      : fixed4x2 mul(fixed4x2, fixed2x2) or      : fixed4x1 mul(fixed4x2, fixed2x1) or      : fixed4x4 mul(fixed4x1, fixed1x4) or      : fixed4x3 mul(fixed4x1, fixed1x3) or      : fixed4x2 mul(fixed4x1, fixed1x2) or      : fixed4x1 mul(fixed4x1, fixed1x1) or      : fixed3x4 mul(fixed3x4, fixed4x4) or      : fixed3x3 mul(fixed3x4, fixed4x3) or      : fixed3x2 mul(fixed3x4, fixed4x2) or      : fixed3x1 mul(fixed3x4, fixed4x1) or      : fixed3x4 mul(fixed3x3, fixed3x4) or      : fixed3x3 mul(fixed3x3, fixed3x3) or      : fixed3x2 mul(fixed3x3, fixed3x2) or      : fixed3x1 mul(fixed3x3, fixed3x1) or      : fixed3x4 mul(fixed3x2, fixed2x4) or      : fixed3x3 mul(fixed3x2, fixed2x3) or      : fixed3x2 mul(fixed3x2, fixed2x2) or      : fixed3x1 mul(fixed3x2, fixed2x1) or      : fixed3x4 mul(fixed3x1, fixed1x4) or      : fixed3x3 mul(fixed3x1, fixed1x3) or      : fixed3x2 mul(fixed3x1, fixed1x2) or      : fixed3x1 mul(fixed3x1, fixed1x1) or      : fixed2x4 mul(fixed2x4, fixed4x4) or      : fixed2x3 mul(fixed2x4, fixed4x3) or      : fixed2x2 mul(fixed2x4, fixed4x2) or      : fixed2x1 mul(fixed2x4, fixed4x1) or      : fixed2x4 mul(fixed2x3, fixed3x4) or      : fixed2x3 mul(fixed2x3, fixed3x3) or      : fixed2x2 mul(fixed2x3, fixed3x2) or      : fixed2x1 mul(fixed2x3, fixed3x1) or      : fixed2x4 mul(fixed2x2, fixed2x4) or      : fixed2x3 mul(fixed2x2, fixed2x3) or      : fixed2x2 mul(fixed2x2, fixed2x2) or      : fixed2x1 mul(fixed2x2, fixed2x1) or      : fixed2x4 mul(fixed2x1, fixed1x4) or      : fixed2x3 mul(fixed2x1, fixed1x3) or      : fixed2x2 mul(fixed2x1, fixed1x2) or      : fixed2x1 mul(fixed2x1, fixed1x1) or      : fixed1x4 mul(fixed1x4, fixed4x4) or      : fixed1x3 mul(fixed1x4, fixed4x3) or      : fixed1x2 mul(fixed1x4, fixed4x2) or      : fixed1x1 mul(fixed1x4, fixed4x1) or      : fixed1x4 mul(fixed1x3, fixed3x4) or      : fixed1x3 mul(fixed1x3, fixed3x3) or      : fixed1x2 mul(fixed1x3, fixed3x2) or      : fixed1x1 mul(fixed1x3, fixed3x1) or      : fixed1x4 mul(fixed1x2, fixed2x4) or      : fixed1x3 mul(fixed1x2, fixed2x3) or      : fixed1x2 mul(fixed1x2, fixed2x2) or      : fixed1x1 mul(fixed1x2, fixed2x1) or      : fixed1x4 mul(fixed1x1, fixed1x4) or      : fixed1x3 mul(fixed1x1, fixed1x3) or      : fixed1x2 mul(fixed1x1, fixed1x2) or      : fixed1x1 mul(fixed1x1, fixed1x1) or      : half4x4 mul(half4x4, half4x4) or      : half4x3 mul(half4x4, half4x3) or      : half4x2 mul(half4x4, half4x2) or      : half4x1 mul(half4x4, half4x1) or      : half4x4 mul(half4x3, half3x4) or      : half4x3 mul(half4x3, half3x3) or      : half4x2 mul(half4x3, half3x2) or      : half4x1 mul(half4x3, half3x1) or      : half4x4 mul(half4x2, half2x4) or      : half4x3 mul(half4x2, half2x3) or      : half4x2 mul(half4x2, half2x2) or      : half4x1 mul(half4x2, half2x1) or      : half4x4 mul(half4x1, half1x4) or      : half4x3 mul(half4x1, half1x3) or      : half4x2 mul(half4x1, half1x2) or      : half4x1 mul(half4x1, half1x1) or      : half3x4 mul(half3x4, half4x4) or      : half3x3 mul(half3x4, half4x3) or      : half3x2 mul(half3x4, half4x2) or      : half3x1 mul(half3x4, half4x1) or      : half3x4 mul(half3x3, half3x4) or      : half3x3 mul(half3x3, half3x3) or      : half3x2 mul(half3x3, half3x2) or      : half3x1 mul(half3x3, half3x1) or      : half3x4 mul(half3x2, half2x4) or      : half3x3 mul(half3x2, half2x3) or      : half3x2 mul(half3x2, half2x2) or      : half3x1 mul(half3x2, half2x1) or      : half3x4 mul(half3x1, half1x4) or      : half3x3 mul(half3x1, half1x3) or      : half3x2 mul(half3x1, half1x2) or      : half3x1 mul(half3x1, half1x1) or      : half2x4 mul(half2x4, half4x4) or      : half2x3 mul(half2x4, half4x3) or      : half2x2 mul(half2x4, half4x2) or      : half2x1 mul(half2x4, half4x1) or      : half2x4 mul(half2x3, half3x4) or      : half2x3 mul(half2x3, half3x3) or      : half2x2 mul(half2x3, half3x2) or      : half2x1 mul(half2x3, half3x1) or      : half2x4 mul(half2x2, half2x4) or      : half2x3 mul(half2x2, half2x3) or      : half2x2 mul(half2x2, half2x2) or      : half2x1 mul(half2x2, half2x1) or      : half2x4 mul(half2x1, half1x4) or      : half2x3 mul(half2x1, half1x3) or      : half2x2 mul(half2x1, half1x2) or      : half2x1 mul(half2x1, half1x1) or      : half1x4 mul(half1x4, half4x4) or      : half1x3 mul(half1x4, half4x3) or      : half1x2 mul(half1x4, half4x2) or      : half1x1 mul(half1x4, half4x1) or      : half1x4 mul(half1x3, half3x4) or      : half1x3 mul(half1x3, half3x3) or      : half1x2 mul(half1x3, half3x2) or      : half1x1 mul(half1x3, half3x1) or      : half1x4 mul(half1x2, half2x4) or      : half1x3 mul(half1x2, half2x3) or      : half1x2 mul(half1x2, half2x2) or      : half1x1 mul(half1x2, half2x1) or      : half1x4 mul(half1x1, half1x4) or      : half1x3 mul(half1x1, half1x3) or      : half1x2 mul(half1x1, half1x2) or      : half1x1 mul(half1x1, half1x1) or      : float4x4 mul(float4x4, float4x4) or      : float4x3 mul(float4x4, float4x3) or      : float4x2 mul(float4x4, float4x2) or      : float4x1 mul(float4x4, float4x1) or      : float4x4 mul(float4x3, float3x4) or      : float4x3 mul(float4x3, float3x3) or      : float4x2 mul(float4x3, float3x2) or      : float4x1 mul(float4x3, float3x1) or      : float4x4 mul(float4x2, float2x4) or      : float4x3 mul(float4x2, float2x3) or      : float4x2 mul(float4x2, float2x2) or      : float4x1 mul(float4x2, float2x1) or      : float4x4 mul(float4x1, float1x4) or      : float4x3 mul(float4x1, float1x3) or      : float4x2 mul(float4x1, float1x2) or      : float4x1 mul(float4x1, float1x1) or      : float3x4 mul(float3x4, float4x4) or      : float3x3 mul(float3x4, float4x3) or      : float3x2 mul(float3x4, float4x2) or      : float3x1 mul(float3x4, float4x1) or      : float3x4 mul(float3x3, float3x4) or      : float3x3 mul(float3x3, float3x3) or      : float3x2 mul(float3x3, float3x2) or      : float3x1 mul(float3x3, float3x1) or      : float3x4 mul(float3x2, float2x4) or      : float3x3 mul(float3x2, float2x3) or      : float3x2 mul(float3x2, float2x2) or      : float3x1 mul(float3x2, float2x1) or      : float3x4 mul(float3x1, float1x4) or      : float3x3 mul(float3x1, float1x3) or      : float3x2 mul(float3x1, float1x2) or      : float3x1 mul(float3x1, float1x1) or      : float2x4 mul(float2x4, float4x4) or      : float2x3 mul(float2x4, float4x3) or      : float2x2 mul(float2x4, float4x2) or      : float2x1 mul(float2x4, float4x1) or      : float2x4 mul(float2x3, float3x4) or      : float2x3 mul(float2x3, float3x3) or      : float2x2 mul(float2x3, float3x2) or      : float2x1 mul(float2x3, float3x1) or      : float2x4 mul(float2x2, float2x4) or      : float2x3 mul(float2x2, float2x3) or      : float2x2 mul(float2x2, float2x2) or      : float2x1 mul(float2x2, float2x1) or      : float2x4 mul(float2x1, float1x4) or      : float2x3 mul(float2x1, float1x3) or      : float2x2 mul(float2x1, float1x2) or      : float2x1 mul(float2x1, float1x1) or      : float1x4 mul(float1x4, float4x4) or      : float1x3 mul(float1x4, float4x3) or      : float1x2 mul(float1x4, float4x2) or      : float1x1 mul(float1x4, float4x1) or      : float1x4 mul(float1x3, float3x4) or      : float1x3 mul(float1x3, float3x3) or      : float1x2 mul(float1x3, float3x2) or      : float1x1 mul(float1x3, float3x1) or      : float1x4 mul(float1x2, float2x4) or      : float1x3 mul(float1x2, float2x3) or      : float1x2 mul(float1x2, float2x2) or      : float1x1 mul(float1x2, float2x1) or      : float1x4 mul(float1x1, float1x4) or      : float1x3 mul(float1x1, float1x3) or      : float1x2 mul(float1x1, float1x2) or      : float1x1 mul(float1x1, float1x1) or      : fixed mul(fixed, fixed1x1) or      : fixed mul(fixed2, fixed2x1) or      : fixed mul(fixed3, fixed3x1) or      : fixed mul(fixed4, fixed4x1) or      : fixed2 mul(fixed, fixed1x2) or      : fixed2 mul(fixed2, fixed2x2) or      : fixed2 mul(fixed3, fixed3x2) or      : fixed2 mul(fixed4, fixed4x2) or      : fixed3 mul(fixed, fixed1x3) or      : fixed3 mul(fixed2, fixed2x3) or      : fixed3 mul(fixed3, fixed3x3) or      : fixed3 mul(fixed4, fixed4x3) or      : fixed4 mul(fixed, fixed1x4) or      : fixed4 mul(fixed2, fixed2x4) or      : fixed4 mul(fixed3, fixed3x4) or      : fixed4 mul(fixed4, fixed4x4) or      : half mul(half, half1x1) or      : half mul(half2, half2x1) or      : half mul(half3, half3x1) or      : half mul(half4, half4x1) or      : half2 mul(half, half1x2) or      : half2 mul(half2, half2x2) or      : half2 mul(half3, half3x2) or      : half2 mul(half4, half4x2) or      : half3 mul(half, half1x3) or      : half3 mul(half2, half2x3) or      : half3 mul(half3, half3x3) or      : half3 mul(half4, half4x3) or      : half4 mul(half, half1x4) or      : half4 mul(half2, half2x4) or      : half4 mul(half3, half3x4) or      : half4 mul(half4, half4x4) or      : float mul(float, float1x1) or      : float mul(float2, float2x1) or      : float mul(float3, float3x1) or      : float mul(float4, float4x1) or      : float2 mul(float, float1x2) or      : float2 mul(float2, float2x2) or      : float2 mul(float3, float3x2) or      : float2 mul(float4, float4x2) or      : float3 mul(float, float1x3) or      : float3 mul(float2, float2x3) or      : float3 mul(float3, float3x3) or      : float3 mul(float4, float4x3) or      : float4 mul(float, float1x4) or      : float4 mul(float2, float2x4) or      : float4 mul(float3, float3x4) or      : float4 mul(float4, float4x4) or      : fixed mul(fixed1x1, fixed) or      : fixed mul(fixed1x2, fixed2) or      : fixed mul(fixed1x3, fixed3) or      : fixed mul(fixed1x4, fixed4) or      : fixed2 mul(fixed2x1, fixed) or      : fixed2 mul(fixed2x2, fixed2) or      : fixed2 mul(fixed2x3, fixed3) or      : fixed2 mul(fixed2x4, fixed4) or      : fixed3 mul(fixed3x1, fixed) or      : fixed3 mul(fixed3x2, fixed2) or      : fixed3 mul(fixed3x3, fixed3) or      : fixed3 mul(fixed3x4, fixed4) or      : fixed4 mul(fixed4x1, fixed) or      : fixed4 mul(fixed4x2, fixed2) or      : fixed4 mul(fixed4x3, fixed3) or      : fixed4 mul(fixed4x4, fixed4) or      : half mul(half1x1, half) or      : half mul(half1x2, half2) or      : half mul(half1x3, half3) or      : half mul(half1x4, half4) or      : half2 mul(half2x1, half) or      : half2 mul(half2x2, half2) or      : half2 mul(half2x3, half3) or      : half2 mul(half2x4, half4) or      : half3 mul(half3x1, half) or      : half3 mul(half3x2, half2) or      : half3 mul(half3x3, half3) or      : half3 mul(half3x4, half4) or      : half4 mul(half4x1, half) or      : half4 mul(half4x2, half2) or      : half4 mul(half4x3, half3) or      : half4 mul(half4x4, half4) or      : float mul(float1x1, float) or      : float mul(float1x2, float2) or      : float mul(float1x3, float3) or      : float mul(float1x4, float4) or      : float2 mul(float2x1, float) or      : float2 mul(float2x2, float2) or      : float2 mul(float2x3, float3) or      : float2 mul(float2x4, float4) or      : float3 mul(float3x1, float) or      : float3 mul(float3x2, float2) or      : float3 mul(float3x3, float3) or      : float3 mul(float3x4, float4) or      : float4 mul(float4x1, float) or      : float4 mul(float4x2, float2) or      : float4 mul(float4x3, float3) or      : float4 mul(float4x4, float4)\nCompiling Vertex program with UNITY_PASS_FORWARDADD SPOT SHADOWS_DEPTH SHADOWS_SHADOWMASK
Platform defines: UNITY_ENABLE_REFLECTION_BUFFERS UNITY_NO_SCREENSPACE_SHADOWS UNITY_PBS_USE_BRDF3 UNITY_SPECCUBE_BOX_PROJECTION SHADER_API_MOBILE UNITY_COLORSPACE_GAMMA UNITY_LIGHTMAP_RGBM_ENCODING
  error: 1 plat 10 at (262): Program 'vert', implicit cast from 'float4' to 'float3'\nCompiling Vertex program with UNITY_PASS_FORWARDADD SPOT SHADOWS_DEPTH SHADOWS_SHADOWMASK
Platform defines: UNITY_ENABLE_REFLECTION_BUFFERS UNITY_NO_SCREENSPACE_SHADOWS UNITY_PBS_USE_BRDF3 UNITY_SPECCUBE_BOX_PROJECTION SHADER_API_MOBILE UNITY_COLORSPACE_GAMMA UNITY_LIGHTMAP_RGBM_ENCODING
  error: 1 plat 10 at (301): Program 'vert', assignment causes implicit cast from 'float' to 'half'\nCompiling Vertex program with UNITY_PASS_FORWARDADD SPOT SHADOWS_DEPTH SHADOWS_SHADOWMASK
Platform defines: UNITY_ENABLE_REFLECTION_BUFFERS UNITY_NO_SCREENSPACE_SHADOWS UNITY_PBS_USE_BRDF3 UNITY_SPECCUBE_BOX_PROJECTION SHADER_API_MOBILE UNITY_COLORSPACE_GAMMA UNITY_LIGHTMAP_RGBM_ENCODING
  api=10 type=0 insize=4915 outsize=0 kw=UNITY_PASS_FORWARDADD SPOT SHADOWS_DEPTH SHADOWS_SHADOWMASK pd=UNITY_ENABLE_REFLECTION_BUFFERS UNITY_NO_SCREENSPACE_SHADOWS UNITY_PBS_USE_BRDF3 UNITY_SPECCUBE_BOX_PROJECTION SHADER_API_MOBILE UNITY_COLORSPACE_GAMMA UNITY_LIGHTMAP_RGBM_ENCODING ok=0
Cmd: compileSnippet
  error: 1 plat 10 at (20): Program 'vert', previous declaration is here\nCompiling Vertex program with UNITY_PASS_FORWARDADD DIRECTIONAL SHADOWS_SCREEN LIGHTMAP_SHADOW_MIXING
Platform defines: UNITY_ENABLE_REFLECTION_BUFFERS UNITY_NO_SCREENSPACE_SHADOWS UNITY_PBS_USE_BRDF3 UNITY_SPECCUBE_BOX_PROJECTION SHADER_API_MOBILE UNITY_COLORSPACE_GAMMA UNITY_LIGHTMAP_RGBM_ENCODING
  error: 1 plat 10 at (26): Program 'vert', implicit cast from 'float4' to 'float3'\nCompiling Vertex program with UNITY_PASS_FORWARDADD DIRECTIONAL SHADOWS_SCREEN LIGHTMAP_SHADOW_MIXING
Platform defines: UNITY_ENABLE_REFLECTION_BUFFERS UNITY_NO_SCREENSPACE_SHADOWS UNITY_PBS_USE_BRDF3 UNITY_SPECCUBE_BOX_PROJECTION SHADER_API_MOBILE UNITY_COLORSPACE_GAMMA UNITY_LIGHTMAP_RGBM_ENCODING
  error: 1 plat 10 at (31): Program 'vert', assignment causes implicit cast from 'float' to 'half'\nCompiling Vertex program with UNITY_PASS_FORWARDADD DIRECTIONAL SHADOWS_SCREEN LIGHTMAP_SHADOW_MIXING
Platform defines: UNITY_ENABLE_REFLECTION_BUFFERS UNITY_NO_SCREENSPACE_SHADOWS UNITY_PBS_USE_BRDF3 UNITY_SPECCUBE_BOX_PROJECTION SHADER_API_MOBILE UNITY_COLORSPACE_GAMMA UNITY_LIGHTMAP_RGBM_ENCODING
  error: 1 plat 10 at (32): Program 'vert', implicit cast from 'float3' to 'float'\nCompiling Vertex program with UNITY_PASS_FORWARDADD DIRECTIONAL SHADOWS_SCREEN LIGHTMAP_SHADOW_MIXING
Platform defines: UNITY_ENABLE_REFLECTION_BUFFERS UNITY_NO_SCREENSPACE_SHADOWS UNITY_PBS_USE_BRDF3 UNITY_SPECCUBE_BOX_PROJECTION SHADER_API_MOBILE UNITY_COLORSPACE_GAMMA UNITY_LIGHTMAP_RGBM_ENCODING
  error: 2 plat 10 at (54): Program 'vert', A value with the identifier '_ShadowMapTexture' has already been declared\nCompiling Vertex program with UNITY_PASS_FORWARDADD DIRECTIONAL SHADOWS_SCREEN LIGHTMAP_SHADOW_MIXING
Platform defines: UNITY_ENABLE_REFLECTION_BUFFERS UNITY_NO_SCREENSPACE_SHADOWS UNITY_PBS_USE_BRDF3 UNITY_SPECCUBE_BOX_PROJECTION SHADER_API_MOBILE UNITY_COLORSPACE_GAMMA UNITY_LIGHTMAP_RGBM_ENCODING
  error: 1 plat 10 at (150): Program 'vert', 'sign' shadows previous declaration\nprevious declaration was builtin:\nCompiling Vertex program with UNITY_PASS_FORWARDADD DIRECTIONAL SHADOWS_SCREEN LIGHTMAP_SHADOW_MIXING
Platform defines: UNITY_ENABLE_REFLECTION_BUFFERS UNITY_NO_SCREENSPACE_SHADOWS UNITY_PBS_USE_BRDF3 UNITY_SPECCUBE_BOX_PROJECTION SHADER_API_MOBILE UNITY_COLORSPACE_GAMMA UNITY_LIGHTMAP_RGBM_ENCODING
  error: 1 plat 10 at (186): Program 'vert', function 'UnityWorldSpaceLightDir' that caused the implict cast was declared here\nCompiling Vertex program with UNITY_PASS_FORWARDADD DIRECTIONAL SHADOWS_SCREEN LIGHTMAP_SHADOW_MIXING
Platform defines: UNITY_ENABLE_REFLECTION_BUFFERS UNITY_NO_SCREENSPACE_SHADOWS UNITY_PBS_USE_BRDF3 UNITY_SPECCUBE_BOX_PROJECTION SHADER_API_MOBILE UNITY_COLORSPACE_GAMMA UNITY_LIGHTMAP_RGBM_ENCODING
  error: 1 plat 10 at (238): Program 'vert', local variable 'metalness' is unreferenced\nCompiling Vertex program with UNITY_PASS_FORWARDADD DIRECTIONAL SHADOWS_SCREEN LIGHTMAP_SHADOW_MIXING
Platform defines: UNITY_ENABLE_REFLECTION_BUFFERS UNITY_NO_SCREENSPACE_SHADOWS UNITY_PBS_USE_BRDF3 UNITY_SPECCUBE_BOX_PROJECTION SHADER_API_MOBILE UNITY_COLORSPACE_GAMMA UNITY_LIGHTMAP_RGBM_ENCODING
  error: 1 plat 10 at (258): Program 'vert', local variable 'lv' is unreferenced\nCompiling Vertex program with UNITY_PASS_FORWARDADD DIRECTIONAL SHADOWS_SCREEN LIGHTMAP_SHADOW_MIXING
Platform defines: UNITY_ENABLE_REFLECTION_BUFFERS UNITY_NO_SCREENSPACE_SHADOWS UNITY_PBS_USE_BRDF3 UNITY_SPECCUBE_BOX_PROJECTION SHADER_API_MOBILE UNITY_COLORSPACE_GAMMA UNITY_LIGHTMAP_RGBM_ENCODING
  error: 2 plat 10 at (262): Program 'vert', incompatible argument list for call to 'mul'. Found 288 possible candidates:\nfunction was called with params: (float3, float4) could be: fixed4x4 mul(fixed4x4, fixed4x4) or      : fixed4x3 mul(fixed4x4, fixed4x3) or      : fixed4x2 mul(fixed4x4, fixed4x2) or      : fixed4x1 mul(fixed4x4, fixed4x1) or      : fixed4x4 mul(fixed4x3, fixed3x4) or      : fixed4x3 mul(fixed4x3, fixed3x3) or      : fixed4x2 mul(fixed4x3, fixed3x2) or      : fixed4x1 mul(fixed4x3, fixed3x1) or      : fixed4x4 mul(fixed4x2, fixed2x4) or      : fixed4x3 mul(fixed4x2, fixed2x3) or      : fixed4x2 mul(fixed4x2, fixed2x2) or      : fixed4x1 mul(fixed4x2, fixed2x1) or      : fixed4x4 mul(fixed4x1, fixed1x4) or      : fixed4x3 mul(fixed4x1, fixed1x3) or      : fixed4x2 mul(fixed4x1, fixed1x2) or      : fixed4x1 mul(fixed4x1, fixed1x1) or      : fixed3x4 mul(fixed3x4, fixed4x4) or      : fixed3x3 mul(fixed3x4, fixed4x3) or      : fixed3x2 mul(fixed3x4, fixed4x2) or      : fixed3x1 mul(fixed3x4, fixed4x1) or      : fixed3x4 mul(fixed3x3, fixed3x4) or      : fixed3x3 mul(fixed3x3, fixed3x3) or      : fixed3x2 mul(fixed3x3, fixed3x2) or      : fixed3x1 mul(fixed3x3, fixed3x1) or      : fixed3x4 mul(fixed3x2, fixed2x4) or      : fixed3x3 mul(fixed3x2, fixed2x3) or      : fixed3x2 mul(fixed3x2, fixed2x2) or      : fixed3x1 mul(fixed3x2, fixed2x1) or      : fixed3x4 mul(fixed3x1, fixed1x4) or      : fixed3x3 mul(fixed3x1, fixed1x3) or      : fixed3x2 mul(fixed3x1, fixed1x2) or      : fixed3x1 mul(fixed3x1, fixed1x1) or      : fixed2x4 mul(fixed2x4, fixed4x4) or      : fixed2x3 mul(fixed2x4, fixed4x3) or      : fixed2x2 mul(fixed2x4, fixed4x2) or      : fixed2x1 mul(fixed2x4, fixed4x1) or      : fixed2x4 mul(fixed2x3, fixed3x4) or      : fixed2x3 mul(fixed2x3, fixed3x3) or      : fixed2x2 mul(fixed2x3, fixed3x2) or      : fixed2x1 mul(fixed2x3, fixed3x1) or      : fixed2x4 mul(fixed2x2, fixed2x4) or      : fixed2x3 mul(fixed2x2, fixed2x3) or      : fixed2x2 mul(fixed2x2, fixed2x2) or      : fixed2x1 mul(fixed2x2, fixed2x1) or      : fixed2x4 mul(fixed2x1, fixed1x4) or      : fixed2x3 mul(fixed2x1, fixed1x3) or      : fixed2x2 mul(fixed2x1, fixed1x2) or      : fixed2x1 mul(fixed2x1, fixed1x1) or      : fixed1x4 mul(fixed1x4, fixed4x4) or      : fixed1x3 mul(fixed1x4, fixed4x3) or      : fixed1x2 mul(fixed1x4, fixed4x2) or      : fixed1x1 mul(fixed1x4, fixed4x1) or      : fixed1x4 mul(fixed1x3, fixed3x4) or      : fixed1x3 mul(fixed1x3, fixed3x3) or      : fixed1x2 mul(fixed1x3, fixed3x2) or      : fixed1x1 mul(fixed1x3, fixed3x1) or      : fixed1x4 mul(fixed1x2, fixed2x4) or      : fixed1x3 mul(fixed1x2, fixed2x3) or      : fixed1x2 mul(fixed1x2, fixed2x2) or      : fixed1x1 mul(fixed1x2, fixed2x1) or      : fixed1x4 mul(fixed1x1, fixed1x4) or      : fixed1x3 mul(fixed1x1, fixed1x3) or      : fixed1x2 mul(fixed1x1, fixed1x2) or      : fixed1x1 mul(fixed1x1, fixed1x1) or      : half4x4 mul(half4x4, half4x4) or      : half4x3 mul(half4x4, half4x3) or      : half4x2 mul(half4x4, half4x2) or      : half4x1 mul(half4x4, half4x1) or      : half4x4 mul(half4x3, half3x4) or      : half4x3 mul(half4x3, half3x3) or      : half4x2 mul(half4x3, half3x2) or      : half4x1 mul(half4x3, half3x1) or      : half4x4 mul(half4x2, half2x4) or      : half4x3 mul(half4x2, half2x3) or      : half4x2 mul(half4x2, half2x2) or      : half4x1 mul(half4x2, half2x1) or      : half4x4 mul(half4x1, half1x4) or      : half4x3 mul(half4x1, half1x3) or      : half4x2 mul(half4x1, half1x2) or      : half4x1 mul(half4x1, half1x1) or      : half3x4 mul(half3x4, half4x4) or      : half3x3 mul(half3x4, half4x3) or      : half3x2 mul(half3x4, half4x2) or      : half3x1 mul(half3x4, half4x1) or      : half3x4 mul(half3x3, half3x4) or      : half3x3 mul(half3x3, half3x3) or      : half3x2 mul(half3x3, half3x2) or      : half3x1 mul(half3x3, half3x1) or      : half3x4 mul(half3x2, half2x4) or      : half3x3 mul(half3x2, half2x3) or      : half3x2 mul(half3x2, half2x2) or      : half3x1 mul(half3x2, half2x1) or      : half3x4 mul(half3x1, half1x4) or      : half3x3 mul(half3x1, half1x3) or      : half3x2 mul(half3x1, half1x2) or      : half3x1 mul(half3x1, half1x1) or      : half2x4 mul(half2x4, half4x4) or      : half2x3 mul(half2x4, half4x3) or      : half2x2 mul(half2x4, half4x2) or      : half2x1 mul(half2x4, half4x1) or      : half2x4 mul(half2x3, half3x4) or      : half2x3 mul(half2x3, half3x3) or      : half2x2 mul(half2x3, half3x2) or      : half2x1 mul(half2x3, half3x1) or      : half2x4 mul(half2x2, half2x4) or      : half2x3 mul(half2x2, half2x3) or      : half2x2 mul(half2x2, half2x2) or      : half2x1 mul(half2x2, half2x1) or      : half2x4 mul(half2x1, half1x4) or      : half2x3 mul(half2x1, half1x3) or      : half2x2 mul(half2x1, half1x2) or      : half2x1 mul(half2x1, half1x1) or      : half1x4 mul(half1x4, half4x4) or      : half1x3 mul(half1x4, half4x3) or      : half1x2 mul(half1x4, half4x2) or      : half1x1 mul(half1x4, half4x1) or      : half1x4 mul(half1x3, half3x4) or      : half1x3 mul(half1x3, half3x3) or      : half1x2 mul(half1x3, half3x2) or      : half1x1 mul(half1x3, half3x1) or      : half1x4 mul(half1x2, half2x4) or      : half1x3 mul(half1x2, half2x3) or      : half1x2 mul(half1x2, half2x2) or      : half1x1 mul(half1x2, half2x1) or      : half1x4 mul(half1x1, half1x4) or      : half1x3 mul(half1x1, half1x3) or      : half1x2 mul(half1x1, half1x2) or      : half1x1 mul(half1x1, half1x1) or      : float4x4 mul(float4x4, float4x4) or      : float4x3 mul(float4x4, float4x3) or      : float4x2 mul(float4x4, float4x2) or      : float4x1 mul(float4x4, float4x1) or      : float4x4 mul(float4x3, float3x4) or      : float4x3 mul(float4x3, float3x3) or      : float4x2 mul(float4x3, float3x2) or      : float4x1 mul(float4x3, float3x1) or      : float4x4 mul(float4x2, float2x4) or      : float4x3 mul(float4x2, float2x3) or      : float4x2 mul(float4x2, float2x2) or      : float4x1 mul(float4x2, float2x1) or      : float4x4 mul(float4x1, float1x4) or      : float4x3 mul(float4x1, float1x3) or      : float4x2 mul(float4x1, float1x2) or      : float4x1 mul(float4x1, float1x1) or      : float3x4 mul(float3x4, float4x4) or      : float3x3 mul(float3x4, float4x3) or      : float3x2 mul(float3x4, float4x2) or      : float3x1 mul(float3x4, float4x1) or      : float3x4 mul(float3x3, float3x4) or      : float3x3 mul(float3x3, float3x3) or      : float3x2 mul(float3x3, float3x2) or      : float3x1 mul(float3x3, float3x1) or      : float3x4 mul(float3x2, float2x4) or      : float3x3 mul(float3x2, float2x3) or      : float3x2 mul(float3x2, float2x2) or      : float3x1 mul(float3x2, float2x1) or      : float3x4 mul(float3x1, float1x4) or      : float3x3 mul(float3x1, float1x3) or      : float3x2 mul(float3x1, float1x2) or      : float3x1 mul(float3x1, float1x1) or      : float2x4 mul(float2x4, float4x4) or      : float2x3 mul(float2x4, float4x3) or      : float2x2 mul(float2x4, float4x2) or      : float2x1 mul(float2x4, float4x1) or      : float2x4 mul(float2x3, float3x4) or      : float2x3 mul(float2x3, float3x3) or      : float2x2 mul(float2x3, float3x2) or      : float2x1 mul(float2x3, float3x1) or      : float2x4 mul(float2x2, float2x4) or      : float2x3 mul(float2x2, float2x3) or      : float2x2 mul(float2x2, float2x2) or      : float2x1 mul(float2x2, float2x1) or      : float2x4 mul(float2x1, float1x4) or      : float2x3 mul(float2x1, float1x3) or      : float2x2 mul(float2x1, float1x2) or      : float2x1 mul(float2x1, float1x1) or      : float1x4 mul(float1x4, float4x4) or      : float1x3 mul(float1x4, float4x3) or      : float1x2 mul(float1x4, float4x2) or      : float1x1 mul(float1x4, float4x1) or      : float1x4 mul(float1x3, float3x4) or      : float1x3 mul(float1x3, float3x3) or      : float1x2 mul(float1x3, float3x2) or      : float1x1 mul(float1x3, float3x1) or      : float1x4 mul(float1x2, float2x4) or      : float1x3 mul(float1x2, float2x3) or      : float1x2 mul(float1x2, float2x2) or      : float1x1 mul(float1x2, float2x1) or      : float1x4 mul(float1x1, float1x4) or      : float1x3 mul(float1x1, float1x3) or      : float1x2 mul(float1x1, float1x2) or      : float1x1 mul(float1x1, float1x1) or      : fixed mul(fixed, fixed1x1) or      : fixed mul(fixed2, fixed2x1) or      : fixed mul(fixed3, fixed3x1) or      : fixed mul(fixed4, fixed4x1) or      : fixed2 mul(fixed, fixed1x2) or      : fixed2 mul(fixed2, fixed2x2) or      : fixed2 mul(fixed3, fixed3x2) or      : fixed2 mul(fixed4, fixed4x2) or      : fixed3 mul(fixed, fixed1x3) or      : fixed3 mul(fixed2, fixed2x3) or      : fixed3 mul(fixed3, fixed3x3) or      : fixed3 mul(fixed4, fixed4x3) or      : fixed4 mul(fixed, fixed1x4) or      : fixed4 mul(fixed2, fixed2x4) or      : fixed4 mul(fixed3, fixed3x4) or      : fixed4 mul(fixed4, fixed4x4) or      : half mul(half, half1x1) or      : half mul(half2, half2x1) or      : half mul(half3, half3x1) or      : half mul(half4, half4x1) or      : half2 mul(half, half1x2) or      : half2 mul(half2, half2x2) or      : half2 mul(half3, half3x2) or      : half2 mul(half4, half4x2) or      : half3 mul(half, half1x3) or      : half3 mul(half2, half2x3) or      : half3 mul(half3, half3x3) or      : half3 mul(half4, half4x3) or      : half4 mul(half, half1x4) or      : half4 mul(half2, half2x4) or      : half4 mul(half3, half3x4) or      : half4 mul(half4, half4x4) or      : float mul(float, float1x1) or      : float mul(float2, float2x1) or      : float mul(float3, float3x1) or      : float mul(float4, float4x1) or      : float2 mul(float, float1x2) or      : float2 mul(float2, float2x2) or      : float2 mul(float3, float3x2) or      : float2 mul(float4, float4x2) or      : float3 mul(float, float1x3) or      : float3 mul(float2, float2x3) or      : float3 mul(float3, float3x3) or      : float3 mul(float4, float4x3) or      : float4 mul(float, float1x4) or      : float4 mul(float2, float2x4) or      : float4 mul(float3, float3x4) or      : float4 mul(float4, float4x4) or      : fixed mul(fixed1x1, fixed) or      : fixed mul(fixed1x2, fixed2) or      : fixed mul(fixed1x3, fixed3) or      : fixed mul(fixed1x4, fixed4) or      : fixed2 mul(fixed2x1, fixed) or      : fixed2 mul(fixed2x2, fixed2) or      : fixed2 mul(fixed2x3, fixed3) or      : fixed2 mul(fixed2x4, fixed4) or      : fixed3 mul(fixed3x1, fixed) or      : fixed3 mul(fixed3x2, fixed2) or      : fixed3 mul(fixed3x3, fixed3) or      : fixed3 mul(fixed3x4, fixed4) or      : fixed4 mul(fixed4x1, fixed) or      : fixed4 mul(fixed4x2, fixed2) or      : fixed4 mul(fixed4x3, fixed3) or      : fixed4 mul(fixed4x4, fixed4) or      : half mul(half1x1, half) or      : half mul(half1x2, half2) or      : half mul(half1x3, half3) or      : half mul(half1x4, half4) or      : half2 mul(half2x1, half) or      : half2 mul(half2x2, half2) or      : half2 mul(half2x3, half3) or      : half2 mul(half2x4, half4) or      : half3 mul(half3x1, half) or      : half3 mul(half3x2, half2) or      : half3 mul(half3x3, half3) or      : half3 mul(half3x4, half4) or      : half4 mul(half4x1, half) or      : half4 mul(half4x2, half2) or      : half4 mul(half4x3, half3) or      : half4 mul(half4x4, half4) or      : float mul(float1x1, float) or      : float mul(float1x2, float2) or      : float mul(float1x3, float3) or      : float mul(float1x4, float4) or      : float2 mul(float2x1, float) or      : float2 mul(float2x2, float2) or      : float2 mul(float2x3, float3) or      : float2 mul(float2x4, float4) or      : float3 mul(float3x1, float) or      : float3 mul(float3x2, float2) or      : float3 mul(float3x3, float3) or      : float3 mul(float3x4, float4) or      : float4 mul(float4x1, float) or      : float4 mul(float4x2, float2) or      : float4 mul(float4x3, float3) or      : float4 mul(float4x4, float4)\nCompiling Vertex program with UNITY_PASS_FORWARDADD DIRECTIONAL SHADOWS_SCREEN LIGHTMAP_SHADOW_MIXING
Platform defines: UNITY_ENABLE_REFLECTION_BUFFERS UNITY_NO_SCREENSPACE_SHADOWS UNITY_PBS_USE_BRDF3 UNITY_SPECCUBE_BOX_PROJECTION SHADER_API_MOBILE UNITY_COLORSPACE_GAMMA UNITY_LIGHTMAP_RGBM_ENCODING
  error: 1 plat 10 at (262): Program 'vert', implicit cast from 'float4' to 'float3'\nCompiling Vertex program with UNITY_PASS_FORWARDADD DIRECTIONAL SHADOWS_SCREEN LIGHTMAP_SHADOW_MIXING
Platform defines: UNITY_ENABLE_REFLECTION_BUFFERS UNITY_NO_SCREENSPACE_SHADOWS UNITY_PBS_USE_BRDF3 UNITY_SPECCUBE_BOX_PROJECTION SHADER_API_MOBILE UNITY_COLORSPACE_GAMMA UNITY_LIGHTMAP_RGBM_ENCODING
  error: 1 plat 10 at (301): Program 'vert', assignment causes implicit cast from 'float' to 'half'\nCompiling Vertex program with UNITY_PASS_FORWARDADD DIRECTIONAL SHADOWS_SCREEN LIGHTMAP_SHADOW_MIXING
Platform defines: UNITY_ENABLE_REFLECTION_BUFFERS UNITY_NO_SCREENSPACE_SHADOWS UNITY_PBS_USE_BRDF3 UNITY_SPECCUBE_BOX_PROJECTION SHADER_API_MOBILE UNITY_COLORSPACE_GAMMA UNITY_LIGHTMAP_RGBM_ENCODING
  api=10 type=0 insize=4915 outsize=0 kw=UNITY_PASS_FORWARDADD DIRECTIONAL SHADOWS_SCREEN LIGHTMAP_SHADOW_MIXING pd=UNITY_ENABLE_REFLECTION_BUFFERS UNITY_NO_SCREENSPACE_SHADOWS UNITY_PBS_USE_BRDF3 UNITY_SPECCUBE_BOX_PROJECTION SHADER_API_MOBILE UNITY_COLORSPACE_GAMMA UNITY_LIGHTMAP_RGBM_ENCODING ok=0
Cmd: compileSnippet
  error: 1 plat 10 at (26): Program 'fragAdd', implicit cast from 'float4' to 'float3'\nCompiling Fragment program with UNITY_PASS_FORWARDADD SPOT SHADOWS_DEPTH
Platform defines: UNITY_ENABLE_REFLECTION_BUFFERS UNITY_NO_SCREENSPACE_SHADOWS UNITY_PBS_USE_BRDF3 UNITY_SPECCUBE_BOX_PROJECTION SHADER_API_MOBILE UNITY_COLORSPACE_GAMMA UNITY_LIGHTMAP_RGBM_ENCODING
  error: 1 plat 10 at (31): Program 'fragAdd', assignment causes implicit cast from 'float' to 'half'\nCompiling Fragment program with UNITY_PASS_FORWARDADD SPOT SHADOWS_DEPTH
Platform defines: UNITY_ENABLE_REFLECTION_BUFFERS UNITY_NO_SCREENSPACE_SHADOWS UNITY_PBS_USE_BRDF3 UNITY_SPECCUBE_BOX_PROJECTION SHADER_API_MOBILE UNITY_COLORSPACE_GAMMA UNITY_LIGHTMAP_RGBM_ENCODING
  error: 1 plat 10 at (32): Program 'fragAdd', implicit cast from 'float3' to 'float'\nCompiling Fragment program with UNITY_PASS_FORWARDADD SPOT SHADOWS_DEPTH
Platform defines: UNITY_ENABLE_REFLECTION_BUFFERS UNITY_NO_SCREENSPACE_SHADOWS UNITY_PBS_USE_BRDF3 UNITY_SPECCUBE_BOX_PROJECTION SHADER_API_MOBILE UNITY_COLORSPACE_GAMMA UNITY_LIGHTMAP_RGBM_ENCODING
  error: 2 plat 10 at (44): Program 'fragAdd', A value with the identifier 'unity_WorldToLight' has already been declared\nCompiling Fragment program with UNITY_PASS_FORWARDADD SPOT SHADOWS_DEPTH
Platform defines: UNITY_ENABLE_REFLECTION_BUFFERS UNITY_NO_SCREENSPACE_SHADOWS UNITY_PBS_USE_BRDF3 UNITY_SPECCUBE_BOX_PROJECTION SHADER_API_MOBILE UNITY_COLORSPACE_GAMMA UNITY_LIGHTMAP_RGBM_ENCODING
  error: 2 plat 10 at (45): Program 'fragAdd', A value with the identifier '_LightTextureB0' has already been declared\nCompiling Fragment program with UNITY_PASS_FORWARDADD SPOT SHADOWS_DEPTH
Platform defines: UNITY_ENABLE_REFLECTION_BUFFERS UNITY_NO_SCREENSPACE_SHADOWS UNITY_PBS_USE_BRDF3 UNITY_SPECCUBE_BOX_PROJECTION SHADER_API_MOBILE UNITY_COLORSPACE_GAMMA UNITY_LIGHTMAP_RGBM_ENCODING
  error: 2 plat 10 at (50): Program 'fragAdd', A value with the identifier '_LightTexture0' has already been declared\nCompiling Fragment program with UNITY_PASS_FORWARDADD SPOT SHADOWS_DEPTH
Platform defines: UNITY_ENABLE_REFLECTION_BUFFERS UNITY_NO_SCREENSPACE_SHADOWS UNITY_PBS_USE_BRDF3 UNITY_SPECCUBE_BOX_PROJECTION SHADER_API_MOBILE UNITY_COLORSPACE_GAMMA UNITY_LIGHTMAP_RGBM_ENCODING
  error: 1 plat 10 at (76): Program 'fragAdd', implicit cast from 'half4' to 'half'\nCompiling Fragment program with UNITY_PASS_FORWARDADD SPOT SHADOWS_DEPTH
Platform defines: UNITY_ENABLE_REFLECTION_BUFFERS UNITY_NO_SCREENSPACE_SHADOWS UNITY_PBS_USE_BRDF3 UNITY_SPECCUBE_BOX_PROJECTION SHADER_API_MOBILE UNITY_COLORSPACE_GAMMA UNITY_LIGHTMAP_RGBM_ENCODING
  error: 1 plat 10 at (150): Program 'fragAdd', 'sign' shadows previous declaration\nprevious declaration was builtin:\nCompiling Fragment program with UNITY_PASS_FORWARDADD SPOT SHADOWS_DEPTH
Platform defines: UNITY_ENABLE_REFLECTION_BUFFERS UNITY_NO_SCREENSPACE_SHADOWS UNITY_PBS_USE_BRDF3 UNITY_SPECCUBE_BOX_PROJECTION SHADER_API_MOBILE UNITY_COLORSPACE_GAMMA UNITY_LIGHTMAP_RGBM_ENCODING
  error: 1 plat 10 at (174): Program 'fragAdd', previous declaration is here\nCompiling Fragment program with UNITY_PASS_FORWARDADD SPOT SHADOWS_DEPTH
Platform defines: UNITY_ENABLE_REFLECTION_BUFFERS UNITY_NO_SCREENSPACE_SHADOWS UNITY_PBS_USE_BRDF3 UNITY_SPECCUBE_BOX_PROJECTION SHADER_API_MOBILE UNITY_COLORSPACE_GAMMA UNITY_LIGHTMAP_RGBM_ENCODING
  error: 1 plat 10 at (175): Program 'fragAdd', previous declaration is here\nCompiling Fragment program with UNITY_PASS_FORWARDADD SPOT SHADOWS_DEPTH
Platform defines: UNITY_ENABLE_REFLECTION_BUFFERS UNITY_NO_SCREENSPACE_SHADOWS UNITY_PBS_USE_BRDF3 UNITY_SPECCUBE_BOX_PROJECTION SHADER_API_MOBILE UNITY_COLORSPACE_GAMMA UNITY_LIGHTMAP_RGBM_ENCODING
  error: 1 plat 10 at (176): Program 'fragAdd', previous declaration is here\nCompiling Fragment program with UNITY_PASS_FORWARDADD SPOT SHADOWS_DEPTH
Platform defines: UNITY_ENABLE_REFLECTION_BUFFERS UNITY_NO_SCREENSPACE_SHADOWS UNITY_PBS_USE_BRDF3 UNITY_SPECCUBE_BOX_PROJECTION SHADER_API_MOBILE UNITY_COLORSPACE_GAMMA UNITY_LIGHTMAP_RGBM_ENCODING
  error: 1 plat 10 at (180): Program 'fragAdd', local variable 'ambient_contrib' is unreferenced\nCompiling Fragment program with UNITY_PASS_FORWARDADD SPOT SHADOWS_DEPTH
Platform defines: UNITY_ENABLE_REFLECTION_BUFFERS UNITY_NO_SCREENSPACE_SHADOWS UNITY_PBS_USE_BRDF3 UNITY_SPECCUBE_BOX_PROJECTION SHADER_API_MOBILE UNITY_COLORSPACE_GAMMA UNITY_LIGHTMAP_RGBM_ENCODING
  error: 1 plat 10 at (186): Program 'fragAdd', function 'UnityWorldSpaceLightDir' that caused the implict cast was declared here\nCompiling Fragment program with UNITY_PASS_FORWARDADD SPOT SHADOWS_DEPTH
Platform defines: UNITY_ENABLE_REFLECTION_BUFFERS UNITY_NO_SCREENSPACE_SHADOWS UNITY_PBS_USE_BRDF3 UNITY_SPECCUBE_BOX_PROJECTION SHADER_API_MOBILE UNITY_COLORSPACE_GAMMA UNITY_LIGHTMAP_RGBM_ENCODING
  error: 1 plat 10 at (238): Program 'fragAdd', local variable 'metalness' is unreferenced\nCompiling Fragment program with UNITY_PASS_FORWARDADD SPOT SHADOWS_DEPTH
Platform defines: UNITY_ENABLE_REFLECTION_BUFFERS UNITY_NO_SCREENSPACE_SHADOWS UNITY_PBS_USE_BRDF3 UNITY_SPECCUBE_BOX_PROJECTION SHADER_API_MOBILE UNITY_COLORSPACE_GAMMA UNITY_LIGHTMAP_RGBM_ENCODING
  error: 1 plat 10 at (258): Program 'fragAdd', local variable 'lv' is unreferenced\nCompiling Fragment program with UNITY_PASS_FORWARDADD SPOT SHADOWS_DEPTH
Platform defines: UNITY_ENABLE_REFLECTION_BUFFERS UNITY_NO_SCREENSPACE_SHADOWS UNITY_PBS_USE_BRDF3 UNITY_SPECCUBE_BOX_PROJECTION SHADER_API_MOBILE UNITY_COLORSPACE_GAMMA UNITY_LIGHTMAP_RGBM_ENCODING
  error: 2 plat 10 at (262): Program 'fragAdd', incompatible argument list for call to 'mul'. Found 288 possible candidates:\nfunction was called with params: (float3, float4) could be: fixed4x4 mul(fixed4x4, fixed4x4) or      : fixed4x3 mul(fixed4x4, fixed4x3) or      : fixed4x2 mul(fixed4x4, fixed4x2) or      : fixed4x1 mul(fixed4x4, fixed4x1) or      : fixed4x4 mul(fixed4x3, fixed3x4) or      : fixed4x3 mul(fixed4x3, fixed3x3) or      : fixed4x2 mul(fixed4x3, fixed3x2) or      : fixed4x1 mul(fixed4x3, fixed3x1) or      : fixed4x4 mul(fixed4x2, fixed2x4) or      : fixed4x3 mul(fixed4x2, fixed2x3) or      : fixed4x2 mul(fixed4x2, fixed2x2) or      : fixed4x1 mul(fixed4x2, fixed2x1) or      : fixed4x4 mul(fixed4x1, fixed1x4) or      : fixed4x3 mul(fixed4x1, fixed1x3) or      : fixed4x2 mul(fixed4x1, fixed1x2) or      : fixed4x1 mul(fixed4x1, fixed1x1) or      : fixed3x4 mul(fixed3x4, fixed4x4) or      : fixed3x3 mul(fixed3x4, fixed4x3) or      : fixed3x2 mul(fixed3x4, fixed4x2) or      : fixed3x1 mul(fixed3x4, fixed4x1) or      : fixed3x4 mul(fixed3x3, fixed3x4) or      : fixed3x3 mul(fixed3x3, fixed3x3) or      : fixed3x2 mul(fixed3x3, fixed3x2) or      : fixed3x1 mul(fixed3x3, fixed3x1) or      : fixed3x4 mul(fixed3x2, fixed2x4) or      : fixed3x3 mul(fixed3x2, fixed2x3) or      : fixed3x2 mul(fixed3x2, fixed2x2) or      : fixed3x1 mul(fixed3x2, fixed2x1) or      : fixed3x4 mul(fixed3x1, fixed1x4) or      : fixed3x3 mul(fixed3x1, fixed1x3) or      : fixed3x2 mul(fixed3x1, fixed1x2) or      : fixed3x1 mul(fixed3x1, fixed1x1) or      : fixed2x4 mul(fixed2x4, fixed4x4) or      : fixed2x3 mul(fixed2x4, fixed4x3) or      : fixed2x2 mul(fixed2x4, fixed4x2) or      : fixed2x1 mul(fixed2x4, fixed4x1) or      : fixed2x4 mul(fixed2x3, fixed3x4) or      : fixed2x3 mul(fixed2x3, fixed3x3) or      : fixed2x2 mul(fixed2x3, fixed3x2) or      : fixed2x1 mul(fixed2x3, fixed3x1) or      : fixed2x4 mul(fixed2x2, fixed2x4) or      : fixed2x3 mul(fixed2x2, fixed2x3) or      : fixed2x2 mul(fixed2x2, fixed2x2) or      : fixed2x1 mul(fixed2x2, fixed2x1) or      : fixed2x4 mul(fixed2x1, fixed1x4) or      : fixed2x3 mul(fixed2x1, fixed1x3) or      : fixed2x2 mul(fixed2x1, fixed1x2) or      : fixed2x1 mul(fixed2x1, fixed1x1) or      : fixed1x4 mul(fixed1x4, fixed4x4) or      : fixed1x3 mul(fixed1x4, fixed4x3) or      : fixed1x2 mul(fixed1x4, fixed4x2) or      : fixed1x1 mul(fixed1x4, fixed4x1) or      : fixed1x4 mul(fixed1x3, fixed3x4) or      : fixed1x3 mul(fixed1x3, fixed3x3) or      : fixed1x2 mul(fixed1x3, fixed3x2) or      : fixed1x1 mul(fixed1x3, fixed3x1) or      : fixed1x4 mul(fixed1x2, fixed2x4) or      : fixed1x3 mul(fixed1x2, fixed2x3) or      : fixed1x2 mul(fixed1x2, fixed2x2) or      : fixed1x1 mul(fixed1x2, fixed2x1) or      : fixed1x4 mul(fixed1x1, fixed1x4) or      : fixed1x3 mul(fixed1x1, fixed1x3) or      : fixed1x2 mul(fixed1x1, fixed1x2) or      : fixed1x1 mul(fixed1x1, fixed1x1) or      : half4x4 mul(half4x4, half4x4) or      : half4x3 mul(half4x4, half4x3) or      : half4x2 mul(half4x4, half4x2) or      : half4x1 mul(half4x4, half4x1) or      : half4x4 mul(half4x3, half3x4) or      : half4x3 mul(half4x3, half3x3) or      : half4x2 mul(half4x3, half3x2) or      : half4x1 mul(half4x3, half3x1) or      : half4x4 mul(half4x2, half2x4) or      : half4x3 mul(half4x2, half2x3) or      : half4x2 mul(half4x2, half2x2) or      : half4x1 mul(half4x2, half2x1) or      : half4x4 mul(half4x1, half1x4) or      : half4x3 mul(half4x1, half1x3) or      : half4x2 mul(half4x1, half1x2) or      : half4x1 mul(half4x1, half1x1) or      : half3x4 mul(half3x4, half4x4) or      : half3x3 mul(half3x4, half4x3) or      : half3x2 mul(half3x4, half4x2) or      : half3x1 mul(half3x4, half4x1) or      : half3x4 mul(half3x3, half3x4) or      : half3x3 mul(half3x3, half3x3) or      : half3x2 mul(half3x3, half3x2) or      : half3x1 mul(half3x3, half3x1) or      : half3x4 mul(half3x2, half2x4) or      : half3x3 mul(half3x2, half2x3) or      : half3x2 mul(half3x2, half2x2) or      : half3x1 mul(half3x2, half2x1) or      : half3x4 mul(half3x1, half1x4) or      : half3x3 mul(half3x1, half1x3) or      : half3x2 mul(half3x1, half1x2) or      : half3x1 mul(half3x1, half1x1) or      : half2x4 mul(half2x4, half4x4) or      : half2x3 mul(half2x4, half4x3) or      : half2x2 mul(half2x4, half4x2) or      : half2x1 mul(half2x4, half4x1) or      : half2x4 mul(half2x3, half3x4) or      : half2x3 mul(half2x3, half3x3) or      : half2x2 mul(half2x3, half3x2) or      : half2x1 mul(half2x3, half3x1) or      : half2x4 mul(half2x2, half2x4) or      : half2x3 mul(half2x2, half2x3) or      : half2x2 mul(half2x2, half2x2) or      : half2x1 mul(half2x2, half2x1) or      : half2x4 mul(half2x1, half1x4) or      : half2x3 mul(half2x1, half1x3) or      : half2x2 mul(half2x1, half1x2) or      : half2x1 mul(half2x1, half1x1) or      : half1x4 mul(half1x4, half4x4) or      : half1x3 mul(half1x4, half4x3) or      : half1x2 mul(half1x4, half4x2) or      : half1x1 mul(half1x4, half4x1) or      : half1x4 mul(half1x3, half3x4) or      : half1x3 mul(half1x3, half3x3) or      : half1x2 mul(half1x3, half3x2) or      : half1x1 mul(half1x3, half3x1) or      : half1x4 mul(half1x2, half2x4) or      : half1x3 mul(half1x2, half2x3) or      : half1x2 mul(half1x2, half2x2) or      : half1x1 mul(half1x2, half2x1) or      : half1x4 mul(half1x1, half1x4) or      : half1x3 mul(half1x1, half1x3) or      : half1x2 mul(half1x1, half1x2) or      : half1x1 mul(half1x1, half1x1) or      : float4x4 mul(float4x4, float4x4) or      : float4x3 mul(float4x4, float4x3) or      : float4x2 mul(float4x4, float4x2) or      : float4x1 mul(float4x4, float4x1) or      : float4x4 mul(float4x3, float3x4) or      : float4x3 mul(float4x3, float3x3) or      : float4x2 mul(float4x3, float3x2) or      : float4x1 mul(float4x3, float3x1) or      : float4x4 mul(float4x2, float2x4) or      : float4x3 mul(float4x2, float2x3) or      : float4x2 mul(float4x2, float2x2) or      : float4x1 mul(float4x2, float2x1) or      : float4x4 mul(float4x1, float1x4) or      : float4x3 mul(float4x1, float1x3) or      : float4x2 mul(float4x1, float1x2) or      : float4x1 mul(float4x1, float1x1) or      : float3x4 mul(float3x4, float4x4) or      : float3x3 mul(float3x4, float4x3) or      : float3x2 mul(float3x4, float4x2) or      : float3x1 mul(float3x4, float4x1) or      : float3x4 mul(float3x3, float3x4) or      : float3x3 mul(float3x3, float3x3) or      : float3x2 mul(float3x3, float3x2) or      : float3x1 mul(float3x3, float3x1) or      : float3x4 mul(float3x2, float2x4) or      : float3x3 mul(float3x2, float2x3) or      : float3x2 mul(float3x2, float2x2) or      : float3x1 mul(float3x2, float2x1) or      : float3x4 mul(float3x1, float1x4) or      : float3x3 mul(float3x1, float1x3) or      : float3x2 mul(float3x1, float1x2) or      : float3x1 mul(float3x1, float1x1) or      : float2x4 mul(float2x4, float4x4) or      : float2x3 mul(float2x4, float4x3) or      : float2x2 mul(float2x4, float4x2) or      : float2x1 mul(float2x4, float4x1) or      : float2x4 mul(float2x3, float3x4) or      : float2x3 mul(float2x3, float3x3) or      : float2x2 mul(float2x3, float3x2) or      : float2x1 mul(float2x3, float3x1) or      : float2x4 mul(float2x2, float2x4) or      : float2x3 mul(float2x2, float2x3) or      : float2x2 mul(float2x2, float2x2) or      : float2x1 mul(float2x2, float2x1) or      : float2x4 mul(float2x1, float1x4) or      : float2x3 mul(float2x1, float1x3) or      : float2x2 mul(float2x1, float1x2) or      : float2x1 mul(float2x1, float1x1) or      : float1x4 mul(float1x4, float4x4) or      : float1x3 mul(float1x4, float4x3) or      : float1x2 mul(float1x4, float4x2) or      : float1x1 mul(float1x4, float4x1) or      : float1x4 mul(float1x3, float3x4) or      : float1x3 mul(float1x3, float3x3) or      : float1x2 mul(float1x3, float3x2) or      : float1x1 mul(float1x3, float3x1) or      : float1x4 mul(float1x2, float2x4) or      : float1x3 mul(float1x2, float2x3) or      : float1x2 mul(float1x2, float2x2) or      : float1x1 mul(float1x2, float2x1) or      : float1x4 mul(float1x1, float1x4) or      : float1x3 mul(float1x1, float1x3) or      : float1x2 mul(float1x1, float1x2) or      : float1x1 mul(float1x1, float1x1) or      : fixed mul(fixed, fixed1x1) or      : fixed mul(fixed2, fixed2x1) or      : fixed mul(fixed3, fixed3x1) or      : fixed mul(fixed4, fixed4x1) or      : fixed2 mul(fixed, fixed1x2) or      : fixed2 mul(fixed2, fixed2x2) or      : fixed2 mul(fixed3, fixed3x2) or      : fixed2 mul(fixed4, fixed4x2) or      : fixed3 mul(fixed, fixed1x3) or      : fixed3 mul(fixed2, fixed2x3) or      : fixed3 mul(fixed3, fixed3x3) or      : fixed3 mul(fixed4, fixed4x3) or      : fixed4 mul(fixed, fixed1x4) or      : fixed4 mul(fixed2, fixed2x4) or      : fixed4 mul(fixed3, fixed3x4) or      : fixed4 mul(fixed4, fixed4x4) or      : half mul(half, half1x1) or      : half mul(half2, half2x1) or      : half mul(half3, half3x1) or      : half mul(half4, half4x1) or      : half2 mul(half, half1x2) or      : half2 mul(half2, half2x2) or      : half2 mul(half3, half3x2) or      : half2 mul(half4, half4x2) or      : half3 mul(half, half1x3) or      : half3 mul(half2, half2x3) or      : half3 mul(half3, half3x3) or      : half3 mul(half4, half4x3) or      : half4 mul(half, half1x4) or      : half4 mul(half2, half2x4) or      : half4 mul(half3, half3x4) or      : half4 mul(half4, half4x4) or      : float mul(float, float1x1) or      : float mul(float2, float2x1) or      : float mul(float3, float3x1) or      : float mul(float4, float4x1) or      : float2 mul(float, float1x2) or      : float2 mul(float2, float2x2) or      : float2 mul(float3, float3x2) or      : float2 mul(float4, float4x2) or      : float3 mul(float, float1x3) or      : float3 mul(float2, float2x3) or      : float3 mul(float3, float3x3) or      : float3 mul(float4, float4x3) or      : float4 mul(float, float1x4) or      : float4 mul(float2, float2x4) or      : float4 mul(float3, float3x4) or      : float4 mul(float4, float4x4) or      : fixed mul(fixed1x1, fixed) or      : fixed mul(fixed1x2, fixed2) or      : fixed mul(fixed1x3, fixed3) or      : fixed mul(fixed1x4, fixed4) or      : fixed2 mul(fixed2x1, fixed) or      : fixed2 mul(fixed2x2, fixed2) or      : fixed2 mul(fixed2x3, fixed3) or      : fixed2 mul(fixed2x4, fixed4) or      : fixed3 mul(fixed3x1, fixed) or      : fixed3 mul(fixed3x2, fixed2) or      : fixed3 mul(fixed3x3, fixed3) or      : fixed3 mul(fixed3x4, fixed4) or      : fixed4 mul(fixed4x1, fixed) or      : fixed4 mul(fixed4x2, fixed2) or      : fixed4 mul(fixed4x3, fixed3) or      : fixed4 mul(fixed4x4, fixed4) or      : half mul(half1x1, half) or      : half mul(half1x2, half2) or      : half mul(half1x3, half3) or      : half mul(half1x4, half4) or      : half2 mul(half2x1, half) or      : half2 mul(half2x2, half2) or      : half2 mul(half2x3, half3) or      : half2 mul(half2x4, half4) or      : half3 mul(half3x1, half) or      : half3 mul(half3x2, half2) or      : half3 mul(half3x3, half3) or      : half3 mul(half3x4, half4) or      : half4 mul(half4x1, half) or      : half4 mul(half4x2, half2) or      : half4 mul(half4x3, half3) or      : half4 mul(half4x4, half4) or      : float mul(float1x1, float) or      : float mul(float1x2, float2) or      : float mul(float1x3, float3) or      : float mul(float1x4, float4) or      : float2 mul(float2x1, float) or      : float2 mul(float2x2, float2) or      : float2 mul(float2x3, float3) or      : float2 mul(float2x4, float4) or      : float3 mul(float3x1, float) or      : float3 mul(float3x2, float2) or      : float3 mul(float3x3, float3) or      : float3 mul(float3x4, float4) or      : float4 mul(float4x1, float) or      : float4 mul(float4x2, float2) or      : float4 mul(float4x3, float3) or      : float4 mul(float4x4, float4)\nCompiling Fragment program with UNITY_PASS_FORWARDADD SPOT SHADOWS_DEPTH
Platform defines: UNITY_ENABLE_REFLECTION_BUFFERS UNITY_NO_SCREENSPACE_SHADOWS UNITY_PBS_USE_BRDF3 UNITY_SPECCUBE_BOX_PROJECTION SHADER_API_MOBILE UNITY_COLORSPACE_GAMMA UNITY_LIGHTMAP_RGBM_ENCODING
  error: 1 plat 10 at (262): Program 'fragAdd', implicit cast from 'float4' to 'float3'\nCompiling Fragment program with UNITY_PASS_FORWARDADD SPOT SHADOWS_DEPTH
Platform defines: UNITY_ENABLE_REFLECTION_BUFFERS UNITY_NO_SCREENSPACE_SHADOWS UNITY_PBS_USE_BRDF3 UNITY_SPECCUBE_BOX_PROJECTION SHADER_API_MOBILE UNITY_COLORSPACE_GAMMA UNITY_LIGHTMAP_RGBM_ENCODING
  error: 1 plat 10 at (301): Program 'fragAdd', assignment causes implicit cast from 'float' to 'half'\nCompiling Fragment program with UNITY_PASS_FORWARDADD SPOT SHADOWS_DEPTH
Platform defines: UNITY_ENABLE_REFLECTION_BUFFERS UNITY_NO_SCREENSPACE_SHADOWS UNITY_PBS_USE_BRDF3 UNITY_SPECCUBE_BOX_PROJECTION SHADER_API_MOBILE UNITY_COLORSPACE_GAMMA UNITY_LIGHTMAP_RGBM_ENCODING
  api=10 type=1 insize=4915 outsize=0 kw=UNITY_PASS_FORWARDADD SPOT SHADOWS_DEPTH pd=UNITY_ENABLE_REFLECTION_BUFFERS UNITY_NO_SCREENSPACE_SHADOWS UNITY_PBS_USE_BRDF3 UNITY_SPECCUBE_BOX_PROJECTION SHADER_API_MOBILE UNITY_COLORSPACE_GAMMA UNITY_LIGHTMAP_RGBM_ENCODING ok=0
Cmd: compileSnippet
  error: 1 plat 10 at (26): Program 'fragAdd', implicit cast from 'float4' to 'float3'\nCompiling Fragment program with UNITY_PASS_FORWARDADD POINT_COOKIE SHADOWS_CUBE
Platform defines: UNITY_ENABLE_REFLECTION_BUFFERS UNITY_NO_SCREENSPACE_SHADOWS UNITY_PBS_USE_BRDF3 UNITY_SPECCUBE_BOX_PROJECTION SHADER_API_MOBILE UNITY_COLORSPACE_GAMMA UNITY_LIGHTMAP_RGBM_ENCODING
  error: 1 plat 10 at (31): Program 'fragAdd', assignment causes implicit cast from 'float' to 'half'\nCompiling Fragment program with UNITY_PASS_FORWARDADD POINT_COOKIE SHADOWS_CUBE
Platform defines: UNITY_ENABLE_REFLECTION_BUFFERS UNITY_NO_SCREENSPACE_SHADOWS UNITY_PBS_USE_BRDF3 UNITY_SPECCUBE_BOX_PROJECTION SHADER_API_MOBILE UNITY_COLORSPACE_GAMMA UNITY_LIGHTMAP_RGBM_ENCODING
  error: 1 plat 10 at (32): Program 'fragAdd', implicit cast from 'float3' to 'float'\nCompiling Fragment program with UNITY_PASS_FORWARDADD POINT_COOKIE SHADOWS_CUBE
Platform defines: UNITY_ENABLE_REFLECTION_BUFFERS UNITY_NO_SCREENSPACE_SHADOWS UNITY_PBS_USE_BRDF3 UNITY_SPECCUBE_BOX_PROJECTION SHADER_API_MOBILE UNITY_COLORSPACE_GAMMA UNITY_LIGHTMAP_RGBM_ENCODING
  error: 2 plat 10 at (44): Program 'fragAdd', A value with the identifier 'unity_WorldToLight' has already been declared\nCompiling Fragment program with UNITY_PASS_FORWARDADD POINT_COOKIE SHADOWS_CUBE
Platform defines: UNITY_ENABLE_REFLECTION_BUFFERS UNITY_NO_SCREENSPACE_SHADOWS UNITY_PBS_USE_BRDF3 UNITY_SPECCUBE_BOX_PROJECTION SHADER_API_MOBILE UNITY_COLORSPACE_GAMMA UNITY_LIGHTMAP_RGBM_ENCODING
  error: 2 plat 10 at (45): Program 'fragAdd', A value with the identifier '_LightTextureB0' has already been declared\nCompiling Fragment program with UNITY_PASS_FORWARDADD POINT_COOKIE SHADOWS_CUBE
Platform defines: UNITY_ENABLE_REFLECTION_BUFFERS UNITY_NO_SCREENSPACE_SHADOWS UNITY_PBS_USE_BRDF3 UNITY_SPECCUBE_BOX_PROJECTION SHADER_API_MOBILE UNITY_COLORSPACE_GAMMA UNITY_LIGHTMAP_RGBM_ENCODING
  error: 2 plat 10 at (48): Program 'fragAdd', A value with the identifier '_LightTexture0' has already been declared\nCompiling Fragment program with UNITY_PASS_FORWARDADD POINT_COOKIE SHADOWS_CUBE
Platform defines: UNITY_ENABLE_REFLECTION_BUFFERS UNITY_NO_SCREENSPACE_SHADOWS UNITY_PBS_USE_BRDF3 UNITY_SPECCUBE_BOX_PROJECTION SHADER_API_MOBILE UNITY_COLORSPACE_GAMMA UNITY_LIGHTMAP_RGBM_ENCODING
  error: 1 plat 10 at (150): Program 'fragAdd', 'sign' shadows previous declaration\nprevious declaration was builtin:\nCompiling Fragment program with UNITY_PASS_FORWARDADD POINT_COOKIE SHADOWS_CUBE
Platform defines: UNITY_ENABLE_REFLECTION_BUFFERS UNITY_NO_SCREENSPACE_SHADOWS UNITY_PBS_USE_BRDF3 UNITY_SPECCUBE_BOX_PROJECTION SHADER_API_MOBILE UNITY_COLORSPACE_GAMMA UNITY_LIGHTMAP_RGBM_ENCODING
  error: 1 plat 10 at (180): Program 'fragAdd', local variable 'ambient_contrib' is unreferenced\nCompiling Fragment program with UNITY_PASS_FORWARDADD POINT_COOKIE SHADOWS_CUBE
Platform defines: UNITY_ENABLE_REFLECTION_BUFFERS UNITY_NO_SCREENSPACE_SHADOWS UNITY_PBS_USE_BRDF3 UNITY_SPECCUBE_BOX_PROJECTION SHADER_API_MOBILE UNITY_COLORSPACE_GAMMA UNITY_LIGHTMAP_RGBM_ENCODING
  error: 1 plat 10 at (186): Program 'fragAdd', function 'UnityWorldSpaceLightDir' that caused the implict cast was declared here\nCompiling Fragment program with UNITY_PASS_FORWARDADD POINT_COOKIE SHADOWS_CUBE
Platform defines: UNITY_ENABLE_REFLECTION_BUFFERS UNITY_NO_SCREENSPACE_SHADOWS UNITY_PBS_USE_BRDF3 UNITY_SPECCUBE_BOX_PROJECTION SHADER_API_MOBILE UNITY_COLORSPACE_GAMMA UNITY_LIGHTMAP_RGBM_ENCODING
  error: 1 plat 10 at (201): Program 'fragAdd', previous declaration is here\nCompiling Fragment program with UNITY_PASS_FORWARDADD POINT_COOKIE SHADOWS_CUBE
Platform defines: UNITY_ENABLE_REFLECTION_BUFFERS UNITY_NO_SCREENSPACE_SHADOWS UNITY_PBS_USE_BRDF3 UNITY_SPECCUBE_BOX_PROJECTION SHADER_API_MOBILE UNITY_COLORSPACE_GAMMA UNITY_LIGHTMAP_RGBM_ENCODING
  error: 1 plat 10 at (202): Program 'fragAdd', previous declaration is here\nCompiling Fragment program with UNITY_PASS_FORWARDADD POINT_COOKIE SHADOWS_CUBE
Platform defines: UNITY_ENABLE_REFLECTION_BUFFERS UNITY_NO_SCREENSPACE_SHADOWS UNITY_PBS_USE_BRDF3 UNITY_SPECCUBE_BOX_PROJECTION SHADER_API_MOBILE UNITY_COLORSPACE_GAMMA UNITY_LIGHTMAP_RGBM_ENCODING
  error: 1 plat 10 at (203): Program 'fragAdd', previous declaration is here\nCompiling Fragment program with UNITY_PASS_FORWARDADD POINT_COOKIE SHADOWS_CUBE
Platform defines: UNITY_ENABLE_REFLECTION_BUFFERS UNITY_NO_SCREENSPACE_SHADOWS UNITY_PBS_USE_BRDF3 UNITY_SPECCUBE_BOX_PROJECTION SHADER_API_MOBILE UNITY_COLORSPACE_GAMMA UNITY_LIGHTMAP_RGBM_ENCODING
  error: 1 plat 10 at (258): Program 'fragAdd', local variable 'lv' is unreferenced\nCompiling Fragment program with UNITY_PASS_FORWARDADD POINT_COOKIE SHADOWS_CUBE
Platform defines: UNITY_ENABLE_REFLECTION_BUFFERS UNITY_NO_SCREENSPACE_SHADOWS UNITY_PBS_USE_BRDF3 UNITY_SPECCUBE_BOX_PROJECTION SHADER_API_MOBILE UNITY_COLORSPACE_GAMMA UNITY_LIGHTMAP_RGBM_ENCODING
  error: 2 plat 10 at (262): Program 'fragAdd', incompatible argument list for call to 'mul'. Found 288 possible candidates:\nfunction was called with params: (float3, float4) could be: fixed4x4 mul(fixed4x4, fixed4x4) or      : fixed4x3 mul(fixed4x4, fixed4x3) or      : fixed4x2 mul(fixed4x4, fixed4x2) or      : fixed4x1 mul(fixed4x4, fixed4x1) or      : fixed4x4 mul(fixed4x3, fixed3x4) or      : fixed4x3 mul(fixed4x3, fixed3x3) or      : fixed4x2 mul(fixed4x3, fixed3x2) or      : fixed4x1 mul(fixed4x3, fixed3x1) or      : fixed4x4 mul(fixed4x2, fixed2x4) or      : fixed4x3 mul(fixed4x2, fixed2x3) or      : fixed4x2 mul(fixed4x2, fixed2x2) or      : fixed4x1 mul(fixed4x2, fixed2x1) or      : fixed4x4 mul(fixed4x1, fixed1x4) or      : fixed4x3 mul(fixed4x1, fixed1x3) or      : fixed4x2 mul(fixed4x1, fixed1x2) or      : fixed4x1 mul(fixed4x1, fixed1x1) or      : fixed3x4 mul(fixed3x4, fixed4x4) or      : fixed3x3 mul(fixed3x4, fixed4x3) or      : fixed3x2 mul(fixed3x4, fixed4x2) or      : fixed3x1 mul(fixed3x4, fixed4x1) or      : fixed3x4 mul(fixed3x3, fixed3x4) or      : fixed3x3 mul(fixed3x3, fixed3x3) or      : fixed3x2 mul(fixed3x3, fixed3x2) or      : fixed3x1 mul(fixed3x3, fixed3x1) or      : fixed3x4 mul(fixed3x2, fixed2x4) or      : fixed3x3 mul(fixed3x2, fixed2x3) or      : fixed3x2 mul(fixed3x2, fixed2x2) or      : fixed3x1 mul(fixed3x2, fixed2x1) or      : fixed3x4 mul(fixed3x1, fixed1x4) or      : fixed3x3 mul(fixed3x1, fixed1x3) or      : fixed3x2 mul(fixed3x1, fixed1x2) or      : fixed3x1 mul(fixed3x1, fixed1x1) or      : fixed2x4 mul(fixed2x4, fixed4x4) or      : fixed2x3 mul(fixed2x4, fixed4x3) or      : fixed2x2 mul(fixed2x4, fixed4x2) or      : fixed2x1 mul(fixed2x4, fixed4x1) or      : fixed2x4 mul(fixed2x3, fixed3x4) or      : fixed2x3 mul(fixed2x3, fixed3x3) or      : fixed2x2 mul(fixed2x3, fixed3x2) or      : fixed2x1 mul(fixed2x3, fixed3x1) or      : fixed2x4 mul(fixed2x2, fixed2x4) or      : fixed2x3 mul(fixed2x2, fixed2x3) or      : fixed2x2 mul(fixed2x2, fixed2x2) or      : fixed2x1 mul(fixed2x2, fixed2x1) or      : fixed2x4 mul(fixed2x1, fixed1x4) or      : fixed2x3 mul(fixed2x1, fixed1x3) or      : fixed2x2 mul(fixed2x1, fixed1x2) or      : fixed2x1 mul(fixed2x1, fixed1x1) or      : fixed1x4 mul(fixed1x4, fixed4x4) or      : fixed1x3 mul(fixed1x4, fixed4x3) or      : fixed1x2 mul(fixed1x4, fixed4x2) or      : fixed1x1 mul(fixed1x4, fixed4x1) or      : fixed1x4 mul(fixed1x3, fixed3x4) or      : fixed1x3 mul(fixed1x3, fixed3x3) or      : fixed1x2 mul(fixed1x3, fixed3x2) or      : fixed1x1 mul(fixed1x3, fixed3x1) or      : fixed1x4 mul(fixed1x2, fixed2x4) or      : fixed1x3 mul(fixed1x2, fixed2x3) or      : fixed1x2 mul(fixed1x2, fixed2x2) or      : fixed1x1 mul(fixed1x2, fixed2x1) or      : fixed1x4 mul(fixed1x1, fixed1x4) or      : fixed1x3 mul(fixed1x1, fixed1x3) or      : fixed1x2 mul(fixed1x1, fixed1x2) or      : fixed1x1 mul(fixed1x1, fixed1x1) or      : half4x4 mul(half4x4, half4x4) or      : half4x3 mul(half4x4, half4x3) or      : half4x2 mul(half4x4, half4x2) or      : half4x1 mul(half4x4, half4x1) or      : half4x4 mul(half4x3, half3x4) or      : half4x3 mul(half4x3, half3x3) or      : half4x2 mul(half4x3, half3x2) or      : half4x1 mul(half4x3, half3x1) or      : half4x4 mul(half4x2, half2x4) or      : half4x3 mul(half4x2, half2x3) or      : half4x2 mul(half4x2, half2x2) or      : half4x1 mul(half4x2, half2x1) or      : half4x4 mul(half4x1, half1x4) or      : half4x3 mul(half4x1, half1x3) or      : half4x2 mul(half4x1, half1x2) or      : half4x1 mul(half4x1, half1x1) or      : half3x4 mul(half3x4, half4x4) or      : half3x3 mul(half3x4, half4x3) or      : half3x2 mul(half3x4, half4x2) or      : half3x1 mul(half3x4, half4x1) or      : half3x4 mul(half3x3, half3x4) or      : half3x3 mul(half3x3, half3x3) or      : half3x2 mul(half3x3, half3x2) or      : half3x1 mul(half3x3, half3x1) or      : half3x4 mul(half3x2, half2x4) or      : half3x3 mul(half3x2, half2x3) or      : half3x2 mul(half3x2, half2x2) or      : half3x1 mul(half3x2, half2x1) or      : half3x4 mul(half3x1, half1x4) or      : half3x3 mul(half3x1, half1x3) or      : half3x2 mul(half3x1, half1x2) or      : half3x1 mul(half3x1, half1x1) or      : half2x4 mul(half2x4, half4x4) or      : half2x3 mul(half2x4, half4x3) or      : half2x2 mul(half2x4, half4x2) or      : half2x1 mul(half2x4, half4x1) or      : half2x4 mul(half2x3, half3x4) or      : half2x3 mul(half2x3, half3x3) or      : half2x2 mul(half2x3, half3x2) or      : half2x1 mul(half2x3, half3x1) or      : half2x4 mul(half2x2, half2x4) or      : half2x3 mul(half2x2, half2x3) or      : half2x2 mul(half2x2, half2x2) or      : half2x1 mul(half2x2, half2x1) or      : half2x4 mul(half2x1, half1x4) or      : half2x3 mul(half2x1, half1x3) or      : half2x2 mul(half2x1, half1x2) or      : half2x1 mul(half2x1, half1x1) or      : half1x4 mul(half1x4, half4x4) or      : half1x3 mul(half1x4, half4x3) or      : half1x2 mul(half1x4, half4x2) or      : half1x1 mul(half1x4, half4x1) or      : half1x4 mul(half1x3, half3x4) or      : half1x3 mul(half1x3, half3x3) or      : half1x2 mul(half1x3, half3x2) or      : half1x1 mul(half1x3, half3x1) or      : half1x4 mul(half1x2, half2x4) or      : half1x3 mul(half1x2, half2x3) or      : half1x2 mul(half1x2, half2x2) or      : half1x1 mul(half1x2, half2x1) or      : half1x4 mul(half1x1, half1x4) or      : half1x3 mul(half1x1, half1x3) or      : half1x2 mul(half1x1, half1x2) or      : half1x1 mul(half1x1, half1x1) or      : float4x4 mul(float4x4, float4x4) or      : float4x3 mul(float4x4, float4x3) or      : float4x2 mul(float4x4, float4x2) or      : float4x1 mul(float4x4, float4x1) or      : float4x4 mul(float4x3, float3x4) or      : float4x3 mul(float4x3, float3x3) or      : float4x2 mul(float4x3, float3x2) or      : float4x1 mul(float4x3, float3x1) or      : float4x4 mul(float4x2, float2x4) or      : float4x3 mul(float4x2, float2x3) or      : float4x2 mul(float4x2, float2x2) or      : float4x1 mul(float4x2, float2x1) or      : float4x4 mul(float4x1, float1x4) or      : float4x3 mul(float4x1, float1x3) or      : float4x2 mul(float4x1, float1x2) or      : float4x1 mul(float4x1, float1x1) or      : float3x4 mul(float3x4, float4x4) or      : float3x3 mul(float3x4, float4x3) or      : float3x2 mul(float3x4, float4x2) or      : float3x1 mul(float3x4, float4x1) or      : float3x4 mul(float3x3, float3x4) or      : float3x3 mul(float3x3, float3x3) or      : float3x2 mul(float3x3, float3x2) or      : float3x1 mul(float3x3, float3x1) or      : float3x4 mul(float3x2, float2x4) or      : float3x3 mul(float3x2, float2x3) or      : float3x2 mul(float3x2, float2x2) or      : float3x1 mul(float3x2, float2x1) or      : float3x4 mul(float3x1, float1x4) or      : float3x3 mul(float3x1, float1x3) or      : float3x2 mul(float3x1, float1x2) or      : float3x1 mul(float3x1, float1x1) or      : float2x4 mul(float2x4, float4x4) or      : float2x3 mul(float2x4, float4x3) or      : float2x2 mul(float2x4, float4x2) or      : float2x1 mul(float2x4, float4x1) or      : float2x4 mul(float2x3, float3x4) or      : float2x3 mul(float2x3, float3x3) or      : float2x2 mul(float2x3, float3x2) or      : float2x1 mul(float2x3, float3x1) or      : float2x4 mul(float2x2, float2x4) or      : float2x3 mul(float2x2, float2x3) or      : float2x2 mul(float2x2, float2x2) or      : float2x1 mul(float2x2, float2x1) or      : float2x4 mul(float2x1, float1x4) or      : float2x3 mul(float2x1, float1x3) or      : float2x2 mul(float2x1, float1x2) or      : float2x1 mul(float2x1, float1x1) or      : float1x4 mul(float1x4, float4x4) or      : float1x3 mul(float1x4, float4x3) or      : float1x2 mul(float1x4, float4x2) or      : float1x1 mul(float1x4, float4x1) or      : float1x4 mul(float1x3, float3x4) or      : float1x3 mul(float1x3, float3x3) or      : float1x2 mul(float1x3, float3x2) or      : float1x1 mul(float1x3, float3x1) or      : float1x4 mul(float1x2, float2x4) or      : float1x3 mul(float1x2, float2x3) or      : float1x2 mul(float1x2, float2x2) or      : float1x1 mul(float1x2, float2x1) or      : float1x4 mul(float1x1, float1x4) or      : float1x3 mul(float1x1, float1x3) or      : float1x2 mul(float1x1, float1x2) or      : float1x1 mul(float1x1, float1x1) or      : fixed mul(fixed, fixed1x1) or      : fixed mul(fixed2, fixed2x1) or      : fixed mul(fixed3, fixed3x1) or      : fixed mul(fixed4, fixed4x1) or      : fixed2 mul(fixed, fixed1x2) or      : fixed2 mul(fixed2, fixed2x2) or      : fixed2 mul(fixed3, fixed3x2) or      : fixed2 mul(fixed4, fixed4x2) or      : fixed3 mul(fixed, fixed1x3) or      : fixed3 mul(fixed2, fixed2x3) or      : fixed3 mul(fixed3, fixed3x3) or      : fixed3 mul(fixed4, fixed4x3) or      : fixed4 mul(fixed, fixed1x4) or      : fixed4 mul(fixed2, fixed2x4) or      : fixed4 mul(fixed3, fixed3x4) or      : fixed4 mul(fixed4, fixed4x4) or      : half mul(half, half1x1) or      : half mul(half2, half2x1) or      : half mul(half3, half3x1) or      : half mul(half4, half4x1) or      : half2 mul(half, half1x2) or      : half2 mul(half2, half2x2) or      : half2 mul(half3, half3x2) or      : half2 mul(half4, half4x2) or      : half3 mul(half, half1x3) or      : half3 mul(half2, half2x3) or      : half3 mul(half3, half3x3) or      : half3 mul(half4, half4x3) or      : half4 mul(half, half1x4) or      : half4 mul(half2, half2x4) or      : half4 mul(half3, half3x4) or      : half4 mul(half4, half4x4) or      : float mul(float, float1x1) or      : float mul(float2, float2x1) or      : float mul(float3, float3x1) or      : float mul(float4, float4x1) or      : float2 mul(float, float1x2) or      : float2 mul(float2, float2x2) or      : float2 mul(float3, float3x2) or      : float2 mul(float4, float4x2) or      : float3 mul(float, float1x3) or      : float3 mul(float2, float2x3) or      : float3 mul(float3, float3x3) or      : float3 mul(float4, float4x3) or      : float4 mul(float, float1x4) or      : float4 mul(float2, float2x4) or      : float4 mul(float3, float3x4) or      : float4 mul(float4, float4x4) or      : fixed mul(fixed1x1, fixed) or      : fixed mul(fixed1x2, fixed2) or      : fixed mul(fixed1x3, fixed3) or      : fixed mul(fixed1x4, fixed4) or      : fixed2 mul(fixed2x1, fixed) or      : fixed2 mul(fixed2x2, fixed2) or      : fixed2 mul(fixed2x3, fixed3) or      : fixed2 mul(fixed2x4, fixed4) or      : fixed3 mul(fixed3x1, fixed) or      : fixed3 mul(fixed3x2, fixed2) or      : fixed3 mul(fixed3x3, fixed3) or      : fixed3 mul(fixed3x4, fixed4) or      : fixed4 mul(fixed4x1, fixed) or      : fixed4 mul(fixed4x2, fixed2) or      : fixed4 mul(fixed4x3, fixed3) or      : fixed4 mul(fixed4x4, fixed4) or      : half mul(half1x1, half) or      : half mul(half1x2, half2) or      : half mul(half1x3, half3) or      : half mul(half1x4, half4) or      : half2 mul(half2x1, half) or      : half2 mul(half2x2, half2) or      : half2 mul(half2x3, half3) or      : half2 mul(half2x4, half4) or      : half3 mul(half3x1, half) or      : half3 mul(half3x2, half2) or      : half3 mul(half3x3, half3) or      : half3 mul(half3x4, half4) or      : half4 mul(half4x1, half) or      : half4 mul(half4x2, half2) or      : half4 mul(half4x3, half3) or      : half4 mul(half4x4, half4) or      : float mul(float1x1, float) or      : float mul(float1x2, float2) or      : float mul(float1x3, float3) or      : float mul(float1x4, float4) or      : float2 mul(float2x1, float) or      : float2 mul(float2x2, float2) or      : float2 mul(float2x3, float3) or      : float2 mul(float2x4, float4) or      : float3 mul(float3x1, float) or      : float3 mul(float3x2, float2) or      : float3 mul(float3x3, float3) or      : float3 mul(float3x4, float4) or      : float4 mul(float4x1, float) or      : float4 mul(float4x2, float2) or      : float4 mul(float4x3, float3) or      : float4 mul(float4x4, float4)\nCompiling Fragment program with UNITY_PASS_FORWARDADD POINT_COOKIE SHADOWS_CUBE
Platform defines: UNITY_ENABLE_REFLECTION_BUFFERS UNITY_NO_SCREENSPACE_SHADOWS UNITY_PBS_USE_BRDF3 UNITY_SPECCUBE_BOX_PROJECTION SHADER_API_MOBILE UNITY_COLORSPACE_GAMMA UNITY_LIGHTMAP_RGBM_ENCODING
  error: 1 plat 10 at (262): Program 'fragAdd', implicit cast from 'float4' to 'float3'\nCompiling Fragment program with UNITY_PASS_FORWARDADD POINT_COOKIE SHADOWS_CUBE
Platform defines: UNITY_ENABLE_REFLECTION_BUFFERS UNITY_NO_SCREENSPACE_SHADOWS UNITY_PBS_USE_BRDF3 UNITY_SPECCUBE_BOX_PROJECTION SHADER_API_MOBILE UNITY_COLORSPACE_GAMMA UNITY_LIGHTMAP_RGBM_ENCODING
  error: 2 plat 10 at (265): Program 'fragAdd', incompatible argument list for call to 'tex2D'. Found 16 possible candidates:\nfunction was called with params: (samplerCUBE, float2) could be: tex2D(sampler2D, float3, float2, float2, int) or      : tex2D(sampler2D, float3, int) or      : tex2D(sampler2D, float3, float2, float2) or      : tex2D(sampler2D, float3) or      : tex2D(usampler2D, float2, float2, float2, int) or      : tex2D(isampler2D, float2, float2, float2, int) or      : tex2D(sampler2D, float2, float2, float2, int) or      : tex2D(usampler2D, float2, int) or      : tex2D(isampler2D, float2, int) or      : tex2D(sampler2D, float2, int) or      : tex2D(usampler2D, float2, float2, float2) or      : tex2D(isampler2D, float2, float2, float2) or      : tex2D(sampler2D, float2, float2, float2) or      : tex2D(usampler2D, float2) or      : tex2D(isampler2D, float2)\nCompiling Fragment program with UNITY_PASS_FORWARDADD POINT_COOKIE SHADOWS_CUBE
Platform defines: UNITY_ENABLE_REFLECTION_BUFFERS UNITY_NO_SCREENSPACE_SHADOWS UNITY_PBS_USE_BRDF3 UNITY_SPECCUBE_BOX_PROJECTION SHADER_API_MOBILE UNITY_COLORSPACE_GAMMA UNITY_LIGHTMAP_RGBM_ENCODING
  error: 1 plat 10 at (301): Program 'fragAdd', assignment causes implicit cast from 'float' to 'half'\nCompiling Fragment program with UNITY_PASS_FORWARDADD POINT_COOKIE SHADOWS_CUBE
Platform defines: UNITY_ENABLE_REFLECTION_BUFFERS UNITY_NO_SCREENSPACE_SHADOWS UNITY_PBS_USE_BRDF3 UNITY_SPECCUBE_BOX_PROJECTION SHADER_API_MOBILE UNITY_COLORSPACE_GAMMA UNITY_LIGHTMAP_RGBM_ENCODING
  api=10 type=1 insize=4915 outsize=0 kw=UNITY_PASS_FORWARDADD POINT_COOKIE SHADOWS_CUBE pd=UNITY_ENABLE_REFLECTION_BUFFERS UNITY_NO_SCREENSPACE_SHADOWS UNITY_PBS_USE_BRDF3 UNITY_SPECCUBE_BOX_PROJECTION SHADER_API_MOBILE UNITY_COLORSPACE_GAMMA UNITY_LIGHTMAP_RGBM_ENCODING ok=0
Cmd: disassembleShader
  api=10 insize=1065 outsize=9015 ok=1
Cmd: disassembleShader
  api=10 insize=992 outsize=8605 ok=1
Cmd: disassembleShader
  api=10 insize=992 outsize=8605 ok=1
Cmd: disassembleShader
  api=10 insize=1065 outsize=9015 ok=1
Cmd: disassembleShader
  api=10 insize=1887 outsize=13279 ok=1
Cmd: disassembleShader
  api=10 insize=2100 outsize=15017 ok=1
Cmd: disassembleShader
  api=10 insize=2929 outsize=21980 ok=1
Cmd: compileSnippet
  error: 1 plat 10 at (26): Program 'vert', implicit cast from 'float4' to 'float3'\nCompiling Vertex program with UNITY_PASS_FORWARDADD POINT_COOKIE LIGHTMAP_SHADOW_MIXING SHADOWS_SHADOWMASK
Platform defines: UNITY_ENABLE_REFLECTION_BUFFERS UNITY_NO_SCREENSPACE_SHADOWS UNITY_PBS_USE_BRDF3 UNITY_SPECCUBE_BOX_PROJECTION SHADER_API_MOBILE UNITY_COLORSPACE_GAMMA UNITY_LIGHTMAP_RGBM_ENCODING
  error: 1 plat 10 at (31): Program 'vert', assignment causes implicit cast from 'float' to 'half'\nCompiling Vertex program with UNITY_PASS_FORWARDADD POINT_COOKIE LIGHTMAP_SHADOW_MIXING SHADOWS_SHADOWMASK
Platform defines: UNITY_ENABLE_REFLECTION_BUFFERS UNITY_NO_SCREENSPACE_SHADOWS UNITY_PBS_USE_BRDF3 UNITY_SPECCUBE_BOX_PROJECTION SHADER_API_MOBILE UNITY_COLORSPACE_GAMMA UNITY_LIGHTMAP_RGBM_ENCODING
  error: 1 plat 10 at (32): Program 'vert', implicit cast from 'float3' to 'float'\nCompiling Vertex program with UNITY_PASS_FORWARDADD POINT_COOKIE LIGHTMAP_SHADOW_MIXING SHADOWS_SHADOWMASK
Platform defines: UNITY_ENABLE_REFLECTION_BUFFERS UNITY_NO_SCREENSPACE_SHADOWS UNITY_PBS_USE_BRDF3 UNITY_SPECCUBE_BOX_PROJECTION SHADER_API_MOBILE UNITY_COLORSPACE_GAMMA UNITY_LIGHTMAP_RGBM_ENCODING
  error: 1 plat 10 at (150): Program 'vert', 'sign' shadows previous declaration\nprevious declaration was builtin:\nCompiling Vertex program with UNITY_PASS_FORWARDADD POINT_COOKIE LIGHTMAP_SHADOW_MIXING SHADOWS_SHADOWMASK
Platform defines: UNITY_ENABLE_REFLECTION_BUFFERS UNITY_NO_SCREENSPACE_SHADOWS UNITY_PBS_USE_BRDF3 UNITY_SPECCUBE_BOX_PROJECTION SHADER_API_MOBILE UNITY_COLORSPACE_GAMMA UNITY_LIGHTMAP_RGBM_ENCODING
  error: 1 plat 10 at (180): Program 'vert', local variable 'ambient_contrib' is unreferenced\nCompiling Vertex program with UNITY_PASS_FORWARDADD POINT_COOKIE LIGHTMAP_SHADOW_MIXING SHADOWS_SHADOWMASK
Platform defines: UNITY_ENABLE_REFLECTION_BUFFERS UNITY_NO_SCREENSPACE_SHADOWS UNITY_PBS_USE_BRDF3 UNITY_SPECCUBE_BOX_PROJECTION SHADER_API_MOBILE UNITY_COLORSPACE_GAMMA UNITY_LIGHTMAP_RGBM_ENCODING
  error: 1 plat 10 at (186): Program 'vert', function 'UnityWorldSpaceLightDir' that caused the implict cast was declared here\nCompiling Vertex program with UNITY_PASS_FORWARDADD POINT_COOKIE LIGHTMAP_SHADOW_MIXING SHADOWS_SHADOWMASK
Platform defines: UNITY_ENABLE_REFLECTION_BUFFERS UNITY_NO_SCREENSPACE_SHADOWS UNITY_PBS_USE_BRDF3 UNITY_SPECCUBE_BOX_PROJECTION SHADER_API_MOBILE UNITY_COLORSPACE_GAMMA UNITY_LIGHTMAP_RGBM_ENCODING
  error: 1 plat 10 at (258): Program 'vert', local variable 'lv' is unreferenced\nCompiling Vertex program with UNITY_PASS_FORWARDADD POINT_COOKIE LIGHTMAP_SHADOW_MIXING SHADOWS_SHADOWMASK
Platform defines: UNITY_ENABLE_REFLECTION_BUFFERS UNITY_NO_SCREENSPACE_SHADOWS UNITY_PBS_USE_BRDF3 UNITY_SPECCUBE_BOX_PROJECTION SHADER_API_MOBILE UNITY_COLORSPACE_GAMMA UNITY_LIGHTMAP_RGBM_ENCODING
  error: 2 plat 10 at (262): Program 'vert', incompatible argument list for call to 'mul'. Found 288 possible candidates:\nfunction was called with params: (float3, float4) could be: fixed4x4 mul(fixed4x4, fixed4x4) or      : fixed4x3 mul(fixed4x4, fixed4x3) or      : fixed4x2 mul(fixed4x4, fixed4x2) or      : fixed4x1 mul(fixed4x4, fixed4x1) or      : fixed4x4 mul(fixed4x3, fixed3x4) or      : fixed4x3 mul(fixed4x3, fixed3x3) or      : fixed4x2 mul(fixed4x3, fixed3x2) or      : fixed4x1 mul(fixed4x3, fixed3x1) or      : fixed4x4 mul(fixed4x2, fixed2x4) or      : fixed4x3 mul(fixed4x2, fixed2x3) or      : fixed4x2 mul(fixed4x2, fixed2x2) or      : fixed4x1 mul(fixed4x2, fixed2x1) or      : fixed4x4 mul(fixed4x1, fixed1x4) or      : fixed4x3 mul(fixed4x1, fixed1x3) or      : fixed4x2 mul(fixed4x1, fixed1x2) or      : fixed4x1 mul(fixed4x1, fixed1x1) or      : fixed3x4 mul(fixed3x4, fixed4x4) or      : fixed3x3 mul(fixed3x4, fixed4x3) or      : fixed3x2 mul(fixed3x4, fixed4x2) or      : fixed3x1 mul(fixed3x4, fixed4x1) or      : fixed3x4 mul(fixed3x3, fixed3x4) or      : fixed3x3 mul(fixed3x3, fixed3x3) or      : fixed3x2 mul(fixed3x3, fixed3x2) or      : fixed3x1 mul(fixed3x3, fixed3x1) or      : fixed3x4 mul(fixed3x2, fixed2x4) or      : fixed3x3 mul(fixed3x2, fixed2x3) or      : fixed3x2 mul(fixed3x2, fixed2x2) or      : fixed3x1 mul(fixed3x2, fixed2x1) or      : fixed3x4 mul(fixed3x1, fixed1x4) or      : fixed3x3 mul(fixed3x1, fixed1x3) or      : fixed3x2 mul(fixed3x1, fixed1x2) or      : fixed3x1 mul(fixed3x1, fixed1x1) or      : fixed2x4 mul(fixed2x4, fixed4x4) or      : fixed2x3 mul(fixed2x4, fixed4x3) or      : fixed2x2 mul(fixed2x4, fixed4x2) or      : fixed2x1 mul(fixed2x4, fixed4x1) or      : fixed2x4 mul(fixed2x3, fixed3x4) or      : fixed2x3 mul(fixed2x3, fixed3x3) or      : fixed2x2 mul(fixed2x3, fixed3x2) or      : fixed2x1 mul(fixed2x3, fixed3x1) or      : fixed2x4 mul(fixed2x2, fixed2x4) or      : fixed2x3 mul(fixed2x2, fixed2x3) or      : fixed2x2 mul(fixed2x2, fixed2x2) or      : fixed2x1 mul(fixed2x2, fixed2x1) or      : fixed2x4 mul(fixed2x1, fixed1x4) or      : fixed2x3 mul(fixed2x1, fixed1x3) or      : fixed2x2 mul(fixed2x1, fixed1x2) or      : fixed2x1 mul(fixed2x1, fixed1x1) or      : fixed1x4 mul(fixed1x4, fixed4x4) or      : fixed1x3 mul(fixed1x4, fixed4x3) or      : fixed1x2 mul(fixed1x4, fixed4x2) or      : fixed1x1 mul(fixed1x4, fixed4x1) or      : fixed1x4 mul(fixed1x3, fixed3x4) or      : fixed1x3 mul(fixed1x3, fixed3x3) or      : fixed1x2 mul(fixed1x3, fixed3x2) or      : fixed1x1 mul(fixed1x3, fixed3x1) or      : fixed1x4 mul(fixed1x2, fixed2x4) or      : fixed1x3 mul(fixed1x2, fixed2x3) or      : fixed1x2 mul(fixed1x2, fixed2x2) or      : fixed1x1 mul(fixed1x2, fixed2x1) or      : fixed1x4 mul(fixed1x1, fixed1x4) or      : fixed1x3 mul(fixed1x1, fixed1x3) or      : fixed1x2 mul(fixed1x1, fixed1x2) or      : fixed1x1 mul(fixed1x1, fixed1x1) or      : half4x4 mul(half4x4, half4x4) or      : half4x3 mul(half4x4, half4x3) or      : half4x2 mul(half4x4, half4x2) or      : half4x1 mul(half4x4, half4x1) or      : half4x4 mul(half4x3, half3x4) or      : half4x3 mul(half4x3, half3x3) or      : half4x2 mul(half4x3, half3x2) or      : half4x1 mul(half4x3, half3x1) or      : half4x4 mul(half4x2, half2x4) or      : half4x3 mul(half4x2, half2x3) or      : half4x2 mul(half4x2, half2x2) or      : half4x1 mul(half4x2, half2x1) or      : half4x4 mul(half4x1, half1x4) or      : half4x3 mul(half4x1, half1x3) or      : half4x2 mul(half4x1, half1x2) or      : half4x1 mul(half4x1, half1x1) or      : half3x4 mul(half3x4, half4x4) or      : half3x3 mul(half3x4, half4x3) or      : half3x2 mul(half3x4, half4x2) or      : half3x1 mul(half3x4, half4x1) or      : half3x4 mul(half3x3, half3x4) or      : half3x3 mul(half3x3, half3x3) or      : half3x2 mul(half3x3, half3x2) or      : half3x1 mul(half3x3, half3x1) or      : half3x4 mul(half3x2, half2x4) or      : half3x3 mul(half3x2, half2x3) or      : half3x2 mul(half3x2, half2x2) or      : half3x1 mul(half3x2, half2x1) or      : half3x4 mul(half3x1, half1x4) or      : half3x3 mul(half3x1, half1x3) or      : half3x2 mul(half3x1, half1x2) or      : half3x1 mul(half3x1, half1x1) or      : half2x4 mul(half2x4, half4x4) or      : half2x3 mul(half2x4, half4x3) or      : half2x2 mul(half2x4, half4x2) or      : half2x1 mul(half2x4, half4x1) or      : half2x4 mul(half2x3, half3x4) or      : half2x3 mul(half2x3, half3x3) or      : half2x2 mul(half2x3, half3x2) or      : half2x1 mul(half2x3, half3x1) or      : half2x4 mul(half2x2, half2x4) or      : half2x3 mul(half2x2, half2x3) or      : half2x2 mul(half2x2, half2x2) or      : half2x1 mul(half2x2, half2x1) or      : half2x4 mul(half2x1, half1x4) or      : half2x3 mul(half2x1, half1x3) or      : half2x2 mul(half2x1, half1x2) or      : half2x1 mul(half2x1, half1x1) or      : half1x4 mul(half1x4, half4x4) or      : half1x3 mul(half1x4, half4x3) or      : half1x2 mul(half1x4, half4x2) or      : half1x1 mul(half1x4, half4x1) or      : half1x4 mul(half1x3, half3x4) or      : half1x3 mul(half1x3, half3x3) or      : half1x2 mul(half1x3, half3x2) or      : half1x1 mul(half1x3, half3x1) or      : half1x4 mul(half1x2, half2x4) or      : half1x3 mul(half1x2, half2x3) or      : half1x2 mul(half1x2, half2x2) or      : half1x1 mul(half1x2, half2x1) or      : half1x4 mul(half1x1, half1x4) or      : half1x3 mul(half1x1, half1x3) or      : half1x2 mul(half1x1, half1x2) or      : half1x1 mul(half1x1, half1x1) or      : float4x4 mul(float4x4, float4x4) or      : float4x3 mul(float4x4, float4x3) or      : float4x2 mul(float4x4, float4x2) or      : float4x1 mul(float4x4, float4x1) or      : float4x4 mul(float4x3, float3x4) or      : float4x3 mul(float4x3, float3x3) or      : float4x2 mul(float4x3, float3x2) or      : float4x1 mul(float4x3, float3x1) or      : float4x4 mul(float4x2, float2x4) or      : float4x3 mul(float4x2, float2x3) or      : float4x2 mul(float4x2, float2x2) or      : float4x1 mul(float4x2, float2x1) or      : float4x4 mul(float4x1, float1x4) or      : float4x3 mul(float4x1, float1x3) or      : float4x2 mul(float4x1, float1x2) or      : float4x1 mul(float4x1, float1x1) or      : float3x4 mul(float3x4, float4x4) or      : float3x3 mul(float3x4, float4x3) or      : float3x2 mul(float3x4, float4x2) or      : float3x1 mul(float3x4, float4x1) or      : float3x4 mul(float3x3, float3x4) or      : float3x3 mul(float3x3, float3x3) or      : float3x2 mul(float3x3, float3x2) or      : float3x1 mul(float3x3, float3x1) or      : float3x4 mul(float3x2, float2x4) or      : float3x3 mul(float3x2, float2x3) or      : float3x2 mul(float3x2, float2x2) or      : float3x1 mul(float3x2, float2x1) or      : float3x4 mul(float3x1, float1x4) or      : float3x3 mul(float3x1, float1x3) or      : float3x2 mul(float3x1, float1x2) or      : float3x1 mul(float3x1, float1x1) or      : float2x4 mul(float2x4, float4x4) or      : float2x3 mul(float2x4, float4x3) or      : float2x2 mul(float2x4, float4x2) or      : float2x1 mul(float2x4, float4x1) or      : float2x4 mul(float2x3, float3x4) or      : float2x3 mul(float2x3, float3x3) or      : float2x2 mul(float2x3, float3x2) or      : float2x1 mul(float2x3, float3x1) or      : float2x4 mul(float2x2, float2x4) or      : float2x3 mul(float2x2, float2x3) or      : float2x2 mul(float2x2, float2x2) or      : float2x1 mul(float2x2, float2x1) or      : float2x4 mul(float2x1, float1x4) or      : float2x3 mul(float2x1, float1x3) or      : float2x2 mul(float2x1, float1x2) or      : float2x1 mul(float2x1, float1x1) or      : float1x4 mul(float1x4, float4x4) or      : float1x3 mul(float1x4, float4x3) or      : float1x2 mul(float1x4, float4x2) or      : float1x1 mul(float1x4, float4x1) or      : float1x4 mul(float1x3, float3x4) or      : float1x3 mul(float1x3, float3x3) or      : float1x2 mul(float1x3, float3x2) or      : float1x1 mul(float1x3, float3x1) or      : float1x4 mul(float1x2, float2x4) or      : float1x3 mul(float1x2, float2x3) or      : float1x2 mul(float1x2, float2x2) or      : float1x1 mul(float1x2, float2x1) or      : float1x4 mul(float1x1, float1x4) or      : float1x3 mul(float1x1, float1x3) or      : float1x2 mul(float1x1, float1x2) or      : float1x1 mul(float1x1, float1x1) or      : fixed mul(fixed, fixed1x1) or      : fixed mul(fixed2, fixed2x1) or      : fixed mul(fixed3, fixed3x1) or      : fixed mul(fixed4, fixed4x1) or      : fixed2 mul(fixed, fixed1x2) or      : fixed2 mul(fixed2, fixed2x2) or      : fixed2 mul(fixed3, fixed3x2) or      : fixed2 mul(fixed4, fixed4x2) or      : fixed3 mul(fixed, fixed1x3) or      : fixed3 mul(fixed2, fixed2x3) or      : fixed3 mul(fixed3, fixed3x3) or      : fixed3 mul(fixed4, fixed4x3) or      : fixed4 mul(fixed, fixed1x4) or      : fixed4 mul(fixed2, fixed2x4) or      : fixed4 mul(fixed3, fixed3x4) or      : fixed4 mul(fixed4, fixed4x4) or      : half mul(half, half1x1) or      : half mul(half2, half2x1) or      : half mul(half3, half3x1) or      : half mul(half4, half4x1) or      : half2 mul(half, half1x2) or      : half2 mul(half2, half2x2) or      : half2 mul(half3, half3x2) or      : half2 mul(half4, half4x2) or      : half3 mul(half, half1x3) or      : half3 mul(half2, half2x3) or      : half3 mul(half3, half3x3) or      : half3 mul(half4, half4x3) or      : half4 mul(half, half1x4) or      : half4 mul(half2, half2x4) or      : half4 mul(half3, half3x4) or      : half4 mul(half4, half4x4) or      : float mul(float, float1x1) or      : float mul(float2, float2x1) or      : float mul(float3, float3x1) or      : float mul(float4, float4x1) or      : float2 mul(float, float1x2) or      : float2 mul(float2, float2x2) or      : float2 mul(float3, float3x2) or      : float2 mul(float4, float4x2) or      : float3 mul(float, float1x3) or      : float3 mul(float2, float2x3) or      : float3 mul(float3, float3x3) or      : float3 mul(float4, float4x3) or      : float4 mul(float, float1x4) or      : float4 mul(float2, float2x4) or      : float4 mul(float3, float3x4) or      : float4 mul(float4, float4x4) or      : fixed mul(fixed1x1, fixed) or      : fixed mul(fixed1x2, fixed2) or      : fixed mul(fixed1x3, fixed3) or      : fixed mul(fixed1x4, fixed4) or      : fixed2 mul(fixed2x1, fixed) or      : fixed2 mul(fixed2x2, fixed2) or      : fixed2 mul(fixed2x3, fixed3) or      : fixed2 mul(fixed2x4, fixed4) or      : fixed3 mul(fixed3x1, fixed) or      : fixed3 mul(fixed3x2, fixed2) or      : fixed3 mul(fixed3x3, fixed3) or      : fixed3 mul(fixed3x4, fixed4) or      : fixed4 mul(fixed4x1, fixed) or      : fixed4 mul(fixed4x2, fixed2) or      : fixed4 mul(fixed4x3, fixed3) or      : fixed4 mul(fixed4x4, fixed4) or      : half mul(half1x1, half) or      : half mul(half1x2, half2) or      : half mul(half1x3, half3) or      : half mul(half1x4, half4) or      : half2 mul(half2x1, half) or      : half2 mul(half2x2, half2) or      : half2 mul(half2x3, half3) or      : half2 mul(half2x4, half4) or      : half3 mul(half3x1, half) or      : half3 mul(half3x2, half2) or      : half3 mul(half3x3, half3) or      : half3 mul(half3x4, half4) or      : half4 mul(half4x1, half) or      : half4 mul(half4x2, half2) or      : half4 mul(half4x3, half3) or      : half4 mul(half4x4, half4) or      : float mul(float1x1, float) or      : float mul(float1x2, float2) or      : float mul(float1x3, float3) or      : float mul(float1x4, float4) or      : float2 mul(float2x1, float) or      : float2 mul(float2x2, float2) or      : float2 mul(float2x3, float3) or      : float2 mul(float2x4, float4) or      : float3 mul(float3x1, float) or      : float3 mul(float3x2, float2) or      : float3 mul(float3x3, float3) or      : float3 mul(float3x4, float4) or      : float4 mul(float4x1, float) or      : float4 mul(float4x2, float2) or      : float4 mul(float4x3, float3) or      : float4 mul(float4x4, float4)\nCompiling Vertex program with UNITY_PASS_FORWARDADD POINT_COOKIE LIGHTMAP_SHADOW_MIXING SHADOWS_SHADOWMASK
Platform defines: UNITY_ENABLE_REFLECTION_BUFFERS UNITY_NO_SCREENSPACE_SHADOWS UNITY_PBS_USE_BRDF3 UNITY_SPECCUBE_BOX_PROJECTION SHADER_API_MOBILE UNITY_COLORSPACE_GAMMA UNITY_LIGHTMAP_RGBM_ENCODING
  error: 1 plat 10 at (262): Program 'vert', implicit cast from 'float4' to 'float3'\nCompiling Vertex program with UNITY_PASS_FORWARDADD POINT_COOKIE LIGHTMAP_SHADOW_MIXING SHADOWS_SHADOWMASK
Platform defines: UNITY_ENABLE_REFLECTION_BUFFERS UNITY_NO_SCREENSPACE_SHADOWS UNITY_PBS_USE_BRDF3 UNITY_SPECCUBE_BOX_PROJECTION SHADER_API_MOBILE UNITY_COLORSPACE_GAMMA UNITY_LIGHTMAP_RGBM_ENCODING
  error: 2 plat 10 at (265): Program 'vert', incompatible argument list for call to 'tex2D'. Found 16 possible candidates:\nfunction was called with params: (samplerCUBE, float2) could be: tex2D(sampler2D, float3, float2, float2, int) or      : tex2D(sampler2D, float3, int) or      : tex2D(sampler2D, float3, float2, float2) or      : tex2D(sampler2D, float3) or      : tex2D(usampler2D, float2, float2, float2, int) or      : tex2D(isampler2D, float2, float2, float2, int) or      : tex2D(sampler2D, float2, float2, float2, int) or      : tex2D(usampler2D, float2, int) or      : tex2D(isampler2D, float2, int) or      : tex2D(sampler2D, float2, int) or      : tex2D(usampler2D, float2, float2, float2) or      : tex2D(isampler2D, float2, float2, float2) or      : tex2D(sampler2D, float2, float2, float2) or      : tex2D(usampler2D, float2) or      : tex2D(isampler2D, float2)\nCompiling Vertex program with UNITY_PASS_FORWARDADD POINT_COOKIE LIGHTMAP_SHADOW_MIXING SHADOWS_SHADOWMASK
Platform defines: UNITY_ENABLE_REFLECTION_BUFFERS UNITY_NO_SCREENSPACE_SHADOWS UNITY_PBS_USE_BRDF3 UNITY_SPECCUBE_BOX_PROJECTION SHADER_API_MOBILE UNITY_COLORSPACE_GAMMA UNITY_LIGHTMAP_RGBM_ENCODING
  error: 1 plat 10 at (301): Program 'vert', assignment causes implicit cast from 'float' to 'half'\nCompiling Vertex program with UNITY_PASS_FORWARDADD POINT_COOKIE LIGHTMAP_SHADOW_MIXING SHADOWS_SHADOWMASK
Platform defines: UNITY_ENABLE_REFLECTION_BUFFERS UNITY_NO_SCREENSPACE_SHADOWS UNITY_PBS_USE_BRDF3 UNITY_SPECCUBE_BOX_PROJECTION SHADER_API_MOBILE UNITY_COLORSPACE_GAMMA UNITY_LIGHTMAP_RGBM_ENCODING
  api=10 type=0 insize=4917 outsize=0 kw=UNITY_PASS_FORWARDADD POINT_COOKIE LIGHTMAP_SHADOW_MIXING SHADOWS_SHADOWMASK pd=UNITY_ENABLE_REFLECTION_BUFFERS UNITY_NO_SCREENSPACE_SHADOWS UNITY_PBS_USE_BRDF3 UNITY_SPECCUBE_BOX_PROJECTION SHADER_API_MOBILE UNITY_COLORSPACE_GAMMA UNITY_LIGHTMAP_RGBM_ENCODING ok=0
Cmd: compileSnippet
  error: 1 plat 10 at (26): Program 'vert', implicit cast from 'float4' to 'float3'\nCompiling Vertex program with UNITY_PASS_FORWARDADD POINT SHADOWS_CUBE SHADOWS_SOFT
Platform defines: UNITY_ENABLE_REFLECTION_BUFFERS UNITY_NO_SCREENSPACE_SHADOWS UNITY_PBS_USE_BRDF3 UNITY_SPECCUBE_BOX_PROJECTION SHADER_API_MOBILE UNITY_COLORSPACE_GAMMA UNITY_LIGHTMAP_RGBM_ENCODING
  error: 1 plat 10 at (31): Program 'vert', assignment causes implicit cast from 'float' to 'half'\nCompiling Vertex program with UNITY_PASS_FORWARDADD POINT SHADOWS_CUBE SHADOWS_SOFT
Platform defines: UNITY_ENABLE_REFLECTION_BUFFERS UNITY_NO_SCREENSPACE_SHADOWS UNITY_PBS_USE_BRDF3 UNITY_SPECCUBE_BOX_PROJECTION SHADER_API_MOBILE UNITY_COLORSPACE_GAMMA UNITY_LIGHTMAP_RGBM_ENCODING
  error: 1 plat 10 at (32): Program 'vert', implicit cast from 'float3' to 'float'\nCompiling Vertex program with UNITY_PASS_FORWARDADD POINT SHADOWS_CUBE SHADOWS_SOFT
Platform defines: UNITY_ENABLE_REFLECTION_BUFFERS UNITY_NO_SCREENSPACE_SHADOWS UNITY_PBS_USE_BRDF3 UNITY_SPECCUBE_BOX_PROJECTION SHADER_API_MOBILE UNITY_COLORSPACE_GAMMA UNITY_LIGHTMAP_RGBM_ENCODING
  error: 1 plat 10 at (150): Program 'vert', 'sign' shadows previous declaration\nprevious declaration was builtin:\nCompiling Vertex program with UNITY_PASS_FORWARDADD POINT SHADOWS_CUBE SHADOWS_SOFT
Platform defines: UNITY_ENABLE_REFLECTION_BUFFERS UNITY_NO_SCREENSPACE_SHADOWS UNITY_PBS_USE_BRDF3 UNITY_SPECCUBE_BOX_PROJECTION SHADER_API_MOBILE UNITY_COLORSPACE_GAMMA UNITY_LIGHTMAP_RGBM_ENCODING
  error: 1 plat 10 at (186): Program 'vert', function 'UnityWorldSpaceLightDir' that caused the implict cast was declared here\nCompiling Vertex program with UNITY_PASS_FORWARDADD POINT SHADOWS_CUBE SHADOWS_SOFT
Platform defines: UNITY_ENABLE_REFLECTION_BUFFERS UNITY_NO_SCREENSPACE_SHADOWS UNITY_PBS_USE_BRDF3 UNITY_SPECCUBE_BOX_PROJECTION SHADER_API_MOBILE UNITY_COLORSPACE_GAMMA UNITY_LIGHTMAP_RGBM_ENCODING
  error: 1 plat 10 at (238): Program 'vert', local variable 'metalness' is unreferenced\nCompiling Vertex program with UNITY_PASS_FORWARDADD POINT SHADOWS_CUBE SHADOWS_SOFT
Platform defines: UNITY_ENABLE_REFLECTION_BUFFERS UNITY_NO_SCREENSPACE_SHADOWS UNITY_PBS_USE_BRDF3 UNITY_SPECCUBE_BOX_PROJECTION SHADER_API_MOBILE UNITY_COLORSPACE_GAMMA UNITY_LIGHTMAP_RGBM_ENCODING
  error: 1 plat 10 at (258): Program 'vert', local variable 'lv' is unreferenced\nCompiling Vertex program with UNITY_PASS_FORWARDADD POINT SHADOWS_CUBE SHADOWS_SOFT
Platform defines: UNITY_ENABLE_REFLECTION_BUFFERS UNITY_NO_SCREENSPACE_SHADOWS UNITY_PBS_USE_BRDF3 UNITY_SPECCUBE_BOX_PROJECTION SHADER_API_MOBILE UNITY_COLORSPACE_GAMMA UNITY_LIGHTMAP_RGBM_ENCODING
  error: 2 plat 10 at (262): Program 'vert', incompatible argument list for call to 'mul'. Found 288 possible candidates:\nfunction was called with params: (float3, float4) could be: fixed4x4 mul(fixed4x4, fixed4x4) or      : fixed4x3 mul(fixed4x4, fixed4x3) or      : fixed4x2 mul(fixed4x4, fixed4x2) or      : fixed4x1 mul(fixed4x4, fixed4x1) or      : fixed4x4 mul(fixed4x3, fixed3x4) or      : fixed4x3 mul(fixed4x3, fixed3x3) or      : fixed4x2 mul(fixed4x3, fixed3x2) or      : fixed4x1 mul(fixed4x3, fixed3x1) or      : fixed4x4 mul(fixed4x2, fixed2x4) or      : fixed4x3 mul(fixed4x2, fixed2x3) or      : fixed4x2 mul(fixed4x2, fixed2x2) or      : fixed4x1 mul(fixed4x2, fixed2x1) or      : fixed4x4 mul(fixed4x1, fixed1x4) or      : fixed4x3 mul(fixed4x1, fixed1x3) or      : fixed4x2 mul(fixed4x1, fixed1x2) or      : fixed4x1 mul(fixed4x1, fixed1x1) or      : fixed3x4 mul(fixed3x4, fixed4x4) or      : fixed3x3 mul(fixed3x4, fixed4x3) or      : fixed3x2 mul(fixed3x4, fixed4x2) or      : fixed3x1 mul(fixed3x4, fixed4x1) or      : fixed3x4 mul(fixed3x3, fixed3x4) or      : fixed3x3 mul(fixed3x3, fixed3x3) or      : fixed3x2 mul(fixed3x3, fixed3x2) or      : fixed3x1 mul(fixed3x3, fixed3x1) or      : fixed3x4 mul(fixed3x2, fixed2x4) or      : fixed3x3 mul(fixed3x2, fixed2x3) or      : fixed3x2 mul(fixed3x2, fixed2x2) or      : fixed3x1 mul(fixed3x2, fixed2x1) or      : fixed3x4 mul(fixed3x1, fixed1x4) or      : fixed3x3 mul(fixed3x1, fixed1x3) or      : fixed3x2 mul(fixed3x1, fixed1x2) or      : fixed3x1 mul(fixed3x1, fixed1x1) or      : fixed2x4 mul(fixed2x4, fixed4x4) or      : fixed2x3 mul(fixed2x4, fixed4x3) or      : fixed2x2 mul(fixed2x4, fixed4x2) or      : fixed2x1 mul(fixed2x4, fixed4x1) or      : fixed2x4 mul(fixed2x3, fixed3x4) or      : fixed2x3 mul(fixed2x3, fixed3x3) or      : fixed2x2 mul(fixed2x3, fixed3x2) or      : fixed2x1 mul(fixed2x3, fixed3x1) or      : fixed2x4 mul(fixed2x2, fixed2x4) or      : fixed2x3 mul(fixed2x2, fixed2x3) or      : fixed2x2 mul(fixed2x2, fixed2x2) or      : fixed2x1 mul(fixed2x2, fixed2x1) or      : fixed2x4 mul(fixed2x1, fixed1x4) or      : fixed2x3 mul(fixed2x1, fixed1x3) or      : fixed2x2 mul(fixed2x1, fixed1x2) or      : fixed2x1 mul(fixed2x1, fixed1x1) or      : fixed1x4 mul(fixed1x4, fixed4x4) or      : fixed1x3 mul(fixed1x4, fixed4x3) or      : fixed1x2 mul(fixed1x4, fixed4x2) or      : fixed1x1 mul(fixed1x4, fixed4x1) or      : fixed1x4 mul(fixed1x3, fixed3x4) or      : fixed1x3 mul(fixed1x3, fixed3x3) or      : fixed1x2 mul(fixed1x3, fixed3x2) or      : fixed1x1 mul(fixed1x3, fixed3x1) or      : fixed1x4 mul(fixed1x2, fixed2x4) or      : fixed1x3 mul(fixed1x2, fixed2x3) or      : fixed1x2 mul(fixed1x2, fixed2x2) or      : fixed1x1 mul(fixed1x2, fixed2x1) or      : fixed1x4 mul(fixed1x1, fixed1x4) or      : fixed1x3 mul(fixed1x1, fixed1x3) or      : fixed1x2 mul(fixed1x1, fixed1x2) or      : fixed1x1 mul(fixed1x1, fixed1x1) or      : half4x4 mul(half4x4, half4x4) or      : half4x3 mul(half4x4, half4x3) or      : half4x2 mul(half4x4, half4x2) or      : half4x1 mul(half4x4, half4x1) or      : half4x4 mul(half4x3, half3x4) or      : half4x3 mul(half4x3, half3x3) or      : half4x2 mul(half4x3, half3x2) or      : half4x1 mul(half4x3, half3x1) or      : half4x4 mul(half4x2, half2x4) or      : half4x3 mul(half4x2, half2x3) or      : half4x2 mul(half4x2, half2x2) or      : half4x1 mul(half4x2, half2x1) or      : half4x4 mul(half4x1, half1x4) or      : half4x3 mul(half4x1, half1x3) or      : half4x2 mul(half4x1, half1x2) or      : half4x1 mul(half4x1, half1x1) or      : half3x4 mul(half3x4, half4x4) or      : half3x3 mul(half3x4, half4x3) or      : half3x2 mul(half3x4, half4x2) or      : half3x1 mul(half3x4, half4x1) or      : half3x4 mul(half3x3, half3x4) or      : half3x3 mul(half3x3, half3x3) or      : half3x2 mul(half3x3, half3x2) or      : half3x1 mul(half3x3, half3x1) or      : half3x4 mul(half3x2, half2x4) or      : half3x3 mul(half3x2, half2x3) or      : half3x2 mul(half3x2, half2x2) or      : half3x1 mul(half3x2, half2x1) or      : half3x4 mul(half3x1, half1x4) or      : half3x3 mul(half3x1, half1x3) or      : half3x2 mul(half3x1, half1x2) or      : half3x1 mul(half3x1, half1x1) or      : half2x4 mul(half2x4, half4x4) or      : half2x3 mul(half2x4, half4x3) or      : half2x2 mul(half2x4, half4x2) or      : half2x1 mul(half2x4, half4x1) or      : half2x4 mul(half2x3, half3x4) or      : half2x3 mul(half2x3, half3x3) or      : half2x2 mul(half2x3, half3x2) or      : half2x1 mul(half2x3, half3x1) or      : half2x4 mul(half2x2, half2x4) or      : half2x3 mul(half2x2, half2x3) or      : half2x2 mul(half2x2, half2x2) or      : half2x1 mul(half2x2, half2x1) or      : half2x4 mul(half2x1, half1x4) or      : half2x3 mul(half2x1, half1x3) or      : half2x2 mul(half2x1, half1x2) or      : half2x1 mul(half2x1, half1x1) or      : half1x4 mul(half1x4, half4x4) or      : half1x3 mul(half1x4, half4x3) or      : half1x2 mul(half1x4, half4x2) or      : half1x1 mul(half1x4, half4x1) or      : half1x4 mul(half1x3, half3x4) or      : half1x3 mul(half1x3, half3x3) or      : half1x2 mul(half1x3, half3x2) or      : half1x1 mul(half1x3, half3x1) or      : half1x4 mul(half1x2, half2x4) or      : half1x3 mul(half1x2, half2x3) or      : half1x2 mul(half1x2, half2x2) or      : half1x1 mul(half1x2, half2x1) or      : half1x4 mul(half1x1, half1x4) or      : half1x3 mul(half1x1, half1x3) or      : half1x2 mul(half1x1, half1x2) or      : half1x1 mul(half1x1, half1x1) or      : float4x4 mul(float4x4, float4x4) or      : float4x3 mul(float4x4, float4x3) or      : float4x2 mul(float4x4, float4x2) or      : float4x1 mul(float4x4, float4x1) or      : float4x4 mul(float4x3, float3x4) or      : float4x3 mul(float4x3, float3x3) or      : float4x2 mul(float4x3, float3x2) or      : float4x1 mul(float4x3, float3x1) or      : float4x4 mul(float4x2, float2x4) or      : float4x3 mul(float4x2, float2x3) or      : float4x2 mul(float4x2, float2x2) or      : float4x1 mul(float4x2, float2x1) or      : float4x4 mul(float4x1, float1x4) or      : float4x3 mul(float4x1, float1x3) or      : float4x2 mul(float4x1, float1x2) or      : float4x1 mul(float4x1, float1x1) or      : float3x4 mul(float3x4, float4x4) or      : float3x3 mul(float3x4, float4x3) or      : float3x2 mul(float3x4, float4x2) or      : float3x1 mul(float3x4, float4x1) or      : float3x4 mul(float3x3, float3x4) or      : float3x3 mul(float3x3, float3x3) or      : float3x2 mul(float3x3, float3x2) or      : float3x1 mul(float3x3, float3x1) or      : float3x4 mul(float3x2, float2x4) or      : float3x3 mul(float3x2, float2x3) or      : float3x2 mul(float3x2, float2x2) or      : float3x1 mul(float3x2, float2x1) or      : float3x4 mul(float3x1, float1x4) or      : float3x3 mul(float3x1, float1x3) or      : float3x2 mul(float3x1, float1x2) or      : float3x1 mul(float3x1, float1x1) or      : float2x4 mul(float2x4, float4x4) or      : float2x3 mul(float2x4, float4x3) or      : float2x2 mul(float2x4, float4x2) or      : float2x1 mul(float2x4, float4x1) or      : float2x4 mul(float2x3, float3x4) or      : float2x3 mul(float2x3, float3x3) or      : float2x2 mul(float2x3, float3x2) or      : float2x1 mul(float2x3, float3x1) or      : float2x4 mul(float2x2, float2x4) or      : float2x3 mul(float2x2, float2x3) or      : float2x2 mul(float2x2, float2x2) or      : float2x1 mul(float2x2, float2x1) or      : float2x4 mul(float2x1, float1x4) or      : float2x3 mul(float2x1, float1x3) or      : float2x2 mul(float2x1, float1x2) or      : float2x1 mul(float2x1, float1x1) or      : float1x4 mul(float1x4, float4x4) or      : float1x3 mul(float1x4, float4x3) or      : float1x2 mul(float1x4, float4x2) or      : float1x1 mul(float1x4, float4x1) or      : float1x4 mul(float1x3, float3x4) or      : float1x3 mul(float1x3, float3x3) or      : float1x2 mul(float1x3, float3x2) or      : float1x1 mul(float1x3, float3x1) or      : float1x4 mul(float1x2, float2x4) or      : float1x3 mul(float1x2, float2x3) or      : float1x2 mul(float1x2, float2x2) or      : float1x1 mul(float1x2, float2x1) or      : float1x4 mul(float1x1, float1x4) or      : float1x3 mul(float1x1, float1x3) or      : float1x2 mul(float1x1, float1x2) or      : float1x1 mul(float1x1, float1x1) or      : fixed mul(fixed, fixed1x1) or      : fixed mul(fixed2, fixed2x1) or      : fixed mul(fixed3, fixed3x1) or      : fixed mul(fixed4, fixed4x1) or      : fixed2 mul(fixed, fixed1x2) or      : fixed2 mul(fixed2, fixed2x2) or      : fixed2 mul(fixed3, fixed3x2) or      : fixed2 mul(fixed4, fixed4x2) or      : fixed3 mul(fixed, fixed1x3) or      : fixed3 mul(fixed2, fixed2x3) or      : fixed3 mul(fixed3, fixed3x3) or      : fixed3 mul(fixed4, fixed4x3) or      : fixed4 mul(fixed, fixed1x4) or      : fixed4 mul(fixed2, fixed2x4) or      : fixed4 mul(fixed3, fixed3x4) or      : fixed4 mul(fixed4, fixed4x4) or      : half mul(half, half1x1) or      : half mul(half2, half2x1) or      : half mul(half3, half3x1) or      : half mul(half4, half4x1) or      : half2 mul(half, half1x2) or      : half2 mul(half2, half2x2) or      : half2 mul(half3, half3x2) or      : half2 mul(half4, half4x2) or      : half3 mul(half, half1x3) or      : half3 mul(half2, half2x3) or      : half3 mul(half3, half3x3) or      : half3 mul(half4, half4x3) or      : half4 mul(half, half1x4) or      : half4 mul(half2, half2x4) or      : half4 mul(half3, half3x4) or      : half4 mul(half4, half4x4) or      : float mul(float, float1x1) or      : float mul(float2, float2x1) or      : float mul(float3, float3x1) or      : float mul(float4, float4x1) or      : float2 mul(float, float1x2) or      : float2 mul(float2, float2x2) or      : float2 mul(float3, float3x2) or      : float2 mul(float4, float4x2) or      : float3 mul(float, float1x3) or      : float3 mul(float2, float2x3) or      : float3 mul(float3, float3x3) or      : float3 mul(float4, float4x3) or      : float4 mul(float, float1x4) or      : float4 mul(float2, float2x4) or      : float4 mul(float3, float3x4) or      : float4 mul(float4, float4x4) or      : fixed mul(fixed1x1, fixed) or      : fixed mul(fixed1x2, fixed2) or      : fixed mul(fixed1x3, fixed3) or      : fixed mul(fixed1x4, fixed4) or      : fixed2 mul(fixed2x1, fixed) or      : fixed2 mul(fixed2x2, fixed2) or      : fixed2 mul(fixed2x3, fixed3) or      : fixed2 mul(fixed2x4, fixed4) or      : fixed3 mul(fixed3x1, fixed) or      : fixed3 mul(fixed3x2, fixed2) or      : fixed3 mul(fixed3x3, fixed3) or      : fixed3 mul(fixed3x4, fixed4) or      : fixed4 mul(fixed4x1, fixed) or      : fixed4 mul(fixed4x2, fixed2) or      : fixed4 mul(fixed4x3, fixed3) or      : fixed4 mul(fixed4x4, fixed4) or      : half mul(half1x1, half) or      : half mul(half1x2, half2) or      : half mul(half1x3, half3) or      : half mul(half1x4, half4) or      : half2 mul(half2x1, half) or      : half2 mul(half2x2, half2) or      : half2 mul(half2x3, half3) or      : half2 mul(half2x4, half4) or      : half3 mul(half3x1, half) or      : half3 mul(half3x2, half2) or      : half3 mul(half3x3, half3) or      : half3 mul(half3x4, half4) or      : half4 mul(half4x1, half) or      : half4 mul(half4x2, half2) or      : half4 mul(half4x3, half3) or      : half4 mul(half4x4, half4) or      : float mul(float1x1, float) or      : float mul(float1x2, float2) or      : float mul(float1x3, float3) or      : float mul(float1x4, float4) or      : float2 mul(float2x1, float) or      : float2 mul(float2x2, float2) or      : float2 mul(float2x3, float3) or      : float2 mul(float2x4, float4) or      : float3 mul(float3x1, float) or      : float3 mul(float3x2, float2) or      : float3 mul(float3x3, float3) or      : float3 mul(float3x4, float4) or      : float4 mul(float4x1, float) or      : float4 mul(float4x2, float2) or      : float4 mul(float4x3, float3) or      : float4 mul(float4x4, float4)\nCompiling Vertex program with UNITY_PASS_FORWARDADD POINT SHADOWS_CUBE SHADOWS_SOFT
Platform defines: UNITY_ENABLE_REFLECTION_BUFFERS UNITY_NO_SCREENSPACE_SHADOWS UNITY_PBS_USE_BRDF3 UNITY_SPECCUBE_BOX_PROJECTION SHADER_API_MOBILE UNITY_COLORSPACE_GAMMA UNITY_LIGHTMAP_RGBM_ENCODING
  error: 1 plat 10 at (262): Program 'vert', implicit cast from 'float4' to 'float3'\nCompiling Vertex program with UNITY_PASS_FORWARDADD POINT SHADOWS_CUBE SHADOWS_SOFT
Platform defines: UNITY_ENABLE_REFLECTION_BUFFERS UNITY_NO_SCREENSPACE_SHADOWS UNITY_PBS_USE_BRDF3 UNITY_SPECCUBE_BOX_PROJECTION SHADER_API_MOBILE UNITY_COLORSPACE_GAMMA UNITY_LIGHTMAP_RGBM_ENCODING
  error: 1 plat 10 at (301): Program 'vert', assignment causes implicit cast from 'float' to 'half'\nCompiling Vertex program with UNITY_PASS_FORWARDADD POINT SHADOWS_CUBE SHADOWS_SOFT
Platform defines: UNITY_ENABLE_REFLECTION_BUFFERS UNITY_NO_SCREENSPACE_SHADOWS UNITY_PBS_USE_BRDF3 UNITY_SPECCUBE_BOX_PROJECTION SHADER_API_MOBILE UNITY_COLORSPACE_GAMMA UNITY_LIGHTMAP_RGBM_ENCODING
  api=10 type=0 insize=4917 outsize=0 kw=UNITY_PASS_FORWARDADD POINT SHADOWS_CUBE SHADOWS_SOFT pd=UNITY_ENABLE_REFLECTION_BUFFERS UNITY_NO_SCREENSPACE_SHADOWS UNITY_PBS_USE_BRDF3 UNITY_SPECCUBE_BOX_PROJECTION SHADER_API_MOBILE UNITY_COLORSPACE_GAMMA UNITY_LIGHTMAP_RGBM_ENCODING ok=0
Cmd: compileSnippet
  error: 1 plat 10 at (26): Program 'fragAdd', implicit cast from 'float4' to 'float3'\nCompiling Fragment program with UNITY_PASS_FORWARDADD DIRECTIONAL_COOKIE LIGHTMAP_SHADOW_MIXING SHADOWS_SHADOWMASK
Platform defines: UNITY_ENABLE_REFLECTION_BUFFERS UNITY_NO_SCREENSPACE_SHADOWS UNITY_PBS_USE_BRDF3 UNITY_SPECCUBE_BOX_PROJECTION SHADER_API_MOBILE UNITY_COLORSPACE_GAMMA UNITY_LIGHTMAP_RGBM_ENCODING
  error: 1 plat 10 at (31): Program 'fragAdd', assignment causes implicit cast from 'float' to 'half'\nCompiling Fragment program with UNITY_PASS_FORWARDADD DIRECTIONAL_COOKIE LIGHTMAP_SHADOW_MIXING SHADOWS_SHADOWMASK
Platform defines: UNITY_ENABLE_REFLECTION_BUFFERS UNITY_NO_SCREENSPACE_SHADOWS UNITY_PBS_USE_BRDF3 UNITY_SPECCUBE_BOX_PROJECTION SHADER_API_MOBILE UNITY_COLORSPACE_GAMMA UNITY_LIGHTMAP_RGBM_ENCODING
  error: 1 plat 10 at (32): Program 'fragAdd', implicit cast from 'float3' to 'float'\nCompiling Fragment program with UNITY_PASS_FORWARDADD DIRECTIONAL_COOKIE LIGHTMAP_SHADOW_MIXING SHADOWS_SHADOWMASK
Platform defines: UNITY_ENABLE_REFLECTION_BUFFERS UNITY_NO_SCREENSPACE_SHADOWS UNITY_PBS_USE_BRDF3 UNITY_SPECCUBE_BOX_PROJECTION SHADER_API_MOBILE UNITY_COLORSPACE_GAMMA UNITY_LIGHTMAP_RGBM_ENCODING
  error: 1 plat 10 at (150): Program 'fragAdd', 'sign' shadows previous declaration\nprevious declaration was builtin:\nCompiling Fragment program with UNITY_PASS_FORWARDADD DIRECTIONAL_COOKIE LIGHTMAP_SHADOW_MIXING SHADOWS_SHADOWMASK
Platform defines: UNITY_ENABLE_REFLECTION_BUFFERS UNITY_NO_SCREENSPACE_SHADOWS UNITY_PBS_USE_BRDF3 UNITY_SPECCUBE_BOX_PROJECTION SHADER_API_MOBILE UNITY_COLORSPACE_GAMMA UNITY_LIGHTMAP_RGBM_ENCODING
  error: 1 plat 10 at (180): Program 'fragAdd', local variable 'ambient_contrib' is unreferenced\nCompiling Fragment program with UNITY_PASS_FORWARDADD DIRECTIONAL_COOKIE LIGHTMAP_SHADOW_MIXING SHADOWS_SHADOWMASK
Platform defines: UNITY_ENABLE_REFLECTION_BUFFERS UNITY_NO_SCREENSPACE_SHADOWS UNITY_PBS_USE_BRDF3 UNITY_SPECCUBE_BOX_PROJECTION SHADER_API_MOBILE UNITY_COLORSPACE_GAMMA UNITY_LIGHTMAP_RGBM_ENCODING
  error: 1 plat 10 at (186): Program 'fragAdd', function 'UnityWorldSpaceLightDir' that caused the implict cast was declared here\nCompiling Fragment program with UNITY_PASS_FORWARDADD DIRECTIONAL_COOKIE LIGHTMAP_SHADOW_MIXING SHADOWS_SHADOWMASK
Platform defines: UNITY_ENABLE_REFLECTION_BUFFERS UNITY_NO_SCREENSPACE_SHADOWS UNITY_PBS_USE_BRDF3 UNITY_SPECCUBE_BOX_PROJECTION SHADER_API_MOBILE UNITY_COLORSPACE_GAMMA UNITY_LIGHTMAP_RGBM_ENCODING
  error: 1 plat 10 at (238): Program 'fragAdd', local variable 'metalness' is unreferenced\nCompiling Fragment program with UNITY_PASS_FORWARDADD DIRECTIONAL_COOKIE LIGHTMAP_SHADOW_MIXING SHADOWS_SHADOWMASK
Platform defines: UNITY_ENABLE_REFLECTION_BUFFERS UNITY_NO_SCREENSPACE_SHADOWS UNITY_PBS_USE_BRDF3 UNITY_SPECCUBE_BOX_PROJECTION SHADER_API_MOBILE UNITY_COLORSPACE_GAMMA UNITY_LIGHTMAP_RGBM_ENCODING
  error: 1 plat 10 at (258): Program 'fragAdd', local variable 'lv' is unreferenced\nCompiling Fragment program with UNITY_PASS_FORWARDADD DIRECTIONAL_COOKIE LIGHTMAP_SHADOW_MIXING SHADOWS_SHADOWMASK
Platform defines: UNITY_ENABLE_REFLECTION_BUFFERS UNITY_NO_SCREENSPACE_SHADOWS UNITY_PBS_USE_BRDF3 UNITY_SPECCUBE_BOX_PROJECTION SHADER_API_MOBILE UNITY_COLORSPACE_GAMMA UNITY_LIGHTMAP_RGBM_ENCODING
  error: 2 plat 10 at (262): Program 'fragAdd', incompatible argument list for call to 'mul'. Found 288 possible candidates:\nfunction was called with params: (float3, float4) could be: fixed4x4 mul(fixed4x4, fixed4x4) or      : fixed4x3 mul(fixed4x4, fixed4x3) or      : fixed4x2 mul(fixed4x4, fixed4x2) or      : fixed4x1 mul(fixed4x4, fixed4x1) or      : fixed4x4 mul(fixed4x3, fixed3x4) or      : fixed4x3 mul(fixed4x3, fixed3x3) or      : fixed4x2 mul(fixed4x3, fixed3x2) or      : fixed4x1 mul(fixed4x3, fixed3x1) or      : fixed4x4 mul(fixed4x2, fixed2x4) or      : fixed4x3 mul(fixed4x2, fixed2x3) or      : fixed4x2 mul(fixed4x2, fixed2x2) or      : fixed4x1 mul(fixed4x2, fixed2x1) or      : fixed4x4 mul(fixed4x1, fixed1x4) or      : fixed4x3 mul(fixed4x1, fixed1x3) or      : fixed4x2 mul(fixed4x1, fixed1x2) or      : fixed4x1 mul(fixed4x1, fixed1x1) or      : fixed3x4 mul(fixed3x4, fixed4x4) or      : fixed3x3 mul(fixed3x4, fixed4x3) or      : fixed3x2 mul(fixed3x4, fixed4x2) or      : fixed3x1 mul(fixed3x4, fixed4x1) or      : fixed3x4 mul(fixed3x3, fixed3x4) or      : fixed3x3 mul(fixed3x3, fixed3x3) or      : fixed3x2 mul(fixed3x3, fixed3x2) or      : fixed3x1 mul(fixed3x3, fixed3x1) or      : fixed3x4 mul(fixed3x2, fixed2x4) or      : fixed3x3 mul(fixed3x2, fixed2x3) or      : fixed3x2 mul(fixed3x2, fixed2x2) or      : fixed3x1 mul(fixed3x2, fixed2x1) or      : fixed3x4 mul(fixed3x1, fixed1x4) or      : fixed3x3 mul(fixed3x1, fixed1x3) or      : fixed3x2 mul(fixed3x1, fixed1x2) or      : fixed3x1 mul(fixed3x1, fixed1x1) or      : fixed2x4 mul(fixed2x4, fixed4x4) or      : fixed2x3 mul(fixed2x4, fixed4x3) or      : fixed2x2 mul(fixed2x4, fixed4x2) or      : fixed2x1 mul(fixed2x4, fixed4x1) or      : fixed2x4 mul(fixed2x3, fixed3x4) or      : fixed2x3 mul(fixed2x3, fixed3x3) or      : fixed2x2 mul(fixed2x3, fixed3x2) or      : fixed2x1 mul(fixed2x3, fixed3x1) or      : fixed2x4 mul(fixed2x2, fixed2x4) or      : fixed2x3 mul(fixed2x2, fixed2x3) or      : fixed2x2 mul(fixed2x2, fixed2x2) or      : fixed2x1 mul(fixed2x2, fixed2x1) or      : fixed2x4 mul(fixed2x1, fixed1x4) or      : fixed2x3 mul(fixed2x1, fixed1x3) or      : fixed2x2 mul(fixed2x1, fixed1x2) or      : fixed2x1 mul(fixed2x1, fixed1x1) or      : fixed1x4 mul(fixed1x4, fixed4x4) or      : fixed1x3 mul(fixed1x4, fixed4x3) or      : fixed1x2 mul(fixed1x4, fixed4x2) or      : fixed1x1 mul(fixed1x4, fixed4x1) or      : fixed1x4 mul(fixed1x3, fixed3x4) or      : fixed1x3 mul(fixed1x3, fixed3x3) or      : fixed1x2 mul(fixed1x3, fixed3x2) or      : fixed1x1 mul(fixed1x3, fixed3x1) or      : fixed1x4 mul(fixed1x2, fixed2x4) or      : fixed1x3 mul(fixed1x2, fixed2x3) or      : fixed1x2 mul(fixed1x2, fixed2x2) or      : fixed1x1 mul(fixed1x2, fixed2x1) or      : fixed1x4 mul(fixed1x1, fixed1x4) or      : fixed1x3 mul(fixed1x1, fixed1x3) or      : fixed1x2 mul(fixed1x1, fixed1x2) or      : fixed1x1 mul(fixed1x1, fixed1x1) or      : half4x4 mul(half4x4, half4x4) or      : half4x3 mul(half4x4, half4x3) or      : half4x2 mul(half4x4, half4x2) or      : half4x1 mul(half4x4, half4x1) or      : half4x4 mul(half4x3, half3x4) or      : half4x3 mul(half4x3, half3x3) or      : half4x2 mul(half4x3, half3x2) or      : half4x1 mul(half4x3, half3x1) or      : half4x4 mul(half4x2, half2x4) or      : half4x3 mul(half4x2, half2x3) or      : half4x2 mul(half4x2, half2x2) or      : half4x1 mul(half4x2, half2x1) or      : half4x4 mul(half4x1, half1x4) or      : half4x3 mul(half4x1, half1x3) or      : half4x2 mul(half4x1, half1x2) or      : half4x1 mul(half4x1, half1x1) or      : half3x4 mul(half3x4, half4x4) or      : half3x3 mul(half3x4, half4x3) or      : half3x2 mul(half3x4, half4x2) or      : half3x1 mul(half3x4, half4x1) or      : half3x4 mul(half3x3, half3x4) or      : half3x3 mul(half3x3, half3x3) or      : half3x2 mul(half3x3, half3x2) or      : half3x1 mul(half3x3, half3x1) or      : half3x4 mul(half3x2, half2x4) or      : half3x3 mul(half3x2, half2x3) or      : half3x2 mul(half3x2, half2x2) or      : half3x1 mul(half3x2, half2x1) or      : half3x4 mul(half3x1, half1x4) or      : half3x3 mul(half3x1, half1x3) or      : half3x2 mul(half3x1, half1x2) or      : half3x1 mul(half3x1, half1x1) or      : half2x4 mul(half2x4, half4x4) or      : half2x3 mul(half2x4, half4x3) or      : half2x2 mul(half2x4, half4x2) or      : half2x1 mul(half2x4, half4x1) or      : half2x4 mul(half2x3, half3x4) or      : half2x3 mul(half2x3, half3x3) or      : half2x2 mul(half2x3, half3x2) or      : half2x1 mul(half2x3, half3x1) or      : half2x4 mul(half2x2, half2x4) or      : half2x3 mul(half2x2, half2x3) or      : half2x2 mul(half2x2, half2x2) or      : half2x1 mul(half2x2, half2x1) or      : half2x4 mul(half2x1, half1x4) or      : half2x3 mul(half2x1, half1x3) or      : half2x2 mul(half2x1, half1x2) or      : half2x1 mul(half2x1, half1x1) or      : half1x4 mul(half1x4, half4x4) or      : half1x3 mul(half1x4, half4x3) or      : half1x2 mul(half1x4, half4x2) or      : half1x1 mul(half1x4, half4x1) or      : half1x4 mul(half1x3, half3x4) or      : half1x3 mul(half1x3, half3x3) or      : half1x2 mul(half1x3, half3x2) or      : half1x1 mul(half1x3, half3x1) or      : half1x4 mul(half1x2, half2x4) or      : half1x3 mul(half1x2, half2x3) or      : half1x2 mul(half1x2, half2x2) or      : half1x1 mul(half1x2, half2x1) or      : half1x4 mul(half1x1, half1x4) or      : half1x3 mul(half1x1, half1x3) or      : half1x2 mul(half1x1, half1x2) or      : half1x1 mul(half1x1, half1x1) or      : float4x4 mul(float4x4, float4x4) or      : float4x3 mul(float4x4, float4x3) or      : float4x2 mul(float4x4, float4x2) or      : float4x1 mul(float4x4, float4x1) or      : float4x4 mul(float4x3, float3x4) or      : float4x3 mul(float4x3, float3x3) or      : float4x2 mul(float4x3, float3x2) or      : float4x1 mul(float4x3, float3x1) or      : float4x4 mul(float4x2, float2x4) or      : float4x3 mul(float4x2, float2x3) or      : float4x2 mul(float4x2, float2x2) or      : float4x1 mul(float4x2, float2x1) or      : float4x4 mul(float4x1, float1x4) or      : float4x3 mul(float4x1, float1x3) or      : float4x2 mul(float4x1, float1x2) or      : float4x1 mul(float4x1, float1x1) or      : float3x4 mul(float3x4, float4x4) or      : float3x3 mul(float3x4, float4x3) or      : float3x2 mul(float3x4, float4x2) or      : float3x1 mul(float3x4, float4x1) or      : float3x4 mul(float3x3, float3x4) or      : float3x3 mul(float3x3, float3x3) or      : float3x2 mul(float3x3, float3x2) or      : float3x1 mul(float3x3, float3x1) or      : float3x4 mul(float3x2, float2x4) or      : float3x3 mul(float3x2, float2x3) or      : float3x2 mul(float3x2, float2x2) or      : float3x1 mul(float3x2, float2x1) or      : float3x4 mul(float3x1, float1x4) or      : float3x3 mul(float3x1, float1x3) or      : float3x2 mul(float3x1, float1x2) or      : float3x1 mul(float3x1, float1x1) or      : float2x4 mul(float2x4, float4x4) or      : float2x3 mul(float2x4, float4x3) or      : float2x2 mul(float2x4, float4x2) or      : float2x1 mul(float2x4, float4x1) or      : float2x4 mul(float2x3, float3x4) or      : float2x3 mul(float2x3, float3x3) or      : float2x2 mul(float2x3, float3x2) or      : float2x1 mul(float2x3, float3x1) or      : float2x4 mul(float2x2, float2x4) or      : float2x3 mul(float2x2, float2x3) or      : float2x2 mul(float2x2, float2x2) or      : float2x1 mul(float2x2, float2x1) or      : float2x4 mul(float2x1, float1x4) or      : float2x3 mul(float2x1, float1x3) or      : float2x2 mul(float2x1, float1x2) or      : float2x1 mul(float2x1, float1x1) or      : float1x4 mul(float1x4, float4x4) or      : float1x3 mul(float1x4, float4x3) or      : float1x2 mul(float1x4, float4x2) or      : float1x1 mul(float1x4, float4x1) or      : float1x4 mul(float1x3, float3x4) or      : float1x3 mul(float1x3, float3x3) or      : float1x2 mul(float1x3, float3x2) or      : float1x1 mul(float1x3, float3x1) or      : float1x4 mul(float1x2, float2x4) or      : float1x3 mul(float1x2, float2x3) or      : float1x2 mul(float1x2, float2x2) or      : float1x1 mul(float1x2, float2x1) or      : float1x4 mul(float1x1, float1x4) or      : float1x3 mul(float1x1, float1x3) or      : float1x2 mul(float1x1, float1x2) or      : float1x1 mul(float1x1, float1x1) or      : fixed mul(fixed, fixed1x1) or      : fixed mul(fixed2, fixed2x1) or      : fixed mul(fixed3, fixed3x1) or      : fixed mul(fixed4, fixed4x1) or      : fixed2 mul(fixed, fixed1x2) or      : fixed2 mul(fixed2, fixed2x2) or      : fixed2 mul(fixed3, fixed3x2) or      : fixed2 mul(fixed4, fixed4x2) or      : fixed3 mul(fixed, fixed1x3) or      : fixed3 mul(fixed2, fixed2x3) or      : fixed3 mul(fixed3, fixed3x3) or      : fixed3 mul(fixed4, fixed4x3) or      : fixed4 mul(fixed, fixed1x4) or      : fixed4 mul(fixed2, fixed2x4) or      : fixed4 mul(fixed3, fixed3x4) or      : fixed4 mul(fixed4, fixed4x4) or      : half mul(half, half1x1) or      : half mul(half2, half2x1) or      : half mul(half3, half3x1) or      : half mul(half4, half4x1) or      : half2 mul(half, half1x2) or      : half2 mul(half2, half2x2) or      : half2 mul(half3, half3x2) or      : half2 mul(half4, half4x2) or      : half3 mul(half, half1x3) or      : half3 mul(half2, half2x3) or      : half3 mul(half3, half3x3) or      : half3 mul(half4, half4x3) or      : half4 mul(half, half1x4) or      : half4 mul(half2, half2x4) or      : half4 mul(half3, half3x4) or      : half4 mul(half4, half4x4) or      : float mul(float, float1x1) or      : float mul(float2, float2x1) or      : float mul(float3, float3x1) or      : float mul(float4, float4x1) or      : float2 mul(float, float1x2) or      : float2 mul(float2, float2x2) or      : float2 mul(float3, float3x2) or      : float2 mul(float4, float4x2) or      : float3 mul(float, float1x3) or      : float3 mul(float2, float2x3) or      : float3 mul(float3, float3x3) or      : float3 mul(float4, float4x3) or      : float4 mul(float, float1x4) or      : float4 mul(float2, float2x4) or      : float4 mul(float3, float3x4) or      : float4 mul(float4, float4x4) or      : fixed mul(fixed1x1, fixed) or      : fixed mul(fixed1x2, fixed2) or      : fixed mul(fixed1x3, fixed3) or      : fixed mul(fixed1x4, fixed4) or      : fixed2 mul(fixed2x1, fixed) or      : fixed2 mul(fixed2x2, fixed2) or      : fixed2 mul(fixed2x3, fixed3) or      : fixed2 mul(fixed2x4, fixed4) or      : fixed3 mul(fixed3x1, fixed) or      : fixed3 mul(fixed3x2, fixed2) or      : fixed3 mul(fixed3x3, fixed3) or      : fixed3 mul(fixed3x4, fixed4) or      : fixed4 mul(fixed4x1, fixed) or      : fixed4 mul(fixed4x2, fixed2) or      : fixed4 mul(fixed4x3, fixed3) or      : fixed4 mul(fixed4x4, fixed4) or      : half mul(half1x1, half) or      : half mul(half1x2, half2) or      : half mul(half1x3, half3) or      : half mul(half1x4, half4) or      : half2 mul(half2x1, half) or      : half2 mul(half2x2, half2) or      : half2 mul(half2x3, half3) or      : half2 mul(half2x4, half4) or      : half3 mul(half3x1, half) or      : half3 mul(half3x2, half2) or      : half3 mul(half3x3, half3) or      : half3 mul(half3x4, half4) or      : half4 mul(half4x1, half) or      : half4 mul(half4x2, half2) or      : half4 mul(half4x3, half3) or      : half4 mul(half4x4, half4) or      : float mul(float1x1, float) or      : float mul(float1x2, float2) or      : float mul(float1x3, float3) or      : float mul(float1x4, float4) or      : float2 mul(float2x1, float) or      : float2 mul(float2x2, float2) or      : float2 mul(float2x3, float3) or      : float2 mul(float2x4, float4) or      : float3 mul(float3x1, float) or      : float3 mul(float3x2, float2) or      : float3 mul(float3x3, float3) or      : float3 mul(float3x4, float4) or      : float4 mul(float4x1, float) or      : float4 mul(float4x2, float2) or      : float4 mul(float4x3, float3) or      : float4 mul(float4x4, float4)\nCompiling Fragment program with UNITY_PASS_FORWARDADD DIRECTIONAL_COOKIE LIGHTMAP_SHADOW_MIXING SHADOWS_SHADOWMASK
Platform defines: UNITY_ENABLE_REFLECTION_BUFFERS UNITY_NO_SCREENSPACE_SHADOWS UNITY_PBS_USE_BRDF3 UNITY_SPECCUBE_BOX_PROJECTION SHADER_API_MOBILE UNITY_COLORSPACE_GAMMA UNITY_LIGHTMAP_RGBM_ENCODING
  error: 1 plat 10 at (262): Program 'fragAdd', implicit cast from 'float4' to 'float3'\nCompiling Fragment program with UNITY_PASS_FORWARDADD DIRECTIONAL_COOKIE LIGHTMAP_SHADOW_MIXING SHADOWS_SHADOWMASK
Platform defines: UNITY_ENABLE_REFLECTION_BUFFERS UNITY_NO_SCREENSPACE_SHADOWS UNITY_PBS_USE_BRDF3 UNITY_SPECCUBE_BOX_PROJECTION SHADER_API_MOBILE UNITY_COLORSPACE_GAMMA UNITY_LIGHTMAP_RGBM_ENCODING
  error: 1 plat 10 at (301): Program 'fragAdd', assignment causes implicit cast from 'float' to 'half'\nCompiling Fragment program with UNITY_PASS_FORWARDADD DIRECTIONAL_COOKIE LIGHTMAP_SHADOW_MIXING SHADOWS_SHADOWMASK
Platform defines: UNITY_ENABLE_REFLECTION_BUFFERS UNITY_NO_SCREENSPACE_SHADOWS UNITY_PBS_USE_BRDF3 UNITY_SPECCUBE_BOX_PROJECTION SHADER_API_MOBILE UNITY_COLORSPACE_GAMMA UNITY_LIGHTMAP_RGBM_ENCODING
  api=10 type=1 insize=4917 outsize=0 kw=UNITY_PASS_FORWARDADD DIRECTIONAL_COOKIE LIGHTMAP_SHADOW_MIXING SHADOWS_SHADOWMASK pd=UNITY_ENABLE_REFLECTION_BUFFERS UNITY_NO_SCREENSPACE_SHADOWS UNITY_PBS_USE_BRDF3 UNITY_SPECCUBE_BOX_PROJECTION SHADER_API_MOBILE UNITY_COLORSPACE_GAMMA UNITY_LIGHTMAP_RGBM_ENCODING ok=0
Cmd: compileSnippet
  error: 1 plat 10 at (26): Program 'fragAdd', implicit cast from 'float4' to 'float3'\nCompiling Fragment program with UNITY_PASS_FORWARDADD POINT SHADOWS_CUBE
Platform defines: UNITY_ENABLE_REFLECTION_BUFFERS UNITY_NO_SCREENSPACE_SHADOWS UNITY_PBS_USE_BRDF3 UNITY_SPECCUBE_BOX_PROJECTION SHADER_API_MOBILE UNITY_COLORSPACE_GAMMA UNITY_LIGHTMAP_RGBM_ENCODING
  error: 1 plat 10 at (31): Program 'fragAdd', assignment causes implicit cast from 'float' to 'half'\nCompiling Fragment program with UNITY_PASS_FORWARDADD POINT SHADOWS_CUBE
Platform defines: UNITY_ENABLE_REFLECTION_BUFFERS UNITY_NO_SCREENSPACE_SHADOWS UNITY_PBS_USE_BRDF3 UNITY_SPECCUBE_BOX_PROJECTION SHADER_API_MOBILE UNITY_COLORSPACE_GAMMA UNITY_LIGHTMAP_RGBM_ENCODING
  error: 1 plat 10 at (32): Program 'fragAdd', implicit cast from 'float3' to 'float'\nCompiling Fragment program with UNITY_PASS_FORWARDADD POINT SHADOWS_CUBE
Platform defines: UNITY_ENABLE_REFLECTION_BUFFERS UNITY_NO_SCREENSPACE_SHADOWS UNITY_PBS_USE_BRDF3 UNITY_SPECCUBE_BOX_PROJECTION SHADER_API_MOBILE UNITY_COLORSPACE_GAMMA UNITY_LIGHTMAP_RGBM_ENCODING
  error: 1 plat 10 at (150): Program 'fragAdd', 'sign' shadows previous declaration\nprevious declaration was builtin:\nCompiling Fragment program with UNITY_PASS_FORWARDADD POINT SHADOWS_CUBE
Platform defines: UNITY_ENABLE_REFLECTION_BUFFERS UNITY_NO_SCREENSPACE_SHADOWS UNITY_PBS_USE_BRDF3 UNITY_SPECCUBE_BOX_PROJECTION SHADER_API_MOBILE UNITY_COLORSPACE_GAMMA UNITY_LIGHTMAP_RGBM_ENCODING
  error: 1 plat 10 at (180): Program 'fragAdd', local variable 'ambient_contrib' is unreferenced\nCompiling Fragment program with UNITY_PASS_FORWARDADD POINT SHADOWS_CUBE
Platform defines: UNITY_ENABLE_REFLECTION_BUFFERS UNITY_NO_SCREENSPACE_SHADOWS UNITY_PBS_USE_BRDF3 UNITY_SPECCUBE_BOX_PROJECTION SHADER_API_MOBILE UNITY_COLORSPACE_GAMMA UNITY_LIGHTMAP_RGBM_ENCODING
  error: 1 plat 10 at (186): Program 'fragAdd', function 'UnityWorldSpaceLightDir' that caused the implict cast was declared here\nCompiling Fragment program with UNITY_PASS_FORWARDADD POINT SHADOWS_CUBE
Platform defines: UNITY_ENABLE_REFLECTION_BUFFERS UNITY_NO_SCREENSPACE_SHADOWS UNITY_PBS_USE_BRDF3 UNITY_SPECCUBE_BOX_PROJECTION SHADER_API_MOBILE UNITY_COLORSPACE_GAMMA UNITY_LIGHTMAP_RGBM_ENCODING
  error: 1 plat 10 at (238): Program 'fragAdd', local variable 'metalness' is unreferenced\nCompiling Fragment program with UNITY_PASS_FORWARDADD POINT SHADOWS_CUBE
Platform defines: UNITY_ENABLE_REFLECTION_BUFFERS UNITY_NO_SCREENSPACE_SHADOWS UNITY_PBS_USE_BRDF3 UNITY_SPECCUBE_BOX_PROJECTION SHADER_API_MOBILE UNITY_COLORSPACE_GAMMA UNITY_LIGHTMAP_RGBM_ENCODING
  error: 1 plat 10 at (258): Program 'fragAdd', local variable 'lv' is unreferenced\nCompiling Fragment program with UNITY_PASS_FORWARDADD POINT SHADOWS_CUBE
Platform defines: UNITY_ENABLE_REFLECTION_BUFFERS UNITY_NO_SCREENSPACE_SHADOWS UNITY_PBS_USE_BRDF3 UNITY_SPECCUBE_BOX_PROJECTION SHADER_API_MOBILE UNITY_COLORSPACE_GAMMA UNITY_LIGHTMAP_RGBM_ENCODING
  error: 2 plat 10 at (262): Program 'fragAdd', incompatible argument list for call to 'mul'. Found 288 possible candidates:\nfunction was called with params: (float3, float4) could be: fixed4x4 mul(fixed4x4, fixed4x4) or      : fixed4x3 mul(fixed4x4, fixed4x3) or      : fixed4x2 mul(fixed4x4, fixed4x2) or      : fixed4x1 mul(fixed4x4, fixed4x1) or      : fixed4x4 mul(fixed4x3, fixed3x4) or      : fixed4x3 mul(fixed4x3, fixed3x3) or      : fixed4x2 mul(fixed4x3, fixed3x2) or      : fixed4x1 mul(fixed4x3, fixed3x1) or      : fixed4x4 mul(fixed4x2, fixed2x4) or      : fixed4x3 mul(fixed4x2, fixed2x3) or      : fixed4x2 mul(fixed4x2, fixed2x2) or      : fixed4x1 mul(fixed4x2, fixed2x1) or      : fixed4x4 mul(fixed4x1, fixed1x4) or      : fixed4x3 mul(fixed4x1, fixed1x3) or      : fixed4x2 mul(fixed4x1, fixed1x2) or      : fixed4x1 mul(fixed4x1, fixed1x1) or      : fixed3x4 mul(fixed3x4, fixed4x4) or      : fixed3x3 mul(fixed3x4, fixed4x3) or      : fixed3x2 mul(fixed3x4, fixed4x2) or      : fixed3x1 mul(fixed3x4, fixed4x1) or      : fixed3x4 mul(fixed3x3, fixed3x4) or      : fixed3x3 mul(fixed3x3, fixed3x3) or      : fixed3x2 mul(fixed3x3, fixed3x2) or      : fixed3x1 mul(fixed3x3, fixed3x1) or      : fixed3x4 mul(fixed3x2, fixed2x4) or      : fixed3x3 mul(fixed3x2, fixed2x3) or      : fixed3x2 mul(fixed3x2, fixed2x2) or      : fixed3x1 mul(fixed3x2, fixed2x1) or      : fixed3x4 mul(fixed3x1, fixed1x4) or      : fixed3x3 mul(fixed3x1, fixed1x3) or      : fixed3x2 mul(fixed3x1, fixed1x2) or      : fixed3x1 mul(fixed3x1, fixed1x1) or      : fixed2x4 mul(fixed2x4, fixed4x4) or      : fixed2x3 mul(fixed2x4, fixed4x3) or      : fixed2x2 mul(fixed2x4, fixed4x2) or      : fixed2x1 mul(fixed2x4, fixed4x1) or      : fixed2x4 mul(fixed2x3, fixed3x4) or      : fixed2x3 mul(fixed2x3, fixed3x3) or      : fixed2x2 mul(fixed2x3, fixed3x2) or      : fixed2x1 mul(fixed2x3, fixed3x1) or      : fixed2x4 mul(fixed2x2, fixed2x4) or      : fixed2x3 mul(fixed2x2, fixed2x3) or      : fixed2x2 mul(fixed2x2, fixed2x2) or      : fixed2x1 mul(fixed2x2, fixed2x1) or      : fixed2x4 mul(fixed2x1, fixed1x4) or      : fixed2x3 mul(fixed2x1, fixed1x3) or      : fixed2x2 mul(fixed2x1, fixed1x2) or      : fixed2x1 mul(fixed2x1, fixed1x1) or      : fixed1x4 mul(fixed1x4, fixed4x4) or      : fixed1x3 mul(fixed1x4, fixed4x3) or      : fixed1x2 mul(fixed1x4, fixed4x2) or      : fixed1x1 mul(fixed1x4, fixed4x1) or      : fixed1x4 mul(fixed1x3, fixed3x4) or      : fixed1x3 mul(fixed1x3, fixed3x3) or      : fixed1x2 mul(fixed1x3, fixed3x2) or      : fixed1x1 mul(fixed1x3, fixed3x1) or      : fixed1x4 mul(fixed1x2, fixed2x4) or      : fixed1x3 mul(fixed1x2, fixed2x3) or      : fixed1x2 mul(fixed1x2, fixed2x2) or      : fixed1x1 mul(fixed1x2, fixed2x1) or      : fixed1x4 mul(fixed1x1, fixed1x4) or      : fixed1x3 mul(fixed1x1, fixed1x3) or      : fixed1x2 mul(fixed1x1, fixed1x2) or      : fixed1x1 mul(fixed1x1, fixed1x1) or      : half4x4 mul(half4x4, half4x4) or      : half4x3 mul(half4x4, half4x3) or      : half4x2 mul(half4x4, half4x2) or      : half4x1 mul(half4x4, half4x1) or      : half4x4 mul(half4x3, half3x4) or      : half4x3 mul(half4x3, half3x3) or      : half4x2 mul(half4x3, half3x2) or      : half4x1 mul(half4x3, half3x1) or      : half4x4 mul(half4x2, half2x4) or      : half4x3 mul(half4x2, half2x3) or      : half4x2 mul(half4x2, half2x2) or      : half4x1 mul(half4x2, half2x1) or      : half4x4 mul(half4x1, half1x4) or      : half4x3 mul(half4x1, half1x3) or      : half4x2 mul(half4x1, half1x2) or      : half4x1 mul(half4x1, half1x1) or      : half3x4 mul(half3x4, half4x4) or      : half3x3 mul(half3x4, half4x3) or      : half3x2 mul(half3x4, half4x2) or      : half3x1 mul(half3x4, half4x1) or      : half3x4 mul(half3x3, half3x4) or      : half3x3 mul(half3x3, half3x3) or      : half3x2 mul(half3x3, half3x2) or      : half3x1 mul(half3x3, half3x1) or      : half3x4 mul(half3x2, half2x4) or      : half3x3 mul(half3x2, half2x3) or      : half3x2 mul(half3x2, half2x2) or      : half3x1 mul(half3x2, half2x1) or      : half3x4 mul(half3x1, half1x4) or      : half3x3 mul(half3x1, half1x3) or      : half3x2 mul(half3x1, half1x2) or      : half3x1 mul(half3x1, half1x1) or      : half2x4 mul(half2x4, half4x4) or      : half2x3 mul(half2x4, half4x3) or      : half2x2 mul(half2x4, half4x2) or      : half2x1 mul(half2x4, half4x1) or      : half2x4 mul(half2x3, half3x4) or      : half2x3 mul(half2x3, half3x3) or      : half2x2 mul(half2x3, half3x2) or      : half2x1 mul(half2x3, half3x1) or      : half2x4 mul(half2x2, half2x4) or      : half2x3 mul(half2x2, half2x3) or      : half2x2 mul(half2x2, half2x2) or      : half2x1 mul(half2x2, half2x1) or      : half2x4 mul(half2x1, half1x4) or      : half2x3 mul(half2x1, half1x3) or      : half2x2 mul(half2x1, half1x2) or      : half2x1 mul(half2x1, half1x1) or      : half1x4 mul(half1x4, half4x4) or      : half1x3 mul(half1x4, half4x3) or      : half1x2 mul(half1x4, half4x2) or      : half1x1 mul(half1x4, half4x1) or      : half1x4 mul(half1x3, half3x4) or      : half1x3 mul(half1x3, half3x3) or      : half1x2 mul(half1x3, half3x2) or      : half1x1 mul(half1x3, half3x1) or      : half1x4 mul(half1x2, half2x4) or      : half1x3 mul(half1x2, half2x3) or      : half1x2 mul(half1x2, half2x2) or      : half1x1 mul(half1x2, half2x1) or      : half1x4 mul(half1x1, half1x4) or      : half1x3 mul(half1x1, half1x3) or      : half1x2 mul(half1x1, half1x2) or      : half1x1 mul(half1x1, half1x1) or      : float4x4 mul(float4x4, float4x4) or      : float4x3 mul(float4x4, float4x3) or      : float4x2 mul(float4x4, float4x2) or      : float4x1 mul(float4x4, float4x1) or      : float4x4 mul(float4x3, float3x4) or      : float4x3 mul(float4x3, float3x3) or      : float4x2 mul(float4x3, float3x2) or      : float4x1 mul(float4x3, float3x1) or      : float4x4 mul(float4x2, float2x4) or      : float4x3 mul(float4x2, float2x3) or      : float4x2 mul(float4x2, float2x2) or      : float4x1 mul(float4x2, float2x1) or      : float4x4 mul(float4x1, float1x4) or      : float4x3 mul(float4x1, float1x3) or      : float4x2 mul(float4x1, float1x2) or      : float4x1 mul(float4x1, float1x1) or      : float3x4 mul(float3x4, float4x4) or      : float3x3 mul(float3x4, float4x3) or      : float3x2 mul(float3x4, float4x2) or      : float3x1 mul(float3x4, float4x1) or      : float3x4 mul(float3x3, float3x4) or      : float3x3 mul(float3x3, float3x3) or      : float3x2 mul(float3x3, float3x2) or      : float3x1 mul(float3x3, float3x1) or      : float3x4 mul(float3x2, float2x4) or      : float3x3 mul(float3x2, float2x3) or      : float3x2 mul(float3x2, float2x2) or      : float3x1 mul(float3x2, float2x1) or      : float3x4 mul(float3x1, float1x4) or      : float3x3 mul(float3x1, float1x3) or      : float3x2 mul(float3x1, float1x2) or      : float3x1 mul(float3x1, float1x1) or      : float2x4 mul(float2x4, float4x4) or      : float2x3 mul(float2x4, float4x3) or      : float2x2 mul(float2x4, float4x2) or      : float2x1 mul(float2x4, float4x1) or      : float2x4 mul(float2x3, float3x4) or      : float2x3 mul(float2x3, float3x3) or      : float2x2 mul(float2x3, float3x2) or      : float2x1 mul(float2x3, float3x1) or      : float2x4 mul(float2x2, float2x4) or      : float2x3 mul(float2x2, float2x3) or      : float2x2 mul(float2x2, float2x2) or      : float2x1 mul(float2x2, float2x1) or      : float2x4 mul(float2x1, float1x4) or      : float2x3 mul(float2x1, float1x3) or      : float2x2 mul(float2x1, float1x2) or      : float2x1 mul(float2x1, float1x1) or      : float1x4 mul(float1x4, float4x4) or      : float1x3 mul(float1x4, float4x3) or      : float1x2 mul(float1x4, float4x2) or      : float1x1 mul(float1x4, float4x1) or      : float1x4 mul(float1x3, float3x4) or      : float1x3 mul(float1x3, float3x3) or      : float1x2 mul(float1x3, float3x2) or      : float1x1 mul(float1x3, float3x1) or      : float1x4 mul(float1x2, float2x4) or      : float1x3 mul(float1x2, float2x3) or      : float1x2 mul(float1x2, float2x2) or      : float1x1 mul(float1x2, float2x1) or      : float1x4 mul(float1x1, float1x4) or      : float1x3 mul(float1x1, float1x3) or      : float1x2 mul(float1x1, float1x2) or      : float1x1 mul(float1x1, float1x1) or      : fixed mul(fixed, fixed1x1) or      : fixed mul(fixed2, fixed2x1) or      : fixed mul(fixed3, fixed3x1) or      : fixed mul(fixed4, fixed4x1) or      : fixed2 mul(fixed, fixed1x2) or      : fixed2 mul(fixed2, fixed2x2) or      : fixed2 mul(fixed3, fixed3x2) or      : fixed2 mul(fixed4, fixed4x2) or      : fixed3 mul(fixed, fixed1x3) or      : fixed3 mul(fixed2, fixed2x3) or      : fixed3 mul(fixed3, fixed3x3) or      : fixed3 mul(fixed4, fixed4x3) or      : fixed4 mul(fixed, fixed1x4) or      : fixed4 mul(fixed2, fixed2x4) or      : fixed4 mul(fixed3, fixed3x4) or      : fixed4 mul(fixed4, fixed4x4) or      : half mul(half, half1x1) or      : half mul(half2, half2x1) or      : half mul(half3, half3x1) or      : half mul(half4, half4x1) or      : half2 mul(half, half1x2) or      : half2 mul(half2, half2x2) or      : half2 mul(half3, half3x2) or      : half2 mul(half4, half4x2) or      : half3 mul(half, half1x3) or      : half3 mul(half2, half2x3) or      : half3 mul(half3, half3x3) or      : half3 mul(half4, half4x3) or      : half4 mul(half, half1x4) or      : half4 mul(half2, half2x4) or      : half4 mul(half3, half3x4) or      : half4 mul(half4, half4x4) or      : float mul(float, float1x1) or      : float mul(float2, float2x1) or      : float mul(float3, float3x1) or      : float mul(float4, float4x1) or      : float2 mul(float, float1x2) or      : float2 mul(float2, float2x2) or      : float2 mul(float3, float3x2) or      : float2 mul(float4, float4x2) or      : float3 mul(float, float1x3) or      : float3 mul(float2, float2x3) or      : float3 mul(float3, float3x3) or      : float3 mul(float4, float4x3) or      : float4 mul(float, float1x4) or      : float4 mul(float2, float2x4) or      : float4 mul(float3, float3x4) or      : float4 mul(float4, float4x4) or      : fixed mul(fixed1x1, fixed) or      : fixed mul(fixed1x2, fixed2) or      : fixed mul(fixed1x3, fixed3) or      : fixed mul(fixed1x4, fixed4) or      : fixed2 mul(fixed2x1, fixed) or      : fixed2 mul(fixed2x2, fixed2) or      : fixed2 mul(fixed2x3, fixed3) or      : fixed2 mul(fixed2x4, fixed4) or      : fixed3 mul(fixed3x1, fixed) or      : fixed3 mul(fixed3x2, fixed2) or      : fixed3 mul(fixed3x3, fixed3) or      : fixed3 mul(fixed3x4, fixed4) or      : fixed4 mul(fixed4x1, fixed) or      : fixed4 mul(fixed4x2, fixed2) or      : fixed4 mul(fixed4x3, fixed3) or      : fixed4 mul(fixed4x4, fixed4) or      : half mul(half1x1, half) or      : half mul(half1x2, half2) or      : half mul(half1x3, half3) or      : half mul(half1x4, half4) or      : half2 mul(half2x1, half) or      : half2 mul(half2x2, half2) or      : half2 mul(half2x3, half3) or      : half2 mul(half2x4, half4) or      : half3 mul(half3x1, half) or      : half3 mul(half3x2, half2) or      : half3 mul(half3x3, half3) or      : half3 mul(half3x4, half4) or      : half4 mul(half4x1, half) or      : half4 mul(half4x2, half2) or      : half4 mul(half4x3, half3) or      : half4 mul(half4x4, half4) or      : float mul(float1x1, float) or      : float mul(float1x2, float2) or      : float mul(float1x3, float3) or      : float mul(float1x4, float4) or      : float2 mul(float2x1, float) or      : float2 mul(float2x2, float2) or      : float2 mul(float2x3, float3) or      : float2 mul(float2x4, float4) or      : float3 mul(float3x1, float) or      : float3 mul(float3x2, float2) or      : float3 mul(float3x3, float3) or      : float3 mul(float3x4, float4) or      : float4 mul(float4x1, float) or      : float4 mul(float4x2, float2) or      : float4 mul(float4x3, float3) or      : float4 mul(float4x4, float4)\nCompiling Fragment program with UNITY_PASS_FORWARDADD POINT SHADOWS_CUBE
Platform defines: UNITY_ENABLE_REFLECTION_BUFFERS UNITY_NO_SCREENSPACE_SHADOWS UNITY_PBS_USE_BRDF3 UNITY_SPECCUBE_BOX_PROJECTION SHADER_API_MOBILE UNITY_COLORSPACE_GAMMA UNITY_LIGHTMAP_RGBM_ENCODING
  error: 1 plat 10 at (262): Program 'fragAdd', implicit cast from 'float4' to 'float3'\nCompiling Fragment program with UNITY_PASS_FORWARDADD POINT SHADOWS_CUBE
Platform defines: UNITY_ENABLE_REFLECTION_BUFFERS UNITY_NO_SCREENSPACE_SHADOWS UNITY_PBS_USE_BRDF3 UNITY_SPECCUBE_BOX_PROJECTION SHADER_API_MOBILE UNITY_COLORSPACE_GAMMA UNITY_LIGHTMAP_RGBM_ENCODING
  error: 1 plat 10 at (301): Program 'fragAdd', assignment causes implicit cast from 'float' to 'half'\nCompiling Fragment program with UNITY_PASS_FORWARDADD POINT SHADOWS_CUBE
Platform defines: UNITY_ENABLE_REFLECTION_BUFFERS UNITY_NO_SCREENSPACE_SHADOWS UNITY_PBS_USE_BRDF3 UNITY_SPECCUBE_BOX_PROJECTION SHADER_API_MOBILE UNITY_COLORSPACE_GAMMA UNITY_LIGHTMAP_RGBM_ENCODING
  api=10 type=1 insize=4917 outsize=0 kw=UNITY_PASS_FORWARDADD POINT SHADOWS_CUBE pd=UNITY_ENABLE_REFLECTION_BUFFERS UNITY_NO_SCREENSPACE_SHADOWS UNITY_PBS_USE_BRDF3 UNITY_SPECCUBE_BOX_PROJECTION SHADER_API_MOBILE UNITY_COLORSPACE_GAMMA UNITY_LIGHTMAP_RGBM_ENCODING ok=0
Cmd: compileSnippet
  api=10 type=0 insize=4856 outsize=992 kw=UNITY_PASS_FORWARDBASE DIRECTIONAL LIGHTMAP_ON LIGHTMAP_SHADOW_MIXING pd=UNITY_ENABLE_REFLECTION_BUFFERS UNITY_NO_SCREENSPACE_SHADOWS UNITY_PBS_USE_BRDF3 UNITY_SPECCUBE_BOX_PROJECTION SHADER_API_MOBILE UNITY_COLORSPACE_GAMMA UNITY_LIGHTMAP_RGBM_ENCODING ok=1
Cmd: disassembleShader
  api=10 insize=992 outsize=8605 ok=1
Cmd: compileSnippet
  api=10 type=0 insize=4856 outsize=992 kw=UNITY_PASS_FORWARDBASE DIRECTIONAL SHADOWS_SCREEN LIGHTPROBE_SH pd=UNITY_ENABLE_REFLECTION_BUFFERS UNITY_NO_SCREENSPACE_SHADOWS UNITY_PBS_USE_BRDF3 UNITY_SPECCUBE_BOX_PROJECTION SHADER_API_MOBILE UNITY_COLORSPACE_GAMMA UNITY_LIGHTMAP_RGBM_ENCODING ok=1
Cmd: disassembleShader
  api=10 insize=992 outsize=8605 ok=1
Cmd: compileSnippet
  api=10 type=0 insize=4856 outsize=1280 kw=UNITY_PASS_FORWARDBASE DIRECTIONAL SHADOWS_SCREEN LIGHTMAP_ON LIGHTMAP_SHADOW_MIXING SHADOWS_SHADOWMASK LIGHTPROBE_SH pd=UNITY_ENABLE_REFLECTION_BUFFERS UNITY_NO_SCREENSPACE_SHADOWS UNITY_PBS_USE_BRDF3 UNITY_SPECCUBE_BOX_PROJECTION SHADER_API_MOBILE UNITY_COLORSPACE_GAMMA UNITY_LIGHTMAP_RGBM_ENCODING ok=1
Cmd: disassembleShader
  api=10 insize=1280 outsize=13508 ok=1
Cmd: compileSnippet
  api=10 type=1 insize=4856 outsize=1293 kw=UNITY_PASS_FORWARDBASE DIRECTIONAL LIGHTMAP_ON DIRLIGHTMAP_COMBINED SHADOWS_SHADOWMASK LIGHTPROBE_SH pd=UNITY_ENABLE_REFLECTION_BUFFERS UNITY_NO_SCREENSPACE_SHADOWS UNITY_PBS_USE_BRDF3 UNITY_SPECCUBE_BOX_PROJECTION SHADER_API_MOBILE UNITY_COLORSPACE_GAMMA UNITY_LIGHTMAP_RGBM_ENCODING ok=1
Cmd: disassembleShader
  api=10 insize=1293 outsize=6102 ok=1
Cmd: compileSnippet
  api=10 type=1 insize=4856 outsize=1293 kw=UNITY_PASS_FORWARDBASE DIRECTIONAL SHADOWS_SCREEN LIGHTMAP_ON LIGHTMAP_SHADOW_MIXING LIGHTPROBE_SH pd=UNITY_ENABLE_REFLECTION_BUFFERS UNITY_NO_SCREENSPACE_SHADOWS UNITY_PBS_USE_BRDF3 UNITY_SPECCUBE_BOX_PROJECTION SHADER_API_MOBILE UNITY_COLORSPACE_GAMMA UNITY_LIGHTMAP_RGBM_ENCODING ok=1
Cmd: disassembleShader
  api=10 insize=1293 outsize=6102 ok=1
Cmd: compileSnippet
  api=10 type=1 insize=4856 outsize=1293 kw=UNITY_PASS_FORWARDBASE DIRECTIONAL SHADOWS_SCREEN LIGHTMAP_ON DIRLIGHTMAP_COMBINED pd=UNITY_ENABLE_REFLECTION_BUFFERS UNITY_NO_SCREENSPACE_SHADOWS UNITY_PBS_USE_BRDF3 UNITY_SPECCUBE_BOX_PROJECTION SHADER_API_MOBILE UNITY_COLORSPACE_GAMMA UNITY_LIGHTMAP_RGBM_ENCODING ok=1
Cmd: disassembleShader
  api=10 insize=1293 outsize=6102 ok=1
Cmd: initializeCompiler
Cmd: initializeCompiler
Cmd: initializeCompiler
Cmd: initializeCompiler
Cmd: initializeCompiler
Cmd: initializeCompiler
Cmd: initializeCompiler
Cmd: initializeCompiler
Cmd: compileSnippet
  api=10 type=0 insize=5547 outsize=1237 kw=UNITY_PASS_FORWARDBASE DIRECTIONAL LIGHTMAP_ON DIRLIGHTMAP_COMBINED SHADOWS_SHADOWMASK LIGHTPROBE_SH pd=UNITY_ENABLE_REFLECTION_BUFFERS UNITY_NO_SCREENSPACE_SHADOWS UNITY_PBS_USE_BRDF3 UNITY_SPECCUBE_BOX_PROJECTION SHADER_API_MOBILE UNITY_COLORSPACE_GAMMA UNITY_LIGHTMAP_RGBM_ENCODING ok=1
Cmd: disassembleShader
  api=10 insize=1237 outsize=11975 ok=1
Cmd: compileSnippet
  api=10 type=0 insize=5547 outsize=1557 kw=UNITY_PASS_FORWARDBASE DIRECTIONAL SHADOWS_SCREEN LIGHTMAP_ON SHADOWS_SHADOWMASK pd=UNITY_ENABLE_REFLECTION_BUFFERS UNITY_NO_SCREENSPACE_SHADOWS UNITY_PBS_USE_BRDF3 UNITY_SPECCUBE_BOX_PROJECTION SHADER_API_MOBILE UNITY_COLORSPACE_GAMMA UNITY_LIGHTMAP_RGBM_ENCODING ok=1
Cmd: disassembleShader
  api=10 insize=1557 outsize=16753 ok=1
Cmd: compileSnippet
  api=10 type=0 insize=5547 outsize=1221 kw=UNITY_PASS_FORWARDBASE DIRECTIONAL DYNAMICLIGHTMAP_ON VERTEXLIGHT_ON pd=UNITY_ENABLE_REFLECTION_BUFFERS UNITY_NO_SCREENSPACE_SHADOWS UNITY_PBS_USE_BRDF3 UNITY_SPECCUBE_BOX_PROJECTION SHADER_API_MOBILE UNITY_COLORSPACE_GAMMA UNITY_LIGHTMAP_RGBM_ENCODING ok=1
Cmd: disassembleShader
  api=10 insize=1221 outsize=11687 ok=1
Cmd: compileSnippet
  api=10 type=0 insize=5547 outsize=1221 kw=UNITY_PASS_FORWARDBASE DIRECTIONAL SHADOWS_SCREEN LIGHTMAP_SHADOW_MIXING LIGHTPROBE_SH VERTEXLIGHT_ON pd=UNITY_ENABLE_REFLECTION_BUFFERS UNITY_NO_SCREENSPACE_SHADOWS UNITY_PBS_USE_BRDF3 UNITY_SPECCUBE_BOX_PROJECTION SHADER_API_MOBILE UNITY_COLORSPACE_GAMMA UNITY_LIGHTMAP_RGBM_ENCODING ok=1
Cmd: disassembleShader
  api=10 insize=1221 outsize=11687 ok=1
Cmd: compileSnippet
  api=10 type=1 insize=5547 outsize=1933 kw=UNITY_PASS_FORWARDBASE DIRECTIONAL LIGHTMAP_ON DIRLIGHTMAP_COMBINED LIGHTPROBE_SH pd=UNITY_ENABLE_REFLECTION_BUFFERS UNITY_NO_SCREENSPACE_SHADOWS UNITY_PBS_USE_BRDF3 UNITY_SPECCUBE_BOX_PROJECTION SHADER_API_MOBILE UNITY_COLORSPACE_GAMMA UNITY_LIGHTMAP_RGBM_ENCODING ok=1
Cmd: disassembleShader
  api=10 insize=1933 outsize=11815 ok=1
Cmd: compileSnippet
  api=10 type=1 insize=5547 outsize=2150 kw=UNITY_PASS_FORWARDBASE DIRECTIONAL SHADOWS_SCREEN LIGHTMAP_ON SHADOWS_SHADOWMASK pd=UNITY_ENABLE_REFLECTION_BUFFERS UNITY_NO_SCREENSPACE_SHADOWS UNITY_PBS_USE_BRDF3 UNITY_SPECCUBE_BOX_PROJECTION SHADER_API_MOBILE UNITY_COLORSPACE_GAMMA UNITY_LIGHTMAP_RGBM_ENCODING ok=1
Cmd: disassembleShader
  api=10 insize=2150 outsize=13473 ok=1
Cmd: compileSnippet
  api=10 type=1 insize=5547 outsize=2150 kw=UNITY_PASS_FORWARDBASE DIRECTIONAL SHADOWS_SCREEN LIGHTMAP_ON DIRLIGHTMAP_COMBINED DYNAMICLIGHTMAP_ON pd=UNITY_ENABLE_REFLECTION_BUFFERS UNITY_NO_SCREENSPACE_SHADOWS UNITY_PBS_USE_BRDF3 UNITY_SPECCUBE_BOX_PROJECTION SHADER_API_MOBILE UNITY_COLORSPACE_GAMMA UNITY_LIGHTMAP_RGBM_ENCODING ok=1
Cmd: disassembleShader
  api=10 insize=2150 outsize=13473 ok=1
Cmd: compileSnippet
  api=10 type=0 insize=836 outsize=951 kw=UNITY_PASS_META _METALLICGLOSSMAP _DETAIL_MULX2 _SMOOTHNESS_TEXTURE_ALBEDO_CHANNEL_A pd=UNITY_ENABLE_REFLECTION_BUFFERS UNITY_NO_SCREENSPACE_SHADOWS UNITY_PBS_USE_BRDF3 UNITY_SPECCUBE_BOX_PROJECTION SHADER_API_MOBILE UNITY_COLORSPACE_GAMMA UNITY_LIGHTMAP_RGBM_ENCODING ok=1
Cmd: disassembleShader
  api=10 insize=951 outsize=4143 ok=1
Cmd: compileSnippet
  api=10 type=1 insize=836 outsize=933 kw=UNITY_PASS_META _METALLICGLOSSMAP _SMOOTHNESS_TEXTURE_ALBEDO_CHANNEL_A pd=UNITY_ENABLE_REFLECTION_BUFFERS UNITY_NO_SCREENSPACE_SHADOWS UNITY_PBS_USE_BRDF3 UNITY_SPECCUBE_BOX_PROJECTION SHADER_API_MOBILE UNITY_COLORSPACE_GAMMA UNITY_LIGHTMAP_RGBM_ENCODING ok=1
Cmd: disassembleShader
  api=10 insize=933 outsize=4763 ok=1
Cmd: compileSnippet
  api=10 type=1 insize=836 outsize=1265 kw=UNITY_PASS_META _EMISSION _METALLICGLOSSMAP _DETAIL_MULX2 _SMOOTHNESS_TEXTURE_ALBEDO_CHANNEL_A pd=UNITY_ENABLE_REFLECTION_BUFFERS UNITY_NO_SCREENSPACE_SHADOWS UNITY_PBS_USE_BRDF3 UNITY_SPECCUBE_BOX_PROJECTION SHADER_API_MOBILE UNITY_COLORSPACE_GAMMA UNITY_LIGHTMAP_RGBM_ENCODING ok=1
Cmd: disassembleShader
  api=10 insize=1265 outsize=5827 ok=1
Cmd: compileSnippet
  api=10 type=0 insize=1808 outsize=1621 kw=UNITY_PASS_FORWARDBASE DIRECTIONAL DIRLIGHTMAP_COMBINED DYNAMICLIGHTMAP_ON _VERTEXCOLOR_OFF pd=UNITY_ENABLE_REFLECTION_BUFFERS UNITY_NO_SCREENSPACE_SHADOWS UNITY_PBS_USE_BRDF3 UNITY_SPECCUBE_BOX_PROJECTION SHADER_API_MOBILE UNITY_COLORSPACE_GAMMA UNITY_LIGHTMAP_RGBM_ENCODING ok=1
Cmd: disassembleShader
  api=10 insize=1621 outsize=15469 ok=1
Cmd: compileSnippet
  api=10 type=0 insize=1808 outsize=2021 kw=UNITY_PASS_FORWARDBASE DIRECTIONAL SHADOWS_SCREEN DYNAMICLIGHTMAP_ON LIGHTMAP_SHADOW_MIXING _VERTEXCOLOR_OFF pd=UNITY_ENABLE_REFLECTION_BUFFERS UNITY_NO_SCREENSPACE_SHADOWS UNITY_PBS_USE_BRDF3 UNITY_SPECCUBE_BOX_PROJECTION SHADER_API_MOBILE UNITY_COLORSPACE_GAMMA UNITY_LIGHTMAP_RGBM_ENCODING ok=1
Cmd: disassembleShader
  api=10 insize=2021 outsize=21555 ok=1
Cmd: compileSnippet
  api=10 type=0 insize=1808 outsize=1990 kw=UNITY_PASS_FORWARDBASE DIRECTIONAL SHADOWS_SCREEN LIGHTMAP_ON DIRLIGHTMAP_COMBINED SHADOWS_SHADOWMASK _VERTEXCOLOR_OFF pd=UNITY_ENABLE_REFLECTION_BUFFERS UNITY_NO_SCREENSPACE_SHADOWS UNITY_PBS_USE_BRDF3 UNITY_SPECCUBE_BOX_PROJECTION SHADER_API_MOBILE UNITY_COLORSPACE_GAMMA UNITY_LIGHTMAP_RGBM_ENCODING ok=1
Cmd: disassembleShader
  api=10 insize=1990 outsize=21711 ok=1
Cmd: disassembleShader
  api=10 insize=1670 outsize=16494 ok=1
Cmd: compileSnippet
  api=10 type=0 insize=1808 outsize=1758 kw=UNITY_PASS_FORWARDBASE DIRECTIONAL LIGHTMAP_ON DYNAMICLIGHTMAP_ON LIGHTMAP_SHADOW_MIXING SHADOWS_SHADOWMASK FOG_LINEAR _VERTEXCOLOR_OFF pd=UNITY_ENABLE_REFLECTION_BUFFERS UNITY_NO_SCREENSPACE_SHADOWS UNITY_PBS_USE_BRDF3 UNITY_SPECCUBE_BOX_PROJECTION SHADER_API_MOBILE UNITY_COLORSPACE_GAMMA UNITY_LIGHTMAP_RGBM_ENCODING ok=1
Cmd: disassembleShader
  api=10 insize=1758 outsize=16324 ok=1
Cmd: compileSnippet
  api=10 type=0 insize=1808 outsize=2086 kw=UNITY_PASS_FORWARDBASE DIRECTIONAL SHADOWS_SCREEN LIGHTMAP_ON SHADOWS_SHADOWMASK FOG_LINEAR _VERTEXCOLOR_OFF pd=UNITY_ENABLE_REFLECTION_BUFFERS UNITY_NO_SCREENSPACE_SHADOWS UNITY_PBS_USE_BRDF3 UNITY_SPECCUBE_BOX_PROJECTION SHADER_API_MOBILE UNITY_COLORSPACE_GAMMA UNITY_LIGHTMAP_RGBM_ENCODING ok=1
Cmd: disassembleShader
  api=10 insize=2086 outsize=22725 ok=1
Cmd: compileSnippet
  api=10 type=0 insize=1808 outsize=1709 kw=UNITY_PASS_FORWARDBASE DIRECTIONAL DIRLIGHTMAP_COMBINED DYNAMICLIGHTMAP_ON FOG_LINEAR VERTEXLIGHT_ON _VERTEXCOLOR_OFF pd=UNITY_ENABLE_REFLECTION_BUFFERS UNITY_NO_SCREENSPACE_SHADOWS UNITY_PBS_USE_BRDF3 UNITY_SPECCUBE_BOX_PROJECTION SHADER_API_MOBILE UNITY_COLORSPACE_GAMMA UNITY_LIGHTMAP_RGBM_ENCODING ok=1
Cmd: disassembleShader
  api=10 insize=1709 outsize=16402 ok=1
Cmd: compileSnippet
  api=10 type=0 insize=1808 outsize=1758 kw=UNITY_PASS_FORWARDBASE DIRECTIONAL LIGHTMAP_ON DIRLIGHTMAP_COMBINED DYNAMICLIGHTMAP_ON FOG_EXP _VERTEXCOLOR_OFF pd=UNITY_ENABLE_REFLECTION_BUFFERS UNITY_NO_SCREENSPACE_SHADOWS UNITY_PBS_USE_BRDF3 UNITY_SPECCUBE_BOX_PROJECTION SHADER_API_MOBILE UNITY_COLORSPACE_GAMMA UNITY_LIGHTMAP_RGBM_ENCODING ok=1
Cmd: disassembleShader
  api=10 insize=1758 outsize=16574 ok=1
Cmd: compileSnippet
  api=10 type=0 insize=1808 outsize=2109 kw=UNITY_PASS_FORWARDBASE DIRECTIONAL SHADOWS_SCREEN DYNAMICLIGHTMAP_ON LIGHTMAP_SHADOW_MIXING SHADOWS_SHADOWMASK FOG_EXP _VERTEXCOLOR_OFF pd=UNITY_ENABLE_REFLECTION_BUFFERS UNITY_NO_SCREENSPACE_SHADOWS UNITY_PBS_USE_BRDF3 UNITY_SPECCUBE_BOX_PROJECTION SHADER_API_MOBILE UNITY_COLORSPACE_GAMMA UNITY_LIGHTMAP_RGBM_ENCODING ok=1
Cmd: disassembleShader
  api=10 insize=2109 outsize=22674 ok=1
Cmd: compileSnippet
  api=10 type=0 insize=1808 outsize=2078 kw=UNITY_PASS_FORWARDBASE DIRECTIONAL SHADOWS_SCREEN LIGHTMAP_ON DIRLIGHTMAP_COMBINED LIGHTMAP_SHADOW_MIXING SHADOWS_SHADOWMASK FOG_EXP _VERTEXCOLOR_OFF pd=UNITY_ENABLE_REFLECTION_BUFFERS UNITY_NO_SCREENSPACE_SHADOWS UNITY_PBS_USE_BRDF3 UNITY_SPECCUBE_BOX_PROJECTION SHADER_API_MOBILE UNITY_COLORSPACE_GAMMA UNITY_LIGHTMAP_RGBM_ENCODING ok=1
Cmd: disassembleShader
  api=10 insize=2078 outsize=22816 ok=1
Cmd: compileSnippet
  api=10 type=0 insize=1808 outsize=2125 kw=UNITY_PASS_FORWARDBASE DIRECTIONAL LIGHTPROBE_SH FOG_EXP2 _VERTEXCOLOR_OFF pd=UNITY_ENABLE_REFLECTION_BUFFERS UNITY_NO_SCREENSPACE_SHADOWS UNITY_PBS_USE_BRDF3 UNITY_SPECCUBE_BOX_PROJECTION SHADER_API_MOBILE UNITY_COLORSPACE_GAMMA UNITY_LIGHTMAP_RGBM_ENCODING ok=1
Cmd: disassembleShader
  api=10 insize=2125 outsize=19899 ok=1
Cmd: compileSnippet
  api=10 type=0 insize=1808 outsize=1678 kw=UNITY_PASS_FORWARDBASE DIRECTIONAL LIGHTMAP_ON DIRLIGHTMAP_COMBINED SHADOWS_SHADOWMASK FOG_EXP2 _VERTEXCOLOR_OFF pd=UNITY_ENABLE_REFLECTION_BUFFERS UNITY_NO_SCREENSPACE_SHADOWS UNITY_PBS_USE_BRDF3 UNITY_SPECCUBE_BOX_PROJECTION SHADER_API_MOBILE UNITY_COLORSPACE_GAMMA UNITY_LIGHTMAP_RGBM_ENCODING ok=1
Cmd: disassembleShader
  api=10 insize=1678 outsize=17010 ok=1
Cmd: compileSnippet
  api=10 type=0 insize=1808 outsize=2086 kw=UNITY_PASS_FORWARDBASE DIRECTIONAL SHADOWS_SCREEN LIGHTMAP_ON SHADOWS_SHADOWMASK LIGHTPROBE_SH FOG_EXP2 _VERTEXCOLOR_OFF pd=UNITY_ENABLE_REFLECTION_BUFFERS UNITY_NO_SCREENSPACE_SHADOWS UNITY_PBS_USE_BRDF3 UNITY_SPECCUBE_BOX_PROJECTION SHADER_API_MOBILE UNITY_COLORSPACE_GAMMA UNITY_LIGHTMAP_RGBM_ENCODING ok=1
Cmd: disassembleShader
  api=10 insize=2086 outsize=23083 ok=1
Cmd: compileSnippet
  api=10 type=0 insize=1808 outsize=1949 kw=UNITY_PASS_FORWARDBASE DIRECTIONAL SHADOWS_SCREEN FOG_EXP2 VERTEXLIGHT_ON _VERTEXCOLOR_OFF pd=UNITY_ENABLE_REFLECTION_BUFFERS UNITY_NO_SCREENSPACE_SHADOWS UNITY_PBS_USE_BRDF3 UNITY_SPECCUBE_BOX_PROJECTION SHADER_API_MOBILE UNITY_COLORSPACE_GAMMA UNITY_LIGHTMAP_RGBM_ENCODING ok=1
Cmd: disassembleShader
  api=10 insize=1949 outsize=22177 ok=1
Cmd: compileSnippet
  api=10 type=0 insize=1808 outsize=1670 kw=UNITY_PASS_FORWARDBASE DIRECTIONAL LIGHTMAP_ON DYNAMICLIGHTMAP_ON LIGHTMAP_SHADOW_MIXING _VERTEXCOLOR pd=UNITY_ENABLE_REFLECTION_BUFFERS UNITY_NO_SCREENSPACE_SHADOWS UNITY_PBS_USE_BRDF3 UNITY_SPECCUBE_BOX_PROJECTION SHADER_API_MOBILE UNITY_COLORSPACE_GAMMA UNITY_LIGHTMAP_RGBM_ENCODING ok=1
Cmd: disassembleShader
  api=10 insize=1670 outsize=15391 ok=1
Cmd: compileSnippet
  api=10 type=0 insize=1808 outsize=2021 kw=UNITY_PASS_FORWARDBASE DIRECTIONAL SHADOWS_SCREEN DYNAMICLIGHTMAP_ON LIGHTMAP_SHADOW_MIXING _VERTEXCOLOR pd=UNITY_ENABLE_REFLECTION_BUFFERS UNITY_NO_SCREENSPACE_SHADOWS UNITY_PBS_USE_BRDF3 UNITY_SPECCUBE_BOX_PROJECTION SHADER_API_MOBILE UNITY_COLORSPACE_GAMMA UNITY_LIGHTMAP_RGBM_ENCODING ok=1
Cmd: disassembleShader
  api=10 insize=2021 outsize=21555 ok=1
Cmd: compileSnippet
  api=10 type=0 insize=1808 outsize=2021 kw=UNITY_PASS_FORWARDBASE DIRECTIONAL SHADOWS_SCREEN DYNAMICLIGHTMAP_ON VERTEXLIGHT_ON _VERTEXCOLOR pd=UNITY_ENABLE_REFLECTION_BUFFERS UNITY_NO_SCREENSPACE_SHADOWS UNITY_PBS_USE_BRDF3 UNITY_SPECCUBE_BOX_PROJECTION SHADER_API_MOBILE UNITY_COLORSPACE_GAMMA UNITY_LIGHTMAP_RGBM_ENCODING ok=1
Cmd: disassembleShader
  api=10 insize=2021 outsize=21555 ok=1
Cmd: compileSnippet
  api=10 type=0 insize=1808 outsize=1670 kw=UNITY_PASS_FORWARDBASE DIRECTIONAL LIGHTMAP_ON DIRLIGHTMAP_COMBINED FOG_LINEAR _VERTEXCOLOR pd=UNITY_ENABLE_REFLECTION_BUFFERS UNITY_NO_SCREENSPACE_SHADOWS UNITY_PBS_USE_BRDF3 UNITY_SPECCUBE_BOX_PROJECTION SHADER_API_MOBILE UNITY_COLORSPACE_GAMMA UNITY_LIGHTMAP_RGBM_ENCODING ok=1
Cmd: disassembleShader
  api=10 insize=1670 outsize=16494 ok=1
Cmd: compileSnippet
  api=10 type=0 insize=1808 outsize=2117 kw=UNITY_PASS_FORWARDBASE DIRECTIONAL SHADOWS_SCREEN DYNAMICLIGHTMAP_ON LIGHTMAP_SHADOW_MIXING SHADOWS_SHADOWMASK FOG_LINEAR _VERTEXCOLOR pd=UNITY_ENABLE_REFLECTION_BUFFERS UNITY_NO_SCREENSPACE_SHADOWS UNITY_PBS_USE_BRDF3 UNITY_SPECCUBE_BOX_PROJECTION SHADER_API_MOBILE UNITY_COLORSPACE_GAMMA UNITY_LIGHTMAP_RGBM_ENCODING ok=1
Cmd: disassembleShader
  api=10 insize=2117 outsize=22583 ok=1
Cmd: compileSnippet
  api=10 type=0 insize=1808 outsize=2086 kw=UNITY_PASS_FORWARDBASE DIRECTIONAL SHADOWS_SCREEN LIGHTMAP_ON DIRLIGHTMAP_COMBINED SHADOWS_SHADOWMASK FOG_LINEAR _VERTEXCOLOR pd=UNITY_ENABLE_REFLECTION_BUFFERS UNITY_NO_SCREENSPACE_SHADOWS UNITY_PBS_USE_BRDF3 UNITY_SPECCUBE_BOX_PROJECTION SHADER_API_MOBILE UNITY_COLORSPACE_GAMMA UNITY_LIGHTMAP_RGBM_ENCODING ok=1
Cmd: disassembleShader
  api=10 insize=2086 outsize=22725 ok=1
Cmd: compileSnippet
  api=10 type=0 insize=1808 outsize=1758 kw=UNITY_PASS_FORWARDBASE DIRECTIONAL LIGHTMAP_ON DYNAMICLIGHTMAP_ON LIGHTMAP_SHADOW_MIXING FOG_EXP _VERTEXCOLOR pd=UNITY_ENABLE_REFLECTION_BUFFERS UNITY_NO_SCREENSPACE_SHADOWS UNITY_PBS_USE_BRDF3 UNITY_SPECCUBE_BOX_PROJECTION SHADER_API_MOBILE UNITY_COLORSPACE_GAMMA UNITY_LIGHTMAP_RGBM_ENCODING ok=1
Cmd: disassembleShader
  api=10 insize=1758 outsize=16574 ok=1
Cmd: compileSnippet
  api=10 type=0 insize=1808 outsize=1758 kw=UNITY_PASS_FORWARDBASE DIRECTIONAL LIGHTMAP_ON DIRLIGHTMAP_COMBINED DYNAMICLIGHTMAP_ON LIGHTMAP_SHADOW_MIXING SHADOWS_SHADOWMASK FOG_EXP _VERTEXCOLOR pd=UNITY_ENABLE_REFLECTION_BUFFERS UNITY_NO_SCREENSPACE_SHADOWS UNITY_PBS_USE_BRDF3 UNITY_SPECCUBE_BOX_PROJECTION SHADER_API_MOBILE UNITY_COLORSPACE_GAMMA UNITY_LIGHTMAP_RGBM_ENCODING ok=1
Cmd: disassembleShader
  api=10 insize=1758 outsize=16574 ok=1
Cmd: compileSnippet
  api=10 type=0 insize=1808 outsize=2078 kw=UNITY_PASS_FORWARDBASE DIRECTIONAL SHADOWS_SCREEN LIGHTMAP_ON DIRLIGHTMAP_COMBINED LIGHTMAP_SHADOW_MIXING FOG_EXP _VERTEXCOLOR pd=UNITY_ENABLE_REFLECTION_BUFFERS UNITY_NO_SCREENSPACE_SHADOWS UNITY_PBS_USE_BRDF3 UNITY_SPECCUBE_BOX_PROJECTION SHADER_API_MOBILE UNITY_COLORSPACE_GAMMA UNITY_LIGHTMAP_RGBM_ENCODING ok=1
Cmd: disassembleShader
  api=10 insize=2078 outsize=22816 ok=1
Cmd: compileSnippet
  api=10 type=0 insize=1808 outsize=2109 kw=UNITY_PASS_FORWARDBASE DIRECTIONAL SHADOWS_SCREEN DIRLIGHTMAP_COMBINED DYNAMICLIGHTMAP_ON LIGHTMAP_SHADOW_MIXING FOG_EXP VERTEXLIGHT_ON _VERTEXCOLOR pd=UNITY_ENABLE_REFLECTION_BUFFERS UNITY_NO_SCREENSPACE_SHADOWS UNITY_PBS_USE_BRDF3 UNITY_SPECCUBE_BOX_PROJECTION SHADER_API_MOBILE UNITY_COLORSPACE_GAMMA UNITY_LIGHTMAP_RGBM_ENCODING ok=1
Cmd: disassembleShader
  api=10 insize=2109 outsize=22674 ok=1
Cmd: compileSnippet
  api=10 type=0 insize=1808 outsize=1766 kw=UNITY_PASS_FORWARDBASE DIRECTIONAL LIGHTMAP_ON DYNAMICLIGHTMAP_ON SHADOWS_SHADOWMASK FOG_EXP2 _VERTEXCOLOR pd=UNITY_ENABLE_REFLECTION_BUFFERS UNITY_NO_SCREENSPACE_SHADOWS UNITY_PBS_USE_BRDF3 UNITY_SPECCUBE_BOX_PROJECTION SHADER_API_MOBILE UNITY_COLORSPACE_GAMMA UNITY_LIGHTMAP_RGBM_ENCODING ok=1
Cmd: disassembleShader
  api=10 insize=1766 outsize=16840 ok=1
Cmd: compileSnippet
  api=10 type=0 insize=1808 outsize=2086 kw=UNITY_PASS_FORWARDBASE DIRECTIONAL SHADOWS_SCREEN LIGHTMAP_ON FOG_EXP2 _VERTEXCOLOR pd=UNITY_ENABLE_REFLECTION_BUFFERS UNITY_NO_SCREENSPACE_SHADOWS UNITY_PBS_USE_BRDF3 UNITY_SPECCUBE_BOX_PROJECTION SHADER_API_MOBILE UNITY_COLORSPACE_GAMMA UNITY_LIGHTMAP_RGBM_ENCODING ok=1
Cmd: disassembleShader
  api=10 insize=2086 outsize=23083 ok=1
Cmd: compileSnippet
  api=10 type=0 insize=1808 outsize=2117 kw=UNITY_PASS_FORWARDBASE DIRECTIONAL SHADOWS_SCREEN DYNAMICLIGHTMAP_ON FOG_EXP2 VERTEXLIGHT_ON _VERTEXCOLOR pd=UNITY_ENABLE_REFLECTION_BUFFERS UNITY_NO_SCREENSPACE_SHADOWS UNITY_PBS_USE_BRDF3 UNITY_SPECCUBE_BOX_PROJECTION SHADER_API_MOBILE UNITY_COLORSPACE_GAMMA UNITY_LIGHTMAP_RGBM_ENCODING ok=1
Cmd: disassembleShader
  api=10 insize=2117 outsize=22941 ok=1
Cmd: compileSnippet
  api=10 type=0 insize=1808 outsize=1621 kw=UNITY_PASS_FORWARDBASE DIRECTIONAL DIRLIGHTMAP_COMBINED DYNAMICLIGHTMAP_ON _VERTEXCOLOR_LERP pd=UNITY_ENABLE_REFLECTION_BUFFERS UNITY_NO_SCREENSPACE_SHADOWS UNITY_PBS_USE_BRDF3 UNITY_SPECCUBE_BOX_PROJECTION SHADER_API_MOBILE UNITY_COLORSPACE_GAMMA UNITY_LIGHTMAP_RGBM_ENCODING ok=1
Cmd: disassembleShader
  api=10 insize=1621 outsize=15469 ok=1
Cmd: compileSnippet
  api=10 type=0 insize=1808 outsize=1670 kw=UNITY_PASS_FORWARDBASE DIRECTIONAL LIGHTMAP_ON DIRLIGHTMAP_COMBINED DYNAMICLIGHTMAP_ON SHADOWS_SHADOWMASK _VERTEXCOLOR_LERP pd=UNITY_ENABLE_REFLECTION_BUFFERS UNITY_NO_SCREENSPACE_SHADOWS UNITY_PBS_USE_BRDF3 UNITY_SPECCUBE_BOX_PROJECTION SHADER_API_MOBILE UNITY_COLORSPACE_GAMMA UNITY_LIGHTMAP_RGBM_ENCODING ok=1
Cmd: disassembleShader
  api=10 insize=1670 outsize=15391 ok=1
Cmd: compileSnippet
  api=10 type=0 insize=1808 outsize=2021 kw=UNITY_PASS_FORWARDBASE DIRECTIONAL SHADOWS_SCREEN DIRLIGHTMAP_COMBINED DYNAMICLIGHTMAP_ON _VERTEXCOLOR_LERP pd=UNITY_ENABLE_REFLECTION_BUFFERS UNITY_NO_SCREENSPACE_SHADOWS UNITY_PBS_USE_BRDF3 UNITY_SPECCUBE_BOX_PROJECTION SHADER_API_MOBILE UNITY_COLORSPACE_GAMMA UNITY_LIGHTMAP_RGBM_ENCODING ok=1
Cmd: disassembleShader
  api=10 insize=2021 outsize=21555 ok=1
Cmd: compileSnippet
  api=10 type=0 insize=1808 outsize=2931 kw=UNITY_PASS_FORWARDBASE DIRECTIONAL SHADOWS_SCREEN SHADOWS_SHADOWMASK LIGHTPROBE_SH VERTEXLIGHT_ON _VERTEXCOLOR_LERP pd=UNITY_ENABLE_REFLECTION_BUFFERS UNITY_NO_SCREENSPACE_SHADOWS UNITY_PBS_USE_BRDF3 UNITY_SPECCUBE_BOX_PROJECTION SHADER_API_MOBILE UNITY_COLORSPACE_GAMMA UNITY_LIGHTMAP_RGBM_ENCODING ok=1
Cmd: disassembleShader
  api=10 insize=2931 outsize=30248 ok=1
Cmd: compileSnippet
  api=10 type=0 insize=1808 outsize=1670 kw=UNITY_PASS_FORWARDBASE DIRECTIONAL LIGHTMAP_ON SHADOWS_SHADOWMASK LIGHTPROBE_SH FOG_LINEAR _VERTEXCOLOR_LERP pd=UNITY_ENABLE_REFLECTION_BUFFERS UNITY_NO_SCREENSPACE_SHADOWS UNITY_PBS_USE_BRDF3 UNITY_SPECCUBE_BOX_PROJECTION SHADER_API_MOBILE UNITY_COLORSPACE_GAMMA UNITY_LIGHTMAP_RGBM_ENCODING ok=1
Cmd: disassembleShader
  api=10 insize=1670 outsize=16494 ok=1
Cmd: compileSnippet
  api=10 type=0 insize=1808 outsize=2086 kw=UNITY_PASS_FORWARDBASE DIRECTIONAL SHADOWS_SCREEN LIGHTMAP_ON FOG_LINEAR _VERTEXCOLOR_LERP pd=UNITY_ENABLE_REFLECTION_BUFFERS UNITY_NO_SCREENSPACE_SHADOWS UNITY_PBS_USE_BRDF3 UNITY_SPECCUBE_BOX_PROJECTION SHADER_API_MOBILE UNITY_COLORSPACE_GAMMA UNITY_LIGHTMAP_RGBM_ENCODING ok=1
Cmd: disassembleShader
  api=10 insize=2086 outsize=22725 ok=1
Cmd: compileSnippet
  api=10 type=0 insize=1808 outsize=1605 kw=UNITY_PASS_FORWARDBASE DIRECTIONAL FOG_LINEAR VERTEXLIGHT_ON _VERTEXCOLOR_LERP pd=UNITY_ENABLE_REFLECTION_BUFFERS UNITY_NO_SCREENSPACE_SHADOWS UNITY_PBS_USE_BRDF3 UNITY_SPECCUBE_BOX_PROJECTION SHADER_API_MOBILE UNITY_COLORSPACE_GAMMA UNITY_LIGHTMAP_RGBM_ENCODING ok=1
Cmd: disassembleShader
  api=10 insize=1605 outsize=16328 ok=1
Cmd: compileSnippet
  api=10 type=0 insize=1808 outsize=1941 kw=UNITY_PASS_FORWARDBASE DIRECTIONAL SHADOWS_SCREEN LIGHTMAP_SHADOW_MIXING SHADOWS_SHADOWMASK FOG_LINEAR VERTEXLIGHT_ON _VERTEXCOLOR_LERP pd=UNITY_ENABLE_REFLECTION_BUFFERS UNITY_NO_SCREENSPACE_SHADOWS UNITY_PBS_USE_BRDF3 UNITY_SPECCUBE_BOX_PROJECTION SHADER_API_MOBILE UNITY_COLORSPACE_GAMMA UNITY_LIGHTMAP_RGBM_ENCODING ok=1
Cmd: disassembleShader
  api=10 insize=1941 outsize=21627 ok=1
Cmd: compileSnippet
  api=10 type=0 insize=1808 outsize=1670 kw=UNITY_PASS_FORWARDBASE DIRECTIONAL LIGHTMAP_ON SHADOWS_SHADOWMASK LIGHTPROBE_SH FOG_EXP _VERTEXCOLOR_LERP pd=UNITY_ENABLE_REFLECTION_BUFFERS UNITY_NO_SCREENSPACE_SHADOWS UNITY_PBS_USE_BRDF3 UNITY_SPECCUBE_BOX_PROJECTION SHADER_API_MOBILE UNITY_COLORSPACE_GAMMA UNITY_LIGHTMAP_RGBM_ENCODING ok=1
Cmd: disassembleShader
  api=10 insize=1670 outsize=16744 ok=1
Cmd: compileSnippet
  api=10 type=0 insize=1808 outsize=2078 kw=UNITY_PASS_FORWARDBASE DIRECTIONAL SHADOWS_SCREEN LIGHTMAP_ON SHADOWS_SHADOWMASK FOG_EXP _VERTEXCOLOR_LERP pd=UNITY_ENABLE_REFLECTION_BUFFERS UNITY_NO_SCREENSPACE_SHADOWS UNITY_PBS_USE_BRDF3 UNITY_SPECCUBE_BOX_PROJECTION SHADER_API_MOBILE UNITY_COLORSPACE_GAMMA UNITY_LIGHTMAP_RGBM_ENCODING ok=1
Cmd: disassembleShader
  api=10 insize=2078 outsize=22816 ok=1
Cmd: compileSnippet
  api=10 type=0 insize=1808 outsize=2109 kw=UNITY_PASS_FORWARDBASE DIRECTIONAL SHADOWS_SCREEN DIRLIGHTMAP_COMBINED DYNAMICLIGHTMAP_ON FOG_EXP VERTEXLIGHT_ON _VERTEXCOLOR_LERP pd=UNITY_ENABLE_REFLECTION_BUFFERS UNITY_NO_SCREENSPACE_SHADOWS UNITY_PBS_USE_BRDF3 UNITY_SPECCUBE_BOX_PROJECTION SHADER_API_MOBILE UNITY_COLORSPACE_GAMMA UNITY_LIGHTMAP_RGBM_ENCODING ok=1
Cmd: disassembleShader
  api=10 insize=2109 outsize=22674 ok=1
Cmd: compileSnippet
  api=10 type=0 insize=1808 outsize=2125 kw=UNITY_PASS_FORWARDBASE DIRECTIONAL LIGHTPROBE_SH FOG_EXP2 _VERTEXCOLOR_LERP pd=UNITY_ENABLE_REFLECTION_BUFFERS UNITY_NO_SCREENSPACE_SHADOWS UNITY_PBS_USE_BRDF3 UNITY_SPECCUBE_BOX_PROJECTION SHADER_API_MOBILE UNITY_COLORSPACE_GAMMA UNITY_LIGHTMAP_RGBM_ENCODING ok=1
Cmd: disassembleShader
  api=10 insize=2125 outsize=19899 ok=1
Cmd: compileSnippet
  api=10 type=0 insize=1808 outsize=1678 kw=UNITY_PASS_FORWARDBASE DIRECTIONAL LIGHTMAP_ON LIGHTMAP_SHADOW_MIXING SHADOWS_SHADOWMASK FOG_EXP2 _VERTEXCOLOR_LERP pd=UNITY_ENABLE_REFLECTION_BUFFERS UNITY_NO_SCREENSPACE_SHADOWS UNITY_PBS_USE_BRDF3 UNITY_SPECCUBE_BOX_PROJECTION SHADER_API_MOBILE UNITY_COLORSPACE_GAMMA UNITY_LIGHTMAP_RGBM_ENCODING ok=1
Cmd: disassembleShader
  api=10 insize=1678 outsize=17010 ok=1
Cmd: compileSnippet
  api=10 type=0 insize=1808 outsize=2158 kw=UNITY_PASS_FORWARDBASE DIRECTIONAL SHADOWS_SCREEN LIGHTMAP_ON DYNAMICLIGHTMAP_ON SHADOWS_SHADOWMASK FOG_EXP2 _VERTEXCOLOR_LERP pd=UNITY_ENABLE_REFLECTION_BUFFERS UNITY_NO_SCREENSPACE_SHADOWS UNITY_PBS_USE_BRDF3 UNITY_SPECCUBE_BOX_PROJECTION SHADER_API_MOBILE UNITY_COLORSPACE_GAMMA UNITY_LIGHTMAP_RGBM_ENCODING ok=1
Cmd: disassembleShader
  api=10 insize=2158 outsize=23620 ok=1
Cmd: compileSnippet
  api=10 type=0 insize=1808 outsize=3059 kw=UNITY_PASS_FORWARDBASE DIRECTIONAL SHADOWS_SCREEN LIGHTPROBE_SH FOG_EXP2 VERTEXLIGHT_ON _VERTEXCOLOR_LERP pd=UNITY_ENABLE_REFLECTION_BUFFERS UNITY_NO_SCREENSPACE_SHADOWS UNITY_PBS_USE_BRDF3 UNITY_SPECCUBE_BOX_PROJECTION SHADER_API_MOBILE UNITY_COLORSPACE_GAMMA UNITY_LIGHTMAP_RGBM_ENCODING ok=1
Cmd: disassembleShader
  api=10 insize=3059 outsize=32312 ok=1
Cmd: compileSnippet
  api=10 type=0 insize=1808 outsize=1670 kw=UNITY_PASS_FORWARDBASE DIRECTIONAL LIGHTMAP_ON DYNAMICLIGHTMAP_ON LIGHTMAP_SHADOW_MIXING _VERTEXCOLOR_OFF _PARALLAXMAP pd=UNITY_ENABLE_REFLECTION_BUFFERS UNITY_NO_SCREENSPACE_SHADOWS UNITY_PBS_USE_BRDF3 UNITY_SPECCUBE_BOX_PROJECTION SHADER_API_MOBILE UNITY_COLORSPACE_GAMMA UNITY_LIGHTMAP_RGBM_ENCODING ok=1
Cmd: disassembleShader
  api=10 insize=1670 outsize=15391 ok=1
Cmd: compileSnippet
  api=10 type=0 insize=1808 outsize=1869 kw=UNITY_PASS_FORWARDBASE DIRECTIONAL SHADOWS_SCREEN _VERTEXCOLOR_OFF _PARALLAXMAP pd=UNITY_ENABLE_REFLECTION_BUFFERS UNITY_NO_SCREENSPACE_SHADOWS UNITY_PBS_USE_BRDF3 UNITY_SPECCUBE_BOX_PROJECTION SHADER_API_MOBILE UNITY_COLORSPACE_GAMMA UNITY_LIGHTMAP_RGBM_ENCODING ok=1
Cmd: disassembleShader
  api=10 insize=1869 outsize=20737 ok=1
Cmd: compileSnippet
  api=10 type=0 insize=1808 outsize=1990 kw=UNITY_PASS_FORWARDBASE DIRECTIONAL SHADOWS_SCREEN LIGHTMAP_ON LIGHTMAP_SHADOW_MIXING SHADOWS_SHADOWMASK LIGHTPROBE_SH _VERTEXCOLOR_OFF _PARALLAXMAP pd=UNITY_ENABLE_REFLECTION_BUFFERS UNITY_NO_SCREENSPACE_SHADOWS UNITY_PBS_USE_BRDF3 UNITY_SPECCUBE_BOX_PROJECTION SHADER_API_MOBILE UNITY_COLORSPACE_GAMMA UNITY_LIGHTMAP_RGBM_ENCODING ok=1
Cmd: disassembleShader
  api=10 insize=1990 outsize=21711 ok=1
Cmd: compileSnippet
  api=10 type=0 insize=1808 outsize=2021 kw=UNITY_PASS_FORWARDBASE DIRECTIONAL SHADOWS_SCREEN DYNAMICLIGHTMAP_ON VERTEXLIGHT_ON _VERTEXCOLOR_OFF _PARALLAXMAP pd=UNITY_ENABLE_REFLECTION_BUFFERS UNITY_NO_SCREENSPACE_SHADOWS UNITY_PBS_USE_BRDF3 UNITY_SPECCUBE_BOX_PROJECTION SHADER_API_MOBILE UNITY_COLORSPACE_GAMMA UNITY_LIGHTMAP_RGBM_ENCODING ok=1
Cmd: disassembleShader
  api=10 insize=2021 outsize=21555 ok=1
Cmd: compileSnippet
  api=10 type=0 insize=1808 outsize=1709 kw=UNITY_PASS_FORWARDBASE DIRECTIONAL DIRLIGHTMAP_COMBINED DYNAMICLIGHTMAP_ON FOG_LINEAR _VERTEXCOLOR_OFF _PARALLAXMAP pd=UNITY_ENABLE_REFLECTION_BUFFERS UNITY_NO_SCREENSPACE_SHADOWS UNITY_PBS_USE_BRDF3 UNITY_SPECCUBE_BOX_PROJECTION SHADER_API_MOBILE UNITY_COLORSPACE_GAMMA UNITY_LIGHTMAP_RGBM_ENCODING ok=1
Cmd: disassembleShader
  api=10 insize=1709 outsize=16402 ok=1
Cmd: compileSnippet
  api=10 type=0 insize=1808 outsize=2117 kw=UNITY_PASS_FORWARDBASE DIRECTIONAL SHADOWS_SCREEN DYNAMICLIGHTMAP_ON SHADOWS_SHADOWMASK FOG_LINEAR _VERTEXCOLOR_OFF _PARALLAXMAP pd=UNITY_ENABLE_REFLECTION_BUFFERS UNITY_NO_SCREENSPACE_SHADOWS UNITY_PBS_USE_BRDF3 UNITY_SPECCUBE_BOX_PROJECTION SHADER_API_MOBILE UNITY_COLORSPACE_GAMMA UNITY_LIGHTMAP_RGBM_ENCODING ok=1
Cmd: disassembleShader
  api=10 insize=2117 outsize=22583 ok=1
Cmd: compileSnippet
  api=10 type=0 insize=1808 outsize=2086 kw=UNITY_PASS_FORWARDBASE DIRECTIONAL SHADOWS_SCREEN LIGHTMAP_ON DIRLIGHTMAP_COMBINED LIGHTMAP_SHADOW_MIXING SHADOWS_SHADOWMASK FOG_LINEAR _VERTEXCOLOR_OFF _PARALLAXMAP pd=UNITY_ENABLE_REFLECTION_BUFFERS UNITY_NO_SCREENSPACE_SHADOWS UNITY_PBS_USE_BRDF3 UNITY_SPECCUBE_BOX_PROJECTION SHADER_API_MOBILE UNITY_COLORSPACE_GAMMA UNITY_LIGHTMAP_RGBM_ENCODING ok=1
Cmd: disassembleShader
  api=10 insize=2086 outsize=22725 ok=1
Cmd: compileSnippet
  api=10 type=0 insize=1808 outsize=2117 kw=UNITY_PASS_FORWARDBASE DIRECTIONAL SHADOWS_SCREEN DIRLIGHTMAP_COMBINED DYNAMICLIGHTMAP_ON LIGHTMAP_SHADOW_MIXING SHADOWS_SHADOWMASK FOG_LINEAR VERTEXLIGHT_ON _VERTEXCOLOR_OFF _PARALLAXMAP pd=UNITY_ENABLE_REFLECTION_BUFFERS UNITY_NO_SCREENSPACE_SHADOWS UNITY_PBS_USE_BRDF3 UNITY_SPECCUBE_BOX_PROJECTION SHADER_API_MOBILE UNITY_COLORSPACE_GAMMA UNITY_LIGHTMAP_RGBM_ENCODING ok=1
Cmd: disassembleShader
  api=10 insize=2117 outsize=22583 ok=1
Cmd: compileSnippet
  api=10 type=0 insize=1808 outsize=1670 kw=UNITY_PASS_FORWARDBASE DIRECTIONAL LIGHTMAP_ON DIRLIGHTMAP_COMBINED SHADOWS_SHADOWMASK LIGHTPROBE_SH FOG_EXP _VERTEXCOLOR_OFF _PARALLAXMAP pd=UNITY_ENABLE_REFLECTION_BUFFERS UNITY_NO_SCREENSPACE_SHADOWS UNITY_PBS_USE_BRDF3 UNITY_SPECCUBE_BOX_PROJECTION SHADER_API_MOBILE UNITY_COLORSPACE_GAMMA UNITY_LIGHTMAP_RGBM_ENCODING ok=1
Cmd: disassembleShader
  api=10 insize=1670 outsize=16744 ok=1
Cmd: compileSnippet
  api=10 type=0 insize=1808 outsize=2078 kw=UNITY_PASS_FORWARDBASE DIRECTIONAL SHADOWS_SCREEN LIGHTMAP_ON SHADOWS_SHADOWMASK LIGHTPROBE_SH FOG_EXP _VERTEXCOLOR_OFF _PARALLAXMAP pd=UNITY_ENABLE_REFLECTION_BUFFERS UNITY_NO_SCREENSPACE_SHADOWS UNITY_PBS_USE_BRDF3 UNITY_SPECCUBE_BOX_PROJECTION SHADER_API_MOBILE UNITY_COLORSPACE_GAMMA UNITY_LIGHTMAP_RGBM_ENCODING ok=1
Cmd: disassembleShader
  api=10 insize=2078 outsize=22816 ok=1
Cmd: compileSnippet
  api=10 type=0 insize=1808 outsize=3051 kw=UNITY_PASS_FORWARDBASE DIRECTIONAL SHADOWS_SCREEN LIGHTPROBE_SH FOG_EXP VERTEXLIGHT_ON _VERTEXCOLOR_OFF _PARALLAXMAP pd=UNITY_ENABLE_REFLECTION_BUFFERS UNITY_NO_SCREENSPACE_SHADOWS UNITY_PBS_USE_BRDF3 UNITY_SPECCUBE_BOX_PROJECTION SHADER_API_MOBILE UNITY_COLORSPACE_GAMMA UNITY_LIGHTMAP_RGBM_ENCODING ok=1
Cmd: disassembleShader
  api=10 insize=3051 outsize=32042 ok=1
Cmd: compileSnippet
  api=10 type=0 insize=1808 outsize=1678 kw=UNITY_PASS_FORWARDBASE DIRECTIONAL LIGHTMAP_ON DIRLIGHTMAP_COMBINED FOG_EXP2 _VERTEXCOLOR_OFF _PARALLAXMAP pd=UNITY_ENABLE_REFLECTION_BUFFERS UNITY_NO_SCREENSPACE_SHADOWS UNITY_PBS_USE_BRDF3 UNITY_SPECCUBE_BOX_PROJECTION SHADER_API_MOBILE UNITY_COLORSPACE_GAMMA UNITY_LIGHTMAP_RGBM_ENCODING ok=1
Cmd: disassembleShader
  api=10 insize=1678 outsize=17010 ok=1
Cmd: compileSnippet
  api=10 type=0 insize=1808 outsize=2485 kw=UNITY_PASS_FORWARDBASE DIRECTIONAL SHADOWS_SCREEN SHADOWS_SHADOWMASK LIGHTPROBE_SH FOG_EXP2 _VERTEXCOLOR_OFF _PARALLAXMAP pd=UNITY_ENABLE_REFLECTION_BUFFERS UNITY_NO_SCREENSPACE_SHADOWS UNITY_PBS_USE_BRDF3 UNITY_SPECCUBE_BOX_PROJECTION SHADER_API_MOBILE UNITY_COLORSPACE_GAMMA UNITY_LIGHTMAP_RGBM_ENCODING ok=1
Cmd: disassembleShader
  api=10 insize=2485 outsize=27179 ok=1
Cmd: compileSnippet
  api=10 type=0 insize=1808 outsize=2086 kw=UNITY_PASS_FORWARDBASE DIRECTIONAL SHADOWS_SCREEN LIGHTMAP_ON DIRLIGHTMAP_COMBINED LIGHTMAP_SHADOW_MIXING SHADOWS_SHADOWMASK FOG_EXP2 _VERTEXCOLOR_OFF _PARALLAXMAP pd=UNITY_ENABLE_REFLECTION_BUFFERS UNITY_NO_SCREENSPACE_SHADOWS UNITY_PBS_USE_BRDF3 UNITY_SPECCUBE_BOX_PROJECTION SHADER_API_MOBILE UNITY_COLORSPACE_GAMMA UNITY_LIGHTMAP_RGBM_ENCODING ok=1
Cmd: disassembleShader
  api=10 insize=2086 outsize=23083 ok=1
Cmd: compileSnippet
  api=10 type=0 insize=1808 outsize=2117 kw=UNITY_PASS_FORWARDBASE DIRECTIONAL SHADOWS_SCREEN DYNAMICLIGHTMAP_ON LIGHTMAP_SHADOW_MIXING FOG_EXP2 VERTEXLIGHT_ON _VERTEXCOLOR_OFF _PARALLAXMAP pd=UNITY_ENABLE_REFLECTION_BUFFERS UNITY_NO_SCREENSPACE_SHADOWS UNITY_PBS_USE_BRDF3 UNITY_SPECCUBE_BOX_PROJECTION SHADER_API_MOBILE UNITY_COLORSPACE_GAMMA UNITY_LIGHTMAP_RGBM_ENCODING ok=1
Cmd: disassembleShader
  api=10 insize=2117 outsize=22941 ok=1
Cmd: compileSnippet
  api=10 type=0 insize=1808 outsize=1582 kw=UNITY_PASS_FORWARDBASE DIRECTIONAL LIGHTMAP_ON DIRLIGHTMAP_COMBINED SHADOWS_SHADOWMASK _VERTEXCOLOR _PARALLAXMAP pd=UNITY_ENABLE_REFLECTION_BUFFERS UNITY_NO_SCREENSPACE_SHADOWS UNITY_PBS_USE_BRDF3 UNITY_SPECCUBE_BOX_PROJECTION SHADER_API_MOBILE UNITY_COLORSPACE_GAMMA UNITY_LIGHTMAP_RGBM_ENCODING ok=1
Cmd: disassembleShader
  api=10 insize=1582 outsize=15561 ok=1
Cmd: compileSnippet
  api=10 type=0 insize=1808 outsize=1990 kw=UNITY_PASS_FORWARDBASE DIRECTIONAL SHADOWS_SCREEN LIGHTMAP_ON _VERTEXCOLOR _PARALLAXMAP pd=UNITY_ENABLE_REFLECTION_BUFFERS UNITY_NO_SCREENSPACE_SHADOWS UNITY_PBS_USE_BRDF3 UNITY_SPECCUBE_BOX_PROJECTION SHADER_API_MOBILE UNITY_COLORSPACE_GAMMA UNITY_LIGHTMAP_RGBM_ENCODING ok=1
Cmd: disassembleShader
  api=10 insize=1990 outsize=21711 ok=1
Cmd: compileSnippet
  api=10 type=0 insize=1808 outsize=1869 kw=UNITY_PASS_FORWARDBASE DIRECTIONAL SHADOWS_SCREEN VERTEXLIGHT_ON _VERTEXCOLOR _PARALLAXMAP pd=UNITY_ENABLE_REFLECTION_BUFFERS UNITY_NO_SCREENSPACE_SHADOWS UNITY_PBS_USE_BRDF3 UNITY_SPECCUBE_BOX_PROJECTION SHADER_API_MOBILE UNITY_COLORSPACE_GAMMA UNITY_LIGHTMAP_RGBM_ENCODING ok=1
Cmd: disassembleShader
  api=10 insize=1869 outsize=20737 ok=1
Cmd: compileSnippet
  api=10 type=0 insize=1808 outsize=1605 kw=UNITY_PASS_FORWARDBASE DIRECTIONAL FOG_LINEAR _VERTEXCOLOR _PARALLAXMAP pd=UNITY_ENABLE_REFLECTION_BUFFERS UNITY_NO_SCREENSPACE_SHADOWS UNITY_PBS_USE_BRDF3 UNITY_SPECCUBE_BOX_PROJECTION SHADER_API_MOBILE UNITY_COLORSPACE_GAMMA UNITY_LIGHTMAP_RGBM_ENCODING ok=1
Cmd: disassembleShader
  api=10 insize=1605 outsize=16328 ok=1
Cmd: compileSnippet
  api=10 type=0 insize=1808 outsize=1670 kw=UNITY_PASS_FORWARDBASE DIRECTIONAL LIGHTMAP_ON DIRLIGHTMAP_COMBINED LIGHTMAP_SHADOW_MIXING SHADOWS_SHADOWMASK LIGHTPROBE_SH FOG_LINEAR _VERTEXCOLOR _PARALLAXMAP pd=UNITY_ENABLE_REFLECTION_BUFFERS UNITY_NO_SCREENSPACE_SHADOWS UNITY_PBS_USE_BRDF3 UNITY_SPECCUBE_BOX_PROJECTION SHADER_API_MOBILE UNITY_COLORSPACE_GAMMA UNITY_LIGHTMAP_RGBM_ENCODING ok=1
Cmd: disassembleShader
  api=10 insize=1670 outsize=16494 ok=1
Cmd: compileSnippet
  api=10 type=0 insize=1808 outsize=2086 kw=UNITY_PASS_FORWARDBASE DIRECTIONAL SHADOWS_SCREEN LIGHTMAP_ON DIRLIGHTMAP_COMBINED FOG_LINEAR _VERTEXCOLOR _PARALLAXMAP pd=UNITY_ENABLE_REFLECTION_BUFFERS UNITY_NO_SCREENSPACE_SHADOWS UNITY_PBS_USE_BRDF3 UNITY_SPECCUBE_BOX_PROJECTION SHADER_API_MOBILE UNITY_COLORSPACE_GAMMA UNITY_LIGHTMAP_RGBM_ENCODING ok=1
Cmd: disassembleShader
  api=10 insize=2086 outsize=22725 ok=1
Cmd: compileSnippet
  api=10 type=0 insize=1808 outsize=2117 kw=UNITY_PASS_FORWARDBASE DIRECTIONAL SHADOWS_SCREEN DIRLIGHTMAP_COMBINED DYNAMICLIGHTMAP_ON LIGHTMAP_SHADOW_MIXING FOG_LINEAR VERTEXLIGHT_ON _VERTEXCOLOR _PARALLAXMAP pd=UNITY_ENABLE_REFLECTION_BUFFERS UNITY_NO_SCREENSPACE_SHADOWS UNITY_PBS_USE_BRDF3 UNITY_SPECCUBE_BOX_PROJECTION SHADER_API_MOBILE UNITY_COLORSPACE_GAMMA UNITY_LIGHTMAP_RGBM_ENCODING ok=1
Cmd: disassembleShader
  api=10 insize=2117 outsize=22583 ok=1
Cmd: compileSnippet
  api=10 type=0 insize=1808 outsize=1670 kw=UNITY_PASS_FORWARDBASE DIRECTIONAL LIGHTMAP_ON DIRLIGHTMAP_COMBINED FOG_EXP _VERTEXCOLOR _PARALLAXMAP pd=UNITY_ENABLE_REFLECTION_BUFFERS UNITY_NO_SCREENSPACE_SHADOWS UNITY_PBS_USE_BRDF3 UNITY_SPECCUBE_BOX_PROJECTION SHADER_API_MOBILE UNITY_COLORSPACE_GAMMA UNITY_LIGHTMAP_RGBM_ENCODING ok=1
Cmd: disassembleShader
  api=10 insize=1670 outsize=16744 ok=1
Cmd: compileSnippet
  api=10 type=0 insize=1808 outsize=2109 kw=UNITY_PASS_FORWARDBASE DIRECTIONAL SHADOWS_SCREEN DYNAMICLIGHTMAP_ON SHADOWS_SHADOWMASK FOG_EXP _VERTEXCOLOR _PARALLAXMAP pd=UNITY_ENABLE_REFLECTION_BUFFERS UNITY_NO_SCREENSPACE_SHADOWS UNITY_PBS_USE_BRDF3 UNITY_SPECCUBE_BOX_PROJECTION SHADER_API_MOBILE UNITY_COLORSPACE_GAMMA UNITY_LIGHTMAP_RGBM_ENCODING ok=1
Cmd: disassembleShader
  api=10 insize=2109 outsize=22674 ok=1
Cmd: compileSnippet
  api=10 type=0 insize=1808 outsize=2787 kw=UNITY_PASS_FORWARDBASE DIRECTIONAL LIGHTPROBE_SH FOG_EXP VERTEXLIGHT_ON _VERTEXCOLOR _PARALLAXMAP pd=UNITY_ENABLE_REFLECTION_BUFFERS UNITY_NO_SCREENSPACE_SHADOWS UNITY_PBS_USE_BRDF3 UNITY_SPECCUBE_BOX_PROJECTION SHADER_API_MOBILE UNITY_COLORSPACE_GAMMA UNITY_LIGHTMAP_RGBM_ENCODING ok=1
Cmd: disassembleShader
  api=10 insize=2787 outsize=27142 ok=1
Cmd: compileSnippet
  api=10 type=0 insize=1808 outsize=2109 kw=UNITY_PASS_FORWARDBASE DIRECTIONAL SHADOWS_SCREEN DIRLIGHTMAP_COMBINED DYNAMICLIGHTMAP_ON SHADOWS_SHADOWMASK FOG_EXP VERTEXLIGHT_ON _VERTEXCOLOR _PARALLAXMAP pd=UNITY_ENABLE_REFLECTION_BUFFERS UNITY_NO_SCREENSPACE_SHADOWS UNITY_PBS_USE_BRDF3 UNITY_SPECCUBE_BOX_PROJECTION SHADER_API_MOBILE UNITY_COLORSPACE_GAMMA UNITY_LIGHTMAP_RGBM_ENCODING ok=1
Cmd: disassembleShader
  api=10 insize=2109 outsize=22674 ok=1
Cmd: compileSnippet
  api=10 type=0 insize=1808 outsize=1678 kw=UNITY_PASS_FORWARDBASE DIRECTIONAL LIGHTMAP_ON DIRLIGHTMAP_COMBINED LIGHTMAP_SHADOW_MIXING SHADOWS_SHADOWMASK FOG_EXP2 _VERTEXCOLOR _PARALLAXMAP pd=UNITY_ENABLE_REFLECTION_BUFFERS UNITY_NO_SCREENSPACE_SHADOWS UNITY_PBS_USE_BRDF3 UNITY_SPECCUBE_BOX_PROJECTION SHADER_API_MOBILE UNITY_COLORSPACE_GAMMA UNITY_LIGHTMAP_RGBM_ENCODING ok=1
Cmd: disassembleShader
  api=10 insize=1678 outsize=17010 ok=1
Cmd: compileSnippet
  api=10 type=0 insize=1808 outsize=2158 kw=UNITY_PASS_FORWARDBASE DIRECTIONAL SHADOWS_SCREEN LIGHTMAP_ON DYNAMICLIGHTMAP_ON LIGHTMAP_SHADOW_MIXING FOG_EXP2 _VERTEXCOLOR _PARALLAXMAP pd=UNITY_ENABLE_REFLECTION_BUFFERS UNITY_NO_SCREENSPACE_SHADOWS UNITY_PBS_USE_BRDF3 UNITY_SPECCUBE_BOX_PROJECTION SHADER_API_MOBILE UNITY_COLORSPACE_GAMMA UNITY_LIGHTMAP_RGBM_ENCODING ok=1
Cmd: disassembleShader
  api=10 insize=2158 outsize=23620 ok=1
Cmd: compileSnippet
  api=10 type=0 insize=1808 outsize=2117 kw=UNITY_PASS_FORWARDBASE DIRECTIONAL SHADOWS_SCREEN DYNAMICLIGHTMAP_ON LIGHTMAP_SHADOW_MIXING FOG_EXP2 VERTEXLIGHT_ON _VERTEXCOLOR _PARALLAXMAP pd=UNITY_ENABLE_REFLECTION_BUFFERS UNITY_NO_SCREENSPACE_SHADOWS UNITY_PBS_USE_BRDF3 UNITY_SPECCUBE_BOX_PROJECTION SHADER_API_MOBILE UNITY_COLORSPACE_GAMMA UNITY_LIGHTMAP_RGBM_ENCODING ok=1
Cmd: disassembleShader
  api=10 insize=2117 outsize=22941 ok=1
Cmd: compileSnippet
  api=10 type=0 insize=1808 outsize=1582 kw=UNITY_PASS_FORWARDBASE DIRECTIONAL LIGHTMAP_ON _PARALLAXMAP _VERTEXCOLOR_LERP pd=UNITY_ENABLE_REFLECTION_BUFFERS UNITY_NO_SCREENSPACE_SHADOWS UNITY_PBS_USE_BRDF3 UNITY_SPECCUBE_BOX_PROJECTION SHADER_API_MOBILE UNITY_COLORSPACE_GAMMA UNITY_LIGHTMAP_RGBM_ENCODING ok=1
Cmd: disassembleShader
  api=10 insize=1582 outsize=15561 ok=1
Cmd: compileSnippet
  api=10 type=0 insize=1808 outsize=2373 kw=UNITY_PASS_FORWARDBASE DIRECTIONAL SHADOWS_SCREEN LIGHTMAP_SHADOW_MIXING LIGHTPROBE_SH _PARALLAXMAP _VERTEXCOLOR_LERP pd=UNITY_ENABLE_REFLECTION_BUFFERS UNITY_NO_SCREENSPACE_SHADOWS UNITY_PBS_USE_BRDF3 UNITY_SPECCUBE_BOX_PROJECTION SHADER_API_MOBILE UNITY_COLORSPACE_GAMMA UNITY_LIGHTMAP_RGBM_ENCODING ok=1
Cmd: disassembleShader
  api=10 insize=2373 outsize=24844 ok=1
Cmd: compileSnippet
  api=10 type=0 insize=1808 outsize=2054 kw=UNITY_PASS_FORWARDBASE DIRECTIONAL SHADOWS_SCREEN LIGHTMAP_ON DIRLIGHTMAP_COMBINED DYNAMICLIGHTMAP_ON _PARALLAXMAP _VERTEXCOLOR_LERP pd=UNITY_ENABLE_REFLECTION_BUFFERS UNITY_NO_SCREENSPACE_SHADOWS UNITY_PBS_USE_BRDF3 UNITY_SPECCUBE_BOX_PROJECTION SHADER_API_MOBILE UNITY_COLORSPACE_GAMMA UNITY_LIGHTMAP_RGBM_ENCODING ok=1
Cmd: disassembleShader
  api=10 insize=2054 outsize=21898 ok=1
Cmd: compileSnippet
  api=10 type=0 insize=1808 outsize=2931 kw=UNITY_PASS_FORWARDBASE DIRECTIONAL SHADOWS_SCREEN SHADOWS_SHADOWMASK LIGHTPROBE_SH VERTEXLIGHT_ON _PARALLAXMAP _VERTEXCOLOR_LERP pd=UNITY_ENABLE_REFLECTION_BUFFERS UNITY_NO_SCREENSPACE_SHADOWS UNITY_PBS_USE_BRDF3 UNITY_SPECCUBE_BOX_PROJECTION SHADER_API_MOBILE UNITY_COLORSPACE_GAMMA UNITY_LIGHTMAP_RGBM_ENCODING ok=1
Cmd: disassembleShader
  api=10 insize=2931 outsize=30248 ok=1
Cmd: compileSnippet
  api=10 type=0 insize=1808 outsize=1670 kw=UNITY_PASS_FORWARDBASE DIRECTIONAL LIGHTMAP_ON SHADOWS_SHADOWMASK LIGHTPROBE_SH FOG_LINEAR _PARALLAXMAP _VERTEXCOLOR_LERP pd=UNITY_ENABLE_REFLECTION_BUFFERS UNITY_NO_SCREENSPACE_SHADOWS UNITY_PBS_USE_BRDF3 UNITY_SPECCUBE_BOX_PROJECTION SHADER_API_MOBILE UNITY_COLORSPACE_GAMMA UNITY_LIGHTMAP_RGBM_ENCODING ok=1
Cmd: disassembleShader
  api=10 insize=1670 outsize=16494 ok=1
Cmd: compileSnippet
  api=10 type=0 insize=1808 outsize=2117 kw=UNITY_PASS_FORWARDBASE DIRECTIONAL SHADOWS_SCREEN DYNAMICLIGHTMAP_ON LIGHTMAP_SHADOW_MIXING SHADOWS_SHADOWMASK FOG_LINEAR _PARALLAXMAP _VERTEXCOLOR_LERP pd=UNITY_ENABLE_REFLECTION_BUFFERS UNITY_NO_SCREENSPACE_SHADOWS UNITY_PBS_USE_BRDF3 UNITY_SPECCUBE_BOX_PROJECTION SHADER_API_MOBILE UNITY_COLORSPACE_GAMMA UNITY_LIGHTMAP_RGBM_ENCODING ok=1
Cmd: disassembleShader
  api=10 insize=2117 outsize=22583 ok=1
Cmd: compileSnippet
  api=10 type=0 insize=1808 outsize=2150 kw=UNITY_PASS_FORWARDBASE DIRECTIONAL SHADOWS_SCREEN LIGHTMAP_ON DYNAMICLIGHTMAP_ON LIGHTMAP_SHADOW_MIXING SHADOWS_SHADOWMASK FOG_LINEAR _PARALLAXMAP _VERTEXCOLOR_LERP pd=UNITY_ENABLE_REFLECTION_BUFFERS UNITY_NO_SCREENSPACE_SHADOWS UNITY_PBS_USE_BRDF3 UNITY_SPECCUBE_BOX_PROJECTION SHADER_API_MOBILE UNITY_COLORSPACE_GAMMA UNITY_LIGHTMAP_RGBM_ENCODING ok=1
Cmd: disassembleShader
  api=10 insize=2150 outsize=23102 ok=1
Cmd: compileSnippet
  api=10 type=0 insize=1808 outsize=2117 kw=UNITY_PASS_FORWARDBASE DIRECTIONAL SHADOWS_SCREEN DIRLIGHTMAP_COMBINED DYNAMICLIGHTMAP_ON SHADOWS_SHADOWMASK FOG_LINEAR VERTEXLIGHT_ON _PARALLAXMAP _VERTEXCOLOR_LERP pd=UNITY_ENABLE_REFLECTION_BUFFERS UNITY_NO_SCREENSPACE_SHADOWS UNITY_PBS_USE_BRDF3 UNITY_SPECCUBE_BOX_PROJECTION SHADER_API_MOBILE UNITY_COLORSPACE_GAMMA UNITY_LIGHTMAP_RGBM_ENCODING ok=1
Cmd: disassembleShader
  api=10 insize=2117 outsize=22583 ok=1
Cmd: compileSnippet
  api=10 type=0 insize=1808 outsize=1670 kw=UNITY_PASS_FORWARDBASE DIRECTIONAL LIGHTMAP_ON DIRLIGHTMAP_COMBINED LIGHTMAP_SHADOW_MIXING LIGHTPROBE_SH FOG_EXP _PARALLAXMAP _VERTEXCOLOR_LERP pd=UNITY_ENABLE_REFLECTION_BUFFERS UNITY_NO_SCREENSPACE_SHADOWS UNITY_PBS_USE_BRDF3 UNITY_SPECCUBE_BOX_PROJECTION SHADER_API_MOBILE UNITY_COLORSPACE_GAMMA UNITY_LIGHTMAP_RGBM_ENCODING ok=1
Cmd: disassembleShader
  api=10 insize=1670 outsize=16744 ok=1
Cmd: compileSnippet
  api=10 type=0 insize=1808 outsize=2078 kw=UNITY_PASS_FORWARDBASE DIRECTIONAL SHADOWS_SCREEN LIGHTMAP_ON LIGHTPROBE_SH FOG_EXP _PARALLAXMAP _VERTEXCOLOR_LERP pd=UNITY_ENABLE_REFLECTION_BUFFERS UNITY_NO_SCREENSPACE_SHADOWS UNITY_PBS_USE_BRDF3 UNITY_SPECCUBE_BOX_PROJECTION SHADER_API_MOBILE UNITY_COLORSPACE_GAMMA UNITY_LIGHTMAP_RGBM_ENCODING ok=1
Cmd: disassembleShader
  api=10 insize=2078 outsize=22816 ok=1
Cmd: compileSnippet
  api=10 type=0 insize=1808 outsize=2150 kw=UNITY_PASS_FORWARDBASE DIRECTIONAL SHADOWS_SCREEN LIGHTMAP_ON DIRLIGHTMAP_COMBINED DYNAMICLIGHTMAP_ON SHADOWS_SHADOWMASK FOG_EXP _PARALLAXMAP _VERTEXCOLOR_LERP pd=UNITY_ENABLE_REFLECTION_BUFFERS UNITY_NO_SCREENSPACE_SHADOWS UNITY_PBS_USE_BRDF3 UNITY_SPECCUBE_BOX_PROJECTION SHADER_API_MOBILE UNITY_COLORSPACE_GAMMA UNITY_LIGHTMAP_RGBM_ENCODING ok=1
Cmd: disassembleShader
  api=10 insize=2150 outsize=23353 ok=1
Cmd: compileSnippet
  api=10 type=0 insize=1808 outsize=2109 kw=UNITY_PASS_FORWARDBASE DIRECTIONAL SHADOWS_SCREEN DYNAMICLIGHTMAP_ON LIGHTMAP_SHADOW_MIXING SHADOWS_SHADOWMASK FOG_EXP VERTEXLIGHT_ON _PARALLAXMAP _VERTEXCOLOR_LERP pd=UNITY_ENABLE_REFLECTION_BUFFERS UNITY_NO_SCREENSPACE_SHADOWS UNITY_PBS_USE_BRDF3 UNITY_SPECCUBE_BOX_PROJECTION SHADER_API_MOBILE UNITY_COLORSPACE_GAMMA UNITY_LIGHTMAP_RGBM_ENCODING ok=1
Cmd: disassembleShader
  api=10 insize=2109 outsize=22674 ok=1
Cmd: compileSnippet
  api=10 type=0 insize=1808 outsize=2117 kw=UNITY_PASS_FORWARDBASE DIRECTIONAL SHADOWS_SCREEN DYNAMICLIGHTMAP_ON LIGHTMAP_SHADOW_MIXING FOG_EXP2 _PARALLAXMAP _VERTEXCOLOR_LERP pd=UNITY_ENABLE_REFLECTION_BUFFERS UNITY_NO_SCREENSPACE_SHADOWS UNITY_PBS_USE_BRDF3 UNITY_SPECCUBE_BOX_PROJECTION SHADER_API_MOBILE UNITY_COLORSPACE_GAMMA UNITY_LIGHTMAP_RGBM_ENCODING ok=1
Cmd: disassembleShader
  api=10 insize=2117 outsize=22941 ok=1
Cmd: compileSnippet
  api=10 type=0 insize=1808 outsize=2158 kw=UNITY_PASS_FORWARDBASE DIRECTIONAL SHADOWS_SCREEN LIGHTMAP_ON DYNAMICLIGHTMAP_ON LIGHTMAP_SHADOW_MIXING SHADOWS_SHADOWMASK FOG_EXP2 _PARALLAXMAP _VERTEXCOLOR_LERP pd=UNITY_ENABLE_REFLECTION_BUFFERS UNITY_NO_SCREENSPACE_SHADOWS UNITY_PBS_USE_BRDF3 UNITY_SPECCUBE_BOX_PROJECTION SHADER_API_MOBILE UNITY_COLORSPACE_GAMMA UNITY_LIGHTMAP_RGBM_ENCODING ok=1
Cmd: disassembleShader
  api=10 insize=2158 outsize=23620 ok=1
Cmd: compileSnippet
  api=10 type=0 insize=1808 outsize=3059 kw=UNITY_PASS_FORWARDBASE DIRECTIONAL SHADOWS_SCREEN LIGHTPROBE_SH FOG_EXP2 VERTEXLIGHT_ON _PARALLAXMAP _VERTEXCOLOR_LERP pd=UNITY_ENABLE_REFLECTION_BUFFERS UNITY_NO_SCREENSPACE_SHADOWS UNITY_PBS_USE_BRDF3 UNITY_SPECCUBE_BOX_PROJECTION SHADER_API_MOBILE UNITY_COLORSPACE_GAMMA UNITY_LIGHTMAP_RGBM_ENCODING ok=1
Cmd: disassembleShader
  api=10 insize=3059 outsize=32312 ok=1
Cmd: compileSnippet
  api=10 type=0 insize=1808 outsize=1670 kw=UNITY_PASS_FORWARDBASE DIRECTIONAL LIGHTMAP_ON DIRLIGHTMAP_COMBINED DYNAMICLIGHTMAP_ON _VERTEXCOLOR_OFF _GLOSSYREFLECTIONS_OFF pd=UNITY_ENABLE_REFLECTION_BUFFERS UNITY_NO_SCREENSPACE_SHADOWS UNITY_PBS_USE_BRDF3 UNITY_SPECCUBE_BOX_PROJECTION SHADER_API_MOBILE UNITY_COLORSPACE_GAMMA UNITY_LIGHTMAP_RGBM_ENCODING ok=1
Cmd: disassembleShader
  api=10 insize=1670 outsize=15391 ok=1
Cmd: compileSnippet
  api=10 type=0 insize=1808 outsize=2021 kw=UNITY_PASS_FORWARDBASE DIRECTIONAL SHADOWS_SCREEN DYNAMICLIGHTMAP_ON LIGHTMAP_SHADOW_MIXING _VERTEXCOLOR_OFF _GLOSSYREFLECTIONS_OFF pd=UNITY_ENABLE_REFLECTION_BUFFERS UNITY_NO_SCREENSPACE_SHADOWS UNITY_PBS_USE_BRDF3 UNITY_SPECCUBE_BOX_PROJECTION SHADER_API_MOBILE UNITY_COLORSPACE_GAMMA UNITY_LIGHTMAP_RGBM_ENCODING ok=1
Cmd: disassembleShader
  api=10 insize=2021 outsize=21555 ok=1
Cmd: compileSnippet
  api=10 type=0 insize=1808 outsize=2739 kw=UNITY_PASS_FORWARDBASE DIRECTIONAL LIGHTPROBE_SH VERTEXLIGHT_ON _VERTEXCOLOR_OFF _GLOSSYREFLECTIONS_OFF pd=UNITY_ENABLE_REFLECTION_BUFFERS UNITY_NO_SCREENSPACE_SHADOWS UNITY_PBS_USE_BRDF3 UNITY_SPECCUBE_BOX_PROJECTION SHADER_API_MOBILE UNITY_COLORSPACE_GAMMA UNITY_LIGHTMAP_RGBM_ENCODING ok=1
Cmd: disassembleShader
  api=10 insize=2739 outsize=26747 ok=1
Cmd: compileSnippet
  api=10 type=0 insize=1808 outsize=2931 kw=UNITY_PASS_FORWARDBASE DIRECTIONAL SHADOWS_SCREEN LIGHTMAP_SHADOW_MIXING SHADOWS_SHADOWMASK LIGHTPROBE_SH VERTEXLIGHT_ON _VERTEXCOLOR_OFF _GLOSSYREFLECTIONS_OFF pd=UNITY_ENABLE_REFLECTION_BUFFERS UNITY_NO_SCREENSPACE_SHADOWS UNITY_PBS_USE_BRDF3 UNITY_SPECCUBE_BOX_PROJECTION SHADER_API_MOBILE UNITY_COLORSPACE_GAMMA UNITY_LIGHTMAP_RGBM_ENCODING ok=1
Cmd: disassembleShader
  api=10 insize=2931 outsize=30248 ok=1
Cmd: compileSnippet
  api=10 type=0 insize=1808 outsize=1758 kw=UNITY_PASS_FORWARDBASE DIRECTIONAL LIGHTMAP_ON DIRLIGHTMAP_COMBINED DYNAMICLIGHTMAP_ON SHADOWS_SHADOWMASK FOG_LINEAR _VERTEXCOLOR_OFF _GLOSSYREFLECTIONS_OFF pd=UNITY_ENABLE_REFLECTION_BUFFERS UNITY_NO_SCREENSPACE_SHADOWS UNITY_PBS_USE_BRDF3 UNITY_SPECCUBE_BOX_PROJECTION SHADER_API_MOBILE UNITY_COLORSPACE_GAMMA UNITY_LIGHTMAP_RGBM_ENCODING ok=1
Cmd: disassembleShader
  api=10 insize=1758 outsize=16324 ok=1
Cmd: compileSnippet
  api=10 type=0 insize=1808 outsize=2086 kw=UNITY_PASS_FORWARDBASE DIRECTIONAL SHADOWS_SCREEN LIGHTMAP_ON LIGHTMAP_SHADOW_MIXING SHADOWS_SHADOWMASK LIGHTPROBE_SH FOG_LINEAR _VERTEXCOLOR_OFF _GLOSSYREFLECTIONS_OFF pd=UNITY_ENABLE_REFLECTION_BUFFERS UNITY_NO_SCREENSPACE_SHADOWS UNITY_PBS_USE_BRDF3 UNITY_SPECCUBE_BOX_PROJECTION SHADER_API_MOBILE UNITY_COLORSPACE_GAMMA UNITY_LIGHTMAP_RGBM_ENCODING ok=1
Cmd: disassembleShader
  api=10 insize=2086 outsize=22725 ok=1
Cmd: compileSnippet
  api=10 type=0 insize=1808 outsize=1605 kw=UNITY_PASS_FORWARDBASE DIRECTIONAL FOG_LINEAR VERTEXLIGHT_ON _VERTEXCOLOR_OFF _GLOSSYREFLECTIONS_OFF pd=UNITY_ENABLE_REFLECTION_BUFFERS UNITY_NO_SCREENSPACE_SHADOWS UNITY_PBS_USE_BRDF3 UNITY_SPECCUBE_BOX_PROJECTION SHADER_API_MOBILE UNITY_COLORSPACE_GAMMA UNITY_LIGHTMAP_RGBM_ENCODING ok=1
Cmd: disassembleShader
  api=10 insize=1605 outsize=16328 ok=1
Cmd: compileSnippet
  api=10 type=0 insize=1808 outsize=1670 kw=UNITY_PASS_FORWARDBASE DIRECTIONAL LIGHTMAP_ON DIRLIGHTMAP_COMBINED LIGHTMAP_SHADOW_MIXING FOG_EXP _VERTEXCOLOR_OFF _GLOSSYREFLECTIONS_OFF pd=UNITY_ENABLE_REFLECTION_BUFFERS UNITY_NO_SCREENSPACE_SHADOWS UNITY_PBS_USE_BRDF3 UNITY_SPECCUBE_BOX_PROJECTION SHADER_API_MOBILE UNITY_COLORSPACE_GAMMA UNITY_LIGHTMAP_RGBM_ENCODING ok=1
Cmd: disassembleShader
  api=10 insize=1670 outsize=16744 ok=1
Cmd: compileSnippet
  api=10 type=0 insize=1808 outsize=1670 kw=UNITY_PASS_FORWARDBASE DIRECTIONAL LIGHTMAP_ON DIRLIGHTMAP_COMBINED LIGHTMAP_SHADOW_MIXING SHADOWS_SHADOWMASK LIGHTPROBE_SH FOG_EXP _VERTEXCOLOR_OFF _GLOSSYREFLECTIONS_OFF pd=UNITY_ENABLE_REFLECTION_BUFFERS UNITY_NO_SCREENSPACE_SHADOWS UNITY_PBS_USE_BRDF3 UNITY_SPECCUBE_BOX_PROJECTION SHADER_API_MOBILE UNITY_COLORSPACE_GAMMA UNITY_LIGHTMAP_RGBM_ENCODING ok=1
Cmd: disassembleShader
  api=10 insize=1670 outsize=16744 ok=1
Cmd: compileSnippet
  api=10 type=0 insize=1808 outsize=2078 kw=UNITY_PASS_FORWARDBASE DIRECTIONAL SHADOWS_SCREEN LIGHTMAP_ON LIGHTMAP_SHADOW_MIXING SHADOWS_SHADOWMASK FOG_EXP _VERTEXCOLOR_OFF _GLOSSYREFLECTIONS_OFF pd=UNITY_ENABLE_REFLECTION_BUFFERS UNITY_NO_SCREENSPACE_SHADOWS UNITY_PBS_USE_BRDF3 UNITY_SPECCUBE_BOX_PROJECTION SHADER_API_MOBILE UNITY_COLORSPACE_GAMMA UNITY_LIGHTMAP_RGBM_ENCODING ok=1
Cmd: disassembleShader
  api=10 insize=2078 outsize=22816 ok=1
Cmd: compileSnippet
  api=10 type=0 insize=1808 outsize=3051 kw=UNITY_PASS_FORWARDBASE DIRECTIONAL SHADOWS_SCREEN SHADOWS_SHADOWMASK LIGHTPROBE_SH FOG_EXP VERTEXLIGHT_ON _VERTEXCOLOR_OFF _GLOSSYREFLECTIONS_OFF pd=UNITY_ENABLE_REFLECTION_BUFFERS UNITY_NO_SCREENSPACE_SHADOWS UNITY_PBS_USE_BRDF3 UNITY_SPECCUBE_BOX_PROJECTION SHADER_API_MOBILE UNITY_COLORSPACE_GAMMA UNITY_LIGHTMAP_RGBM_ENCODING ok=1
Cmd: disassembleShader
  api=10 insize=3051 outsize=32042 ok=1
Cmd: compileSnippet
  api=10 type=0 insize=1808 outsize=1678 kw=UNITY_PASS_FORWARDBASE DIRECTIONAL LIGHTMAP_ON LIGHTMAP_SHADOW_MIXING SHADOWS_SHADOWMASK FOG_EXP2 _VERTEXCOLOR_OFF _GLOSSYREFLECTIONS_OFF pd=UNITY_ENABLE_REFLECTION_BUFFERS UNITY_NO_SCREENSPACE_SHADOWS UNITY_PBS_USE_BRDF3 UNITY_SPECCUBE_BOX_PROJECTION SHADER_API_MOBILE UNITY_COLORSPACE_GAMMA UNITY_LIGHTMAP_RGBM_ENCODING ok=1
Cmd: disassembleShader
  api=10 insize=1678 outsize=17010 ok=1
Cmd: compileSnippet
  api=10 type=0 insize=1808 outsize=2485 kw=UNITY_PASS_FORWARDBASE DIRECTIONAL SHADOWS_SCREEN LIGHTMAP_SHADOW_MIXING SHADOWS_SHADOWMASK LIGHTPROBE_SH FOG_EXP2 _VERTEXCOLOR_OFF _GLOSSYREFLECTIONS_OFF pd=UNITY_ENABLE_REFLECTION_BUFFERS UNITY_NO_SCREENSPACE_SHADOWS UNITY_PBS_USE_BRDF3 UNITY_SPECCUBE_BOX_PROJECTION SHADER_API_MOBILE UNITY_COLORSPACE_GAMMA UNITY_LIGHTMAP_RGBM_ENCODING ok=1
Cmd: disassembleShader
  api=10 insize=2485 outsize=27179 ok=1
Cmd: compileSnippet
  api=10 type=0 insize=1808 outsize=2086 kw=UNITY_PASS_FORWARDBASE DIRECTIONAL SHADOWS_SCREEN LIGHTMAP_ON DIRLIGHTMAP_COMBINED SHADOWS_SHADOWMASK LIGHTPROBE_SH FOG_EXP2 _VERTEXCOLOR_OFF _GLOSSYREFLECTIONS_OFF pd=UNITY_ENABLE_REFLECTION_BUFFERS UNITY_NO_SCREENSPACE_SHADOWS UNITY_PBS_USE_BRDF3 UNITY_SPECCUBE_BOX_PROJECTION SHADER_API_MOBILE UNITY_COLORSPACE_GAMMA UNITY_LIGHTMAP_RGBM_ENCODING ok=1
Cmd: disassembleShader
  api=10 insize=2086 outsize=23083 ok=1
Cmd: compileSnippet
  api=10 type=0 insize=1808 outsize=1670 kw=UNITY_PASS_FORWARDBASE DIRECTIONAL LIGHTMAP_ON DYNAMICLIGHTMAP_ON _VERTEXCOLOR _GLOSSYREFLECTIONS_OFF pd=UNITY_ENABLE_REFLECTION_BUFFERS UNITY_NO_SCREENSPACE_SHADOWS UNITY_PBS_USE_BRDF3 UNITY_SPECCUBE_BOX_PROJECTION SHADER_API_MOBILE UNITY_COLORSPACE_GAMMA UNITY_LIGHTMAP_RGBM_ENCODING ok=1
Cmd: disassembleShader
  api=10 insize=1670 outsize=15391 ok=1
Cmd: compileSnippet
  api=10 type=0 insize=1808 outsize=1582 kw=UNITY_PASS_FORWARDBASE DIRECTIONAL LIGHTMAP_ON DIRLIGHTMAP_COMBINED LIGHTMAP_SHADOW_MIXING SHADOWS_SHADOWMASK _VERTEXCOLOR _GLOSSYREFLECTIONS_OFF pd=UNITY_ENABLE_REFLECTION_BUFFERS UNITY_NO_SCREENSPACE_SHADOWS UNITY_PBS_USE_BRDF3 UNITY_SPECCUBE_BOX_PROJECTION SHADER_API_MOBILE UNITY_COLORSPACE_GAMMA UNITY_LIGHTMAP_RGBM_ENCODING ok=1
Cmd: disassembleShader
  api=10 insize=1582 outsize=15561 ok=1
Cmd: compileSnippet
  api=10 type=0 insize=1830 outsize=1670 kw=UNITY_PASS_FORWARDBASE DIRECTIONAL LIGHTMAP_ON DIRLIGHTMAP_COMBINED DYNAMICLIGHTMAP_ON SHADOWS_SHADOWMASK pd=UNITY_ENABLE_REFLECTION_BUFFERS UNITY_NO_SCREENSPACE_SHADOWS UNITY_PBS_USE_BRDF3 UNITY_SPECCUBE_BOX_PROJECTION SHADER_API_MOBILE UNITY_COLORSPACE_GAMMA UNITY_LIGHTMAP_RGBM_ENCODING ok=1
Cmd: disassembleShader
  api=10 insize=1670 outsize=15389 ok=1
Cmd: compileSnippet
  api=10 type=0 insize=1830 outsize=2021 kw=UNITY_PASS_FORWARDBASE DIRECTIONAL SHADOWS_SCREEN DYNAMICLIGHTMAP_ON LIGHTMAP_SHADOW_MIXING pd=UNITY_ENABLE_REFLECTION_BUFFERS UNITY_NO_SCREENSPACE_SHADOWS UNITY_PBS_USE_BRDF3 UNITY_SPECCUBE_BOX_PROJECTION SHADER_API_MOBILE UNITY_COLORSPACE_GAMMA UNITY_LIGHTMAP_RGBM_ENCODING ok=1
Cmd: disassembleShader
  api=10 insize=2021 outsize=21553 ok=1
Cmd: compileSnippet
  api=10 type=0 insize=1830 outsize=1990 kw=UNITY_PASS_FORWARDBASE DIRECTIONAL SHADOWS_SCREEN LIGHTMAP_ON DIRLIGHTMAP_COMBINED LIGHTMAP_SHADOW_MIXING SHADOWS_SHADOWMASK LIGHTPROBE_SH pd=UNITY_ENABLE_REFLECTION_BUFFERS UNITY_NO_SCREENSPACE_SHADOWS UNITY_PBS_USE_BRDF3 UNITY_SPECCUBE_BOX_PROJECTION SHADER_API_MOBILE UNITY_COLORSPACE_GAMMA UNITY_LIGHTMAP_RGBM_ENCODING ok=1
Cmd: disassembleShader
  api=10 insize=1990 outsize=21709 ok=1
Cmd: compileSnippet
  api=10 type=0 insize=1830 outsize=2117 kw=UNITY_PASS_FORWARDBASE DIRECTIONAL SHADOWS_SHADOWMASK LIGHTPROBE_SH FOG_LINEAR pd=UNITY_ENABLE_REFLECTION_BUFFERS UNITY_NO_SCREENSPACE_SHADOWS UNITY_PBS_USE_BRDF3 UNITY_SPECCUBE_BOX_PROJECTION SHADER_API_MOBILE UNITY_COLORSPACE_GAMMA UNITY_LIGHTMAP_RGBM_ENCODING ok=1
Cmd: disassembleShader
  api=10 insize=2117 outsize=19379 ok=1
