Base path: C:/Program Files/Unity/Editor/Data
Cmd: initializeCompiler
Cmd: initializeCompiler
Cmd: preprocess
  insize=987 outsize=218 ok=1
Cmd: preprocess
  insize=10392 outsize=1956 ok=1
Cmd: compileSnippet
  error: 2 plat 4 at (40): failed to open source file: 'LightingCalculations.cginc'\nCompiling Vertex program with DIRECTIONAL
Platform defines: UNITY_ENABLE_REFLECTION_BUFFERS UNITY_USE_DITHER_MASK_FOR_ALPHABLENDED_SHADOWS UNITY_PBS_USE_BRDF1 UNITY_SPECCUBE_BOX_PROJECTION UNITY_SPECCUBE_BLENDING UNITY_ENABLE_DETAIL_NORMALMAP SHADER_API_DESKTOP UNITY_COLORSPACE_GAMMA UNITY_LIGHT_PROBE_PROXY_VOLUME UNITY_LIGHTMAP_RGBM_ENCODING
  api=4 type=0 insize=5338 outsize=0 kw=DIRECTIONAL pd=UNITY_ENABLE_REFLECTION_BUFFERS UNITY_USE_DITHER_MASK_FOR_ALPHABLENDED_SHADOWS UNITY_PBS_USE_BRDF1 UNITY_SPECCUBE_BOX_PROJECTION UNITY_SPECCUBE_BLENDING UNITY_ENABLE_DETAIL_NORMALMAP SHADER_API_DESKTOP UNITY_COLORSPACE_GAMMA UNITY_LIGHT_PROBE_PROXY_VOLUME UNITY_LIGHTMAP_RGBM_ENCODING ok=0
Cmd: preprocess
  insize=10392 outsize=1956 ok=1
Cmd: compileSnippet
  error: 2 plat 4 at (62): unrecognized identifier 'UNITY_LIGHTING_COORDS'\nCompiling Vertex program with DIRECTIONAL
Platform defines: UNITY_ENABLE_REFLECTION_BUFFERS UNITY_USE_DITHER_MASK_FOR_ALPHABLENDED_SHADOWS UNITY_PBS_USE_BRDF1 UNITY_SPECCUBE_BOX_PROJECTION UNITY_SPECCUBE_BLENDING UNITY_ENABLE_DETAIL_NORMALMAP SHADER_API_DESKTOP UNITY_COLORSPACE_GAMMA UNITY_LIGHT_PROBE_PROXY_VOLUME UNITY_LIGHTMAP_RGBM_ENCODING
  api=4 type=0 insize=5338 outsize=0 kw=DIRECTIONAL pd=UNITY_ENABLE_REFLECTION_BUFFERS UNITY_USE_DITHER_MASK_FOR_ALPHABLENDED_SHADOWS UNITY_PBS_USE_BRDF1 UNITY_SPECCUBE_BOX_PROJECTION UNITY_SPECCUBE_BLENDING UNITY_ENABLE_DETAIL_NORMALMAP SHADER_API_DESKTOP UNITY_COLORSPACE_GAMMA UNITY_LIGHT_PROBE_PROXY_VOLUME UNITY_LIGHTMAP_RGBM_ENCODING ok=0
Cmd: preprocess
  insize=10405 outsize=1958 ok=1
Cmd: compileSnippet
  error: 2 plat 4 at (130): undeclared identifier '_LightColor0'\nCompiling Vertex program with DIRECTIONAL
Platform defines: UNITY_ENABLE_REFLECTION_BUFFERS UNITY_USE_DITHER_MASK_FOR_ALPHABLENDED_SHADOWS UNITY_PBS_USE_BRDF1 UNITY_SPECCUBE_BOX_PROJECTION UNITY_SPECCUBE_BLENDING UNITY_ENABLE_DETAIL_NORMALMAP SHADER_API_DESKTOP UNITY_COLORSPACE_GAMMA UNITY_LIGHT_PROBE_PROXY_VOLUME UNITY_LIGHTMAP_RGBM_ENCODING
  api=4 type=0 insize=5346 outsize=0 kw=DIRECTIONAL pd=UNITY_ENABLE_REFLECTION_BUFFERS UNITY_USE_DITHER_MASK_FOR_ALPHABLENDED_SHADOWS UNITY_PBS_USE_BRDF1 UNITY_SPECCUBE_BOX_PROJECTION UNITY_SPECCUBE_BLENDING UNITY_ENABLE_DETAIL_NORMALMAP SHADER_API_DESKTOP UNITY_COLORSPACE_GAMMA UNITY_LIGHT_PROBE_PROXY_VOLUME UNITY_LIGHTMAP_RGBM_ENCODING ok=0
Cmd: preprocess
  insize=10586 outsize=1958 ok=1
Cmd: compileSnippet
  error: 1 plat 4 at (70): Output value 'vert' is not completely initialized\nCompiling Vertex program with DIRECTIONAL
Platform defines: UNITY_ENABLE_REFLECTION_BUFFERS UNITY_USE_DITHER_MASK_FOR_ALPHABLENDED_SHADOWS UNITY_PBS_USE_BRDF1 UNITY_SPECCUBE_BOX_PROJECTION UNITY_SPECCUBE_BLENDING UNITY_ENABLE_DETAIL_NORMALMAP SHADER_API_DESKTOP UNITY_COLORSPACE_GAMMA UNITY_LIGHT_PROBE_PROXY_VOLUME UNITY_LIGHTMAP_RGBM_ENCODING
  api=4 type=0 insize=5435 outsize=1250 kw=DIRECTIONAL pd=UNITY_ENABLE_REFLECTION_BUFFERS UNITY_USE_DITHER_MASK_FOR_ALPHABLENDED_SHADOWS UNITY_PBS_USE_BRDF1 UNITY_SPECCUBE_BOX_PROJECTION UNITY_SPECCUBE_BLENDING UNITY_ENABLE_DETAIL_NORMALMAP SHADER_API_DESKTOP UNITY_COLORSPACE_GAMMA UNITY_LIGHT_PROBE_PROXY_VOLUME UNITY_LIGHTMAP_RGBM_ENCODING ok=1
Cmd: compileSnippet
  api=4 type=1 insize=5435 outsize=3358 kw=DIRECTIONAL pd=UNITY_ENABLE_REFLECTION_BUFFERS UNITY_USE_DITHER_MASK_FOR_ALPHABLENDED_SHADOWS UNITY_PBS_USE_BRDF1 UNITY_SPECCUBE_BOX_PROJECTION UNITY_SPECCUBE_BLENDING UNITY_ENABLE_DETAIL_NORMALMAP SHADER_API_DESKTOP UNITY_COLORSPACE_GAMMA UNITY_LIGHT_PROBE_PROXY_VOLUME UNITY_LIGHTMAP_RGBM_ENCODING ok=1
Cmd: preprocess
  insize=9623 outsize=1932 ok=1
Cmd: compileSnippet
  error: 2 plat 4 at (64): unrecognized identifier 'UNITY_LIGHTING_COORDS'\nCompiling Vertex program with DIRECTIONAL
Platform defines: UNITY_ENABLE_REFLECTION_BUFFERS UNITY_USE_DITHER_MASK_FOR_ALPHABLENDED_SHADOWS UNITY_PBS_USE_BRDF1 UNITY_SPECCUBE_BOX_PROJECTION UNITY_SPECCUBE_BLENDING UNITY_ENABLE_DETAIL_NORMALMAP SHADER_API_DESKTOP UNITY_COLORSPACE_GAMMA UNITY_LIGHT_PROBE_PROXY_VOLUME UNITY_LIGHTMAP_RGBM_ENCODING
  api=4 type=0 insize=4979 outsize=0 kw=DIRECTIONAL pd=UNITY_ENABLE_REFLECTION_BUFFERS UNITY_USE_DITHER_MASK_FOR_ALPHABLENDED_SHADOWS UNITY_PBS_USE_BRDF1 UNITY_SPECCUBE_BOX_PROJECTION UNITY_SPECCUBE_BLENDING UNITY_ENABLE_DETAIL_NORMALMAP SHADER_API_DESKTOP UNITY_COLORSPACE_GAMMA UNITY_LIGHT_PROBE_PROXY_VOLUME UNITY_LIGHTMAP_RGBM_ENCODING ok=0
Cmd: preprocess
  insize=9678 outsize=1934 ok=1
Cmd: compileSnippet
  error: 2 plat 4 at (134): undeclared identifier '_LightColor0'\nCompiling Vertex program with DIRECTIONAL
Platform defines: UNITY_ENABLE_REFLECTION_BUFFERS UNITY_USE_DITHER_MASK_FOR_ALPHABLENDED_SHADOWS UNITY_PBS_USE_BRDF1 UNITY_SPECCUBE_BOX_PROJECTION UNITY_SPECCUBE_BLENDING UNITY_ENABLE_DETAIL_NORMALMAP SHADER_API_DESKTOP UNITY_COLORSPACE_GAMMA UNITY_LIGHT_PROBE_PROXY_VOLUME UNITY_LIGHTMAP_RGBM_ENCODING
  api=4 type=0 insize=4989 outsize=0 kw=DIRECTIONAL pd=UNITY_ENABLE_REFLECTION_BUFFERS UNITY_USE_DITHER_MASK_FOR_ALPHABLENDED_SHADOWS UNITY_PBS_USE_BRDF1 UNITY_SPECCUBE_BOX_PROJECTION UNITY_SPECCUBE_BLENDING UNITY_ENABLE_DETAIL_NORMALMAP SHADER_API_DESKTOP UNITY_COLORSPACE_GAMMA UNITY_LIGHT_PROBE_PROXY_VOLUME UNITY_LIGHTMAP_RGBM_ENCODING ok=0
Cmd: preprocess
  insize=11017 outsize=2003 ok=1
Cmd: compileSnippet
  error: 1 plat 4 at (72): Output value 'vert' is not completely initialized\nCompiling Vertex program with DIRECTIONAL
Platform defines: UNITY_ENABLE_REFLECTION_BUFFERS UNITY_USE_DITHER_MASK_FOR_ALPHABLENDED_SHADOWS UNITY_PBS_USE_BRDF1 UNITY_SPECCUBE_BOX_PROJECTION UNITY_SPECCUBE_BLENDING UNITY_ENABLE_DETAIL_NORMALMAP SHADER_API_DESKTOP UNITY_COLORSPACE_GAMMA UNITY_LIGHT_PROBE_PROXY_VOLUME UNITY_LIGHTMAP_RGBM_ENCODING
  api=4 type=0 insize=5028 outsize=1250 kw=DIRECTIONAL pd=UNITY_ENABLE_REFLECTION_BUFFERS UNITY_USE_DITHER_MASK_FOR_ALPHABLENDED_SHADOWS UNITY_PBS_USE_BRDF1 UNITY_SPECCUBE_BOX_PROJECTION UNITY_SPECCUBE_BLENDING UNITY_ENABLE_DETAIL_NORMALMAP SHADER_API_DESKTOP UNITY_COLORSPACE_GAMMA UNITY_LIGHT_PROBE_PROXY_VOLUME UNITY_LIGHTMAP_RGBM_ENCODING ok=1
Cmd: compileSnippet
  api=4 type=1 insize=5028 outsize=3286 kw=DIRECTIONAL pd=UNITY_ENABLE_REFLECTION_BUFFERS UNITY_USE_DITHER_MASK_FOR_ALPHABLENDED_SHADOWS UNITY_PBS_USE_BRDF1 UNITY_SPECCUBE_BOX_PROJECTION UNITY_SPECCUBE_BLENDING UNITY_ENABLE_DETAIL_NORMALMAP SHADER_API_DESKTOP UNITY_COLORSPACE_GAMMA UNITY_LIGHT_PROBE_PROXY_VOLUME UNITY_LIGHTMAP_RGBM_ENCODING ok=1
Cmd: preprocess
  insize=11017 outsize=2003 ok=1
Cmd: preprocess
  insize=11088 outsize=2075 ok=1
Cmd: compileSnippet
  error: 1 plat 4 at (74): Output value 'vert' is not completely initialized\nCompiling Vertex program with DIRECTIONAL
Platform defines: UNITY_ENABLE_REFLECTION_BUFFERS UNITY_USE_DITHER_MASK_FOR_ALPHABLENDED_SHADOWS UNITY_PBS_USE_BRDF1 UNITY_SPECCUBE_BOX_PROJECTION UNITY_SPECCUBE_BLENDING UNITY_ENABLE_DETAIL_NORMALMAP SHADER_API_DESKTOP UNITY_COLORSPACE_GAMMA UNITY_LIGHT_PROBE_PROXY_VOLUME UNITY_LIGHTMAP_RGBM_ENCODING
  api=4 type=0 insize=5028 outsize=1250 kw=DIRECTIONAL pd=UNITY_ENABLE_REFLECTION_BUFFERS UNITY_USE_DITHER_MASK_FOR_ALPHABLENDED_SHADOWS UNITY_PBS_USE_BRDF1 UNITY_SPECCUBE_BOX_PROJECTION UNITY_SPECCUBE_BLENDING UNITY_ENABLE_DETAIL_NORMALMAP SHADER_API_DESKTOP UNITY_COLORSPACE_GAMMA UNITY_LIGHT_PROBE_PROXY_VOLUME UNITY_LIGHTMAP_RGBM_ENCODING ok=1
Cmd: compileSnippet
  api=4 type=1 insize=5028 outsize=3286 kw=DIRECTIONAL pd=UNITY_ENABLE_REFLECTION_BUFFERS UNITY_USE_DITHER_MASK_FOR_ALPHABLENDED_SHADOWS UNITY_PBS_USE_BRDF1 UNITY_SPECCUBE_BOX_PROJECTION UNITY_SPECCUBE_BLENDING UNITY_ENABLE_DETAIL_NORMALMAP SHADER_API_DESKTOP UNITY_COLORSPACE_GAMMA UNITY_LIGHT_PROBE_PROXY_VOLUME UNITY_LIGHTMAP_RGBM_ENCODING ok=1
Cmd: preprocess
  insize=11088 outsize=2075 ok=1
Cmd: compileSnippet
  api=4 type=0 insize=17531 outsize=1358 kw=UNITY_PASS_FORWARDBASE DIRECTIONAL LIGHTMAP_ON LIGHTMAP_SHADOW_MIXING pd=UNITY_ENABLE_REFLECTION_BUFFERS UNITY_NO_SCREENSPACE_SHADOWS UNITY_PBS_USE_BRDF3 UNITY_SPECCUBE_BOX_PROJECTION SHADER_API_DESKTOP UNITY_COLORSPACE_GAMMA UNITY_LIGHTMAP_RGBM_ENCODING ok=1
Cmd: compileSnippet
  api=4 type=1 insize=17531 outsize=634 kw=UNITY_PASS_FORWARDBASE DIRECTIONAL LIGHTMAP_ON LIGHTMAP_SHADOW_MIXING pd=UNITY_ENABLE_REFLECTION_BUFFERS UNITY_NO_SCREENSPACE_SHADOWS UNITY_PBS_USE_BRDF3 UNITY_SPECCUBE_BOX_PROJECTION SHADER_API_DESKTOP UNITY_COLORSPACE_GAMMA UNITY_LIGHTMAP_RGBM_ENCODING ok=1
Cmd: compileSnippet
  api=4 type=0 insize=17531 outsize=1218 kw=UNITY_PASS_FORWARDBASE DIRECTIONAL pd=UNITY_ENABLE_REFLECTION_BUFFERS UNITY_NO_SCREENSPACE_SHADOWS UNITY_PBS_USE_BRDF3 UNITY_SPECCUBE_BOX_PROJECTION SHADER_API_DESKTOP UNITY_COLORSPACE_GAMMA UNITY_LIGHTMAP_RGBM_ENCODING ok=1
Cmd: compileSnippet
  api=4 type=1 insize=17531 outsize=594 kw=UNITY_PASS_FORWARDBASE DIRECTIONAL pd=UNITY_ENABLE_REFLECTION_BUFFERS UNITY_NO_SCREENSPACE_SHADOWS UNITY_PBS_USE_BRDF3 UNITY_SPECCUBE_BOX_PROJECTION SHADER_API_DESKTOP UNITY_COLORSPACE_GAMMA UNITY_LIGHTMAP_RGBM_ENCODING ok=1
Cmd: compileSnippet
  api=4 type=0 insize=3877 outsize=1226 kw=UNITY_PASS_META pd=UNITY_ENABLE_REFLECTION_BUFFERS UNITY_NO_SCREENSPACE_SHADOWS UNITY_PBS_USE_BRDF3 UNITY_SPECCUBE_BOX_PROJECTION SHADER_API_DESKTOP UNITY_COLORSPACE_GAMMA UNITY_LIGHTMAP_RGBM_ENCODING ok=1
Cmd: compileSnippet
  api=4 type=1 insize=3877 outsize=642 kw=UNITY_PASS_META pd=UNITY_ENABLE_REFLECTION_BUFFERS UNITY_NO_SCREENSPACE_SHADOWS UNITY_PBS_USE_BRDF3 UNITY_SPECCUBE_BOX_PROJECTION SHADER_API_DESKTOP UNITY_COLORSPACE_GAMMA UNITY_LIGHTMAP_RGBM_ENCODING ok=1
Cmd: compileSnippet
  api=4 type=0 insize=17531 outsize=1534 kw=UNITY_PASS_FORWARDBASE DIRECTIONAL SHADOWS_SCREEN LIGHTMAP_ON LIGHTMAP_SHADOW_MIXING pd=UNITY_ENABLE_REFLECTION_BUFFERS UNITY_NO_SCREENSPACE_SHADOWS UNITY_PBS_USE_BRDF3 UNITY_SPECCUBE_BOX_PROJECTION SHADER_API_DESKTOP UNITY_COLORSPACE_GAMMA UNITY_LIGHTMAP_RGBM_ENCODING ok=1
Cmd: compileSnippet
  api=4 type=1 insize=17531 outsize=1550 kw=UNITY_PASS_FORWARDBASE DIRECTIONAL SHADOWS_SCREEN LIGHTMAP_ON LIGHTMAP_SHADOW_MIXING pd=UNITY_ENABLE_REFLECTION_BUFFERS UNITY_NO_SCREENSPACE_SHADOWS UNITY_PBS_USE_BRDF3 UNITY_SPECCUBE_BOX_PROJECTION SHADER_API_DESKTOP UNITY_COLORSPACE_GAMMA UNITY_LIGHTMAP_RGBM_ENCODING ok=1
Cmd: preprocess
  insize=11159 outsize=2146 ok=1
Cmd: compileSnippet
  error: 1 plat 4 at (76): Output value 'vert' is not completely initialized\nCompiling Vertex program with DIRECTIONAL
Platform defines: UNITY_ENABLE_REFLECTION_BUFFERS UNITY_USE_DITHER_MASK_FOR_ALPHABLENDED_SHADOWS UNITY_PBS_USE_BRDF1 UNITY_SPECCUBE_BOX_PROJECTION UNITY_SPECCUBE_BLENDING UNITY_ENABLE_DETAIL_NORMALMAP SHADER_API_DESKTOP UNITY_COLORSPACE_GAMMA UNITY_LIGHT_PROBE_PROXY_VOLUME UNITY_LIGHTMAP_RGBM_ENCODING
  api=4 type=0 insize=5028 outsize=1250 kw=DIRECTIONAL pd=UNITY_ENABLE_REFLECTION_BUFFERS UNITY_USE_DITHER_MASK_FOR_ALPHABLENDED_SHADOWS UNITY_PBS_USE_BRDF1 UNITY_SPECCUBE_BOX_PROJECTION UNITY_SPECCUBE_BLENDING UNITY_ENABLE_DETAIL_NORMALMAP SHADER_API_DESKTOP UNITY_COLORSPACE_GAMMA UNITY_LIGHT_PROBE_PROXY_VOLUME UNITY_LIGHTMAP_RGBM_ENCODING ok=1
Cmd: compileSnippet
  api=4 type=1 insize=5028 outsize=3286 kw=DIRECTIONAL pd=UNITY_ENABLE_REFLECTION_BUFFERS UNITY_USE_DITHER_MASK_FOR_ALPHABLENDED_SHADOWS UNITY_PBS_USE_BRDF1 UNITY_SPECCUBE_BOX_PROJECTION UNITY_SPECCUBE_BLENDING UNITY_ENABLE_DETAIL_NORMALMAP SHADER_API_DESKTOP UNITY_COLORSPACE_GAMMA UNITY_LIGHT_PROBE_PROXY_VOLUME UNITY_LIGHTMAP_RGBM_ENCODING ok=1
Cmd: preprocess
  insize=11159 outsize=2146 ok=1
Cmd: preprocess
  insize=11230 outsize=2216 ok=1
Cmd: compileSnippet
  error: 1 plat 4 at (78): Output value 'vert' is not completely initialized\nCompiling Vertex program with DIRECTIONAL
Platform defines: UNITY_ENABLE_REFLECTION_BUFFERS UNITY_USE_DITHER_MASK_FOR_ALPHABLENDED_SHADOWS UNITY_PBS_USE_BRDF1 UNITY_SPECCUBE_BOX_PROJECTION UNITY_SPECCUBE_BLENDING UNITY_ENABLE_DETAIL_NORMALMAP SHADER_API_DESKTOP UNITY_COLORSPACE_GAMMA UNITY_LIGHT_PROBE_PROXY_VOLUME UNITY_LIGHTMAP_RGBM_ENCODING
  api=4 type=0 insize=5028 outsize=1250 kw=DIRECTIONAL pd=UNITY_ENABLE_REFLECTION_BUFFERS UNITY_USE_DITHER_MASK_FOR_ALPHABLENDED_SHADOWS UNITY_PBS_USE_BRDF1 UNITY_SPECCUBE_BOX_PROJECTION UNITY_SPECCUBE_BLENDING UNITY_ENABLE_DETAIL_NORMALMAP SHADER_API_DESKTOP UNITY_COLORSPACE_GAMMA UNITY_LIGHT_PROBE_PROXY_VOLUME UNITY_LIGHTMAP_RGBM_ENCODING ok=1
Cmd: compileSnippet
  api=4 type=1 insize=5028 outsize=3286 kw=DIRECTIONAL pd=UNITY_ENABLE_REFLECTION_BUFFERS UNITY_USE_DITHER_MASK_FOR_ALPHABLENDED_SHADOWS UNITY_PBS_USE_BRDF1 UNITY_SPECCUBE_BOX_PROJECTION UNITY_SPECCUBE_BLENDING UNITY_ENABLE_DETAIL_NORMALMAP SHADER_API_DESKTOP UNITY_COLORSPACE_GAMMA UNITY_LIGHT_PROBE_PROXY_VOLUME UNITY_LIGHTMAP_RGBM_ENCODING ok=1
Cmd: preprocess
  insize=11230 outsize=2216 ok=1
Cmd: preprocess
  insize=10947 outsize=2160 ok=1
Cmd: compileSnippet
  error: 1 plat 4 at (78): Output value 'vert' is not completely initialized\nCompiling Vertex program with DIRECTIONAL
Platform defines: UNITY_ENABLE_REFLECTION_BUFFERS UNITY_USE_DITHER_MASK_FOR_ALPHABLENDED_SHADOWS UNITY_PBS_USE_BRDF1 UNITY_SPECCUBE_BOX_PROJECTION UNITY_SPECCUBE_BLENDING UNITY_ENABLE_DETAIL_NORMALMAP SHADER_API_DESKTOP UNITY_COLORSPACE_GAMMA UNITY_LIGHT_PROBE_PROXY_VOLUME UNITY_LIGHTMAP_RGBM_ENCODING
  api=4 type=0 insize=4912 outsize=1250 kw=DIRECTIONAL pd=UNITY_ENABLE_REFLECTION_BUFFERS UNITY_USE_DITHER_MASK_FOR_ALPHABLENDED_SHADOWS UNITY_PBS_USE_BRDF1 UNITY_SPECCUBE_BOX_PROJECTION UNITY_SPECCUBE_BLENDING UNITY_ENABLE_DETAIL_NORMALMAP SHADER_API_DESKTOP UNITY_COLORSPACE_GAMMA UNITY_LIGHT_PROBE_PROXY_VOLUME UNITY_LIGHTMAP_RGBM_ENCODING ok=1
Cmd: compileSnippet
  api=4 type=1 insize=4912 outsize=3286 kw=DIRECTIONAL pd=UNITY_ENABLE_REFLECTION_BUFFERS UNITY_USE_DITHER_MASK_FOR_ALPHABLENDED_SHADOWS UNITY_PBS_USE_BRDF1 UNITY_SPECCUBE_BOX_PROJECTION UNITY_SPECCUBE_BLENDING UNITY_ENABLE_DETAIL_NORMALMAP SHADER_API_DESKTOP UNITY_COLORSPACE_GAMMA UNITY_LIGHT_PROBE_PROXY_VOLUME UNITY_LIGHTMAP_RGBM_ENCODING ok=1
Cmd: preprocess
  insize=11016 outsize=2228 ok=1
Cmd: compileSnippet
  error: 1 plat 4 at (80): Output value 'vert' is not completely initialized\nCompiling Vertex program with DIRECTIONAL
Platform defines: UNITY_ENABLE_REFLECTION_BUFFERS UNITY_USE_DITHER_MASK_FOR_ALPHABLENDED_SHADOWS UNITY_PBS_USE_BRDF1 UNITY_SPECCUBE_BOX_PROJECTION UNITY_SPECCUBE_BLENDING UNITY_ENABLE_DETAIL_NORMALMAP SHADER_API_DESKTOP UNITY_COLORSPACE_GAMMA UNITY_LIGHT_PROBE_PROXY_VOLUME UNITY_LIGHTMAP_RGBM_ENCODING
  api=4 type=0 insize=4912 outsize=1250 kw=DIRECTIONAL pd=UNITY_ENABLE_REFLECTION_BUFFERS UNITY_USE_DITHER_MASK_FOR_ALPHABLENDED_SHADOWS UNITY_PBS_USE_BRDF1 UNITY_SPECCUBE_BOX_PROJECTION UNITY_SPECCUBE_BLENDING UNITY_ENABLE_DETAIL_NORMALMAP SHADER_API_DESKTOP UNITY_COLORSPACE_GAMMA UNITY_LIGHT_PROBE_PROXY_VOLUME UNITY_LIGHTMAP_RGBM_ENCODING ok=1
Cmd: compileSnippet
  api=4 type=1 insize=4912 outsize=3286 kw=DIRECTIONAL pd=UNITY_ENABLE_REFLECTION_BUFFERS UNITY_USE_DITHER_MASK_FOR_ALPHABLENDED_SHADOWS UNITY_PBS_USE_BRDF1 UNITY_SPECCUBE_BOX_PROJECTION UNITY_SPECCUBE_BLENDING UNITY_ENABLE_DETAIL_NORMALMAP SHADER_API_DESKTOP UNITY_COLORSPACE_GAMMA UNITY_LIGHT_PROBE_PROXY_VOLUME UNITY_LIGHTMAP_RGBM_ENCODING ok=1
Cmd: preprocess
  insize=11016 outsize=2228 ok=1
Cmd: preprocess
  insize=11017 outsize=2228 ok=1
Cmd: preprocess
  insize=10999 outsize=2229 ok=1
Cmd: preprocess
  insize=11066 outsize=2228 ok=1
Cmd: preprocess
  insize=11055 outsize=2229 ok=1
Cmd: preprocess
  insize=11147 outsize=2297 ok=1
Cmd: compileSnippet
  error: 1 plat 4 at (82): Output value 'vert' is not completely initialized\nCompiling Vertex program with DIRECTIONAL
Platform defines: UNITY_ENABLE_REFLECTION_BUFFERS UNITY_USE_DITHER_MASK_FOR_ALPHABLENDED_SHADOWS UNITY_PBS_USE_BRDF1 UNITY_SPECCUBE_BOX_PROJECTION UNITY_SPECCUBE_BLENDING UNITY_ENABLE_DETAIL_NORMALMAP SHADER_API_DESKTOP UNITY_COLORSPACE_GAMMA UNITY_LIGHT_PROBE_PROXY_VOLUME UNITY_LIGHTMAP_RGBM_ENCODING
  api=4 type=0 insize=4912 outsize=1250 kw=DIRECTIONAL pd=UNITY_ENABLE_REFLECTION_BUFFERS UNITY_USE_DITHER_MASK_FOR_ALPHABLENDED_SHADOWS UNITY_PBS_USE_BRDF1 UNITY_SPECCUBE_BOX_PROJECTION UNITY_SPECCUBE_BLENDING UNITY_ENABLE_DETAIL_NORMALMAP SHADER_API_DESKTOP UNITY_COLORSPACE_GAMMA UNITY_LIGHT_PROBE_PROXY_VOLUME UNITY_LIGHTMAP_RGBM_ENCODING ok=1
Cmd: compileSnippet
  api=4 type=1 insize=4912 outsize=3286 kw=DIRECTIONAL pd=UNITY_ENABLE_REFLECTION_BUFFERS UNITY_USE_DITHER_MASK_FOR_ALPHABLENDED_SHADOWS UNITY_PBS_USE_BRDF1 UNITY_SPECCUBE_BOX_PROJECTION UNITY_SPECCUBE_BLENDING UNITY_ENABLE_DETAIL_NORMALMAP SHADER_API_DESKTOP UNITY_COLORSPACE_GAMMA UNITY_LIGHT_PROBE_PROXY_VOLUME UNITY_LIGHTMAP_RGBM_ENCODING ok=1
Cmd: preprocess
  insize=11143 outsize=2297 ok=1
Cmd: preprocess
  insize=10473 outsize=2107 ok=1
Cmd: compileSnippet
  error: 2 plat 4 at (155): redefinition of 'unity_WorldToLight'\nCompiling Vertex program with UNITY_PASS_FORWARDADD POINT _ALPHATEST_ON
Platform defines: UNITY_ENABLE_REFLECTION_BUFFERS UNITY_USE_DITHER_MASK_FOR_ALPHABLENDED_SHADOWS UNITY_PBS_USE_BRDF1 UNITY_SPECCUBE_BOX_PROJECTION UNITY_SPECCUBE_BLENDING UNITY_ENABLE_DETAIL_NORMALMAP SHADER_API_DESKTOP UNITY_COLORSPACE_GAMMA UNITY_LIGHT_PROBE_PROXY_VOLUME UNITY_LIGHTMAP_RGBM_ENCODING
  api=4 type=0 insize=4452 outsize=0 kw=UNITY_PASS_FORWARDADD POINT _ALPHATEST_ON pd=UNITY_ENABLE_REFLECTION_BUFFERS UNITY_USE_DITHER_MASK_FOR_ALPHABLENDED_SHADOWS UNITY_PBS_USE_BRDF1 UNITY_SPECCUBE_BOX_PROJECTION UNITY_SPECCUBE_BLENDING UNITY_ENABLE_DETAIL_NORMALMAP SHADER_API_DESKTOP UNITY_COLORSPACE_GAMMA UNITY_LIGHT_PROBE_PROXY_VOLUME UNITY_LIGHTMAP_RGBM_ENCODING ok=0
Cmd: preprocess
  insize=10228 outsize=2107 ok=1
Cmd: compileSnippet
  api=4 type=0 insize=4207 outsize=1514 kw=UNITY_PASS_FORWARDADD POINT _ALPHATEST_ON pd=UNITY_ENABLE_REFLECTION_BUFFERS UNITY_USE_DITHER_MASK_FOR_ALPHABLENDED_SHADOWS UNITY_PBS_USE_BRDF1 UNITY_SPECCUBE_BOX_PROJECTION UNITY_SPECCUBE_BLENDING UNITY_ENABLE_DETAIL_NORMALMAP SHADER_API_DESKTOP UNITY_COLORSPACE_GAMMA UNITY_LIGHT_PROBE_PROXY_VOLUME UNITY_LIGHTMAP_RGBM_ENCODING ok=1
Cmd: compileSnippet
  api=4 type=1 insize=4207 outsize=3426 kw=UNITY_PASS_FORWARDADD POINT _ALPHATEST_ON pd=UNITY_ENABLE_REFLECTION_BUFFERS UNITY_USE_DITHER_MASK_FOR_ALPHABLENDED_SHADOWS UNITY_PBS_USE_BRDF1 UNITY_SPECCUBE_BOX_PROJECTION UNITY_SPECCUBE_BLENDING UNITY_ENABLE_DETAIL_NORMALMAP SHADER_API_DESKTOP UNITY_COLORSPACE_GAMMA UNITY_LIGHT_PROBE_PROXY_VOLUME UNITY_LIGHTMAP_RGBM_ENCODING ok=1
Cmd: compileSnippet
  api=4 type=0 insize=1139 outsize=1494 kw=UNITY_PASS_SHADOWCASTER SHADOWS_DEPTH pd=UNITY_ENABLE_REFLECTION_BUFFERS UNITY_USE_DITHER_MASK_FOR_ALPHABLENDED_SHADOWS UNITY_PBS_USE_BRDF1 UNITY_SPECCUBE_BOX_PROJECTION UNITY_SPECCUBE_BLENDING UNITY_ENABLE_DETAIL_NORMALMAP SHADER_API_DESKTOP UNITY_COLORSPACE_GAMMA UNITY_LIGHT_PROBE_PROXY_VOLUME UNITY_LIGHTMAP_RGBM_ENCODING ok=1
Cmd: compileSnippet
  api=4 type=1 insize=1139 outsize=430 kw=UNITY_PASS_SHADOWCASTER SHADOWS_DEPTH pd=UNITY_ENABLE_REFLECTION_BUFFERS UNITY_USE_DITHER_MASK_FOR_ALPHABLENDED_SHADOWS UNITY_PBS_USE_BRDF1 UNITY_SPECCUBE_BOX_PROJECTION UNITY_SPECCUBE_BLENDING UNITY_ENABLE_DETAIL_NORMALMAP SHADER_API_DESKTOP UNITY_COLORSPACE_GAMMA UNITY_LIGHT_PROBE_PROXY_VOLUME UNITY_LIGHTMAP_RGBM_ENCODING ok=1
Cmd: preprocess
  insize=11145 outsize=2298 ok=1
Cmd: preprocess
  insize=11133 outsize=2297 ok=1
Cmd: preprocess
  insize=11172 outsize=2298 ok=1
Cmd: preprocess
  insize=11174 outsize=2297 ok=1
Cmd: preprocess
  insize=11161 outsize=2298 ok=1
Cmd: preprocess
  insize=11166 outsize=6727 ok=1
Cmd: compileSnippet
  error: 1 plat 4 at (82): Output value 'vert' is not completely initialized\nCompiling Vertex program with UNITY_PASS_FORWARDBASE DIRECTIONAL LIGHTMAP_ON
Platform defines: UNITY_ENABLE_REFLECTION_BUFFERS UNITY_NO_SCREENSPACE_SHADOWS UNITY_PBS_USE_BRDF3 UNITY_SPECCUBE_BOX_PROJECTION SHADER_API_DESKTOP UNITY_COLORSPACE_GAMMA UNITY_LIGHTMAP_RGBM_ENCODING
  api=4 type=0 insize=4912 outsize=1250 kw=UNITY_PASS_FORWARDBASE DIRECTIONAL LIGHTMAP_ON pd=UNITY_ENABLE_REFLECTION_BUFFERS UNITY_NO_SCREENSPACE_SHADOWS UNITY_PBS_USE_BRDF3 UNITY_SPECCUBE_BOX_PROJECTION SHADER_API_DESKTOP UNITY_COLORSPACE_GAMMA UNITY_LIGHTMAP_RGBM_ENCODING ok=1
Cmd: compileSnippet
  api=4 type=1 insize=4912 outsize=2638 kw=UNITY_PASS_FORWARDBASE DIRECTIONAL LIGHTMAP_ON pd=UNITY_ENABLE_REFLECTION_BUFFERS UNITY_NO_SCREENSPACE_SHADOWS UNITY_PBS_USE_BRDF3 UNITY_SPECCUBE_BOX_PROJECTION SHADER_API_DESKTOP UNITY_COLORSPACE_GAMMA UNITY_LIGHTMAP_RGBM_ENCODING ok=1
Cmd: compileSnippet
  error: 1 plat 4 at (82): Output value 'vert' is not completely initialized\nCompiling Vertex program with UNITY_PASS_FORWARDBASE DIRECTIONAL
Platform defines: UNITY_ENABLE_REFLECTION_BUFFERS UNITY_NO_SCREENSPACE_SHADOWS UNITY_PBS_USE_BRDF3 UNITY_SPECCUBE_BOX_PROJECTION SHADER_API_DESKTOP UNITY_COLORSPACE_GAMMA UNITY_LIGHTMAP_RGBM_ENCODING
  api=4 type=0 insize=4912 outsize=1250 kw=UNITY_PASS_FORWARDBASE DIRECTIONAL pd=UNITY_ENABLE_REFLECTION_BUFFERS UNITY_NO_SCREENSPACE_SHADOWS UNITY_PBS_USE_BRDF3 UNITY_SPECCUBE_BOX_PROJECTION SHADER_API_DESKTOP UNITY_COLORSPACE_GAMMA UNITY_LIGHTMAP_RGBM_ENCODING ok=1
Cmd: compileSnippet
  api=4 type=1 insize=4912 outsize=2638 kw=UNITY_PASS_FORWARDBASE DIRECTIONAL pd=UNITY_ENABLE_REFLECTION_BUFFERS UNITY_NO_SCREENSPACE_SHADOWS UNITY_PBS_USE_BRDF3 UNITY_SPECCUBE_BOX_PROJECTION SHADER_API_DESKTOP UNITY_COLORSPACE_GAMMA UNITY_LIGHTMAP_RGBM_ENCODING ok=1
Cmd: compileSnippet
  api=4 type=0 insize=4912 outsize=1470 kw=UNITY_PASS_FORWARDBASE DIRECTIONAL SHADOWS_SCREEN LIGHTMAP_ON LIGHTMAP_SHADOW_MIXING pd=UNITY_ENABLE_REFLECTION_BUFFERS UNITY_NO_SCREENSPACE_SHADOWS UNITY_PBS_USE_BRDF3 UNITY_SPECCUBE_BOX_PROJECTION SHADER_API_DESKTOP UNITY_COLORSPACE_GAMMA UNITY_LIGHTMAP_RGBM_ENCODING ok=1
Cmd: compileSnippet
  api=4 type=1 insize=4912 outsize=2870 kw=UNITY_PASS_FORWARDBASE DIRECTIONAL SHADOWS_SCREEN LIGHTMAP_ON LIGHTMAP_SHADOW_MIXING pd=UNITY_ENABLE_REFLECTION_BUFFERS UNITY_NO_SCREENSPACE_SHADOWS UNITY_PBS_USE_BRDF3 UNITY_SPECCUBE_BOX_PROJECTION SHADER_API_DESKTOP UNITY_COLORSPACE_GAMMA UNITY_LIGHTMAP_RGBM_ENCODING ok=1
Cmd: preprocess
  insize=11169 outsize=6728 ok=1
Cmd: compileSnippet
  error: 1 plat 4 at (82): Output value 'vert' is not completely initialized\nCompiling Vertex program with UNITY_PASS_FORWARDBASE DIRECTIONAL
Platform defines: UNITY_ENABLE_REFLECTION_BUFFERS UNITY_USE_DITHER_MASK_FOR_ALPHABLENDED_SHADOWS UNITY_PBS_USE_BRDF1 UNITY_SPECCUBE_BOX_PROJECTION UNITY_SPECCUBE_BLENDING UNITY_ENABLE_DETAIL_NORMALMAP SHADER_API_DESKTOP UNITY_COLORSPACE_GAMMA UNITY_LIGHT_PROBE_PROXY_VOLUME UNITY_LIGHTMAP_RGBM_ENCODING
  api=4 type=0 insize=4915 outsize=1250 kw=UNITY_PASS_FORWARDBASE DIRECTIONAL pd=UNITY_ENABLE_REFLECTION_BUFFERS UNITY_USE_DITHER_MASK_FOR_ALPHABLENDED_SHADOWS UNITY_PBS_USE_BRDF1 UNITY_SPECCUBE_BOX_PROJECTION UNITY_SPECCUBE_BLENDING UNITY_ENABLE_DETAIL_NORMALMAP SHADER_API_DESKTOP UNITY_COLORSPACE_GAMMA UNITY_LIGHT_PROBE_PROXY_VOLUME UNITY_LIGHTMAP_RGBM_ENCODING ok=1
Cmd: compileSnippet
  api=4 type=1 insize=4915 outsize=3242 kw=UNITY_PASS_FORWARDBASE DIRECTIONAL pd=UNITY_ENABLE_REFLECTION_BUFFERS UNITY_USE_DITHER_MASK_FOR_ALPHABLENDED_SHADOWS UNITY_PBS_USE_BRDF1 UNITY_SPECCUBE_BOX_PROJECTION UNITY_SPECCUBE_BLENDING UNITY_ENABLE_DETAIL_NORMALMAP SHADER_API_DESKTOP UNITY_COLORSPACE_GAMMA UNITY_LIGHT_PROBE_PROXY_VOLUME UNITY_LIGHTMAP_RGBM_ENCODING ok=1
Cmd: compileSnippet
  api=4 type=0 insize=4915 outsize=1470 kw=UNITY_PASS_FORWARDBASE DIRECTIONAL SHADOWS_SCREEN LIGHTMAP_ON LIGHTMAP_SHADOW_MIXING pd=UNITY_ENABLE_REFLECTION_BUFFERS UNITY_NO_SCREENSPACE_SHADOWS UNITY_PBS_USE_BRDF3 UNITY_SPECCUBE_BOX_PROJECTION SHADER_API_DESKTOP UNITY_COLORSPACE_GAMMA UNITY_LIGHTMAP_RGBM_ENCODING ok=1
Cmd: compileSnippet
  api=4 type=1 insize=4915 outsize=2814 kw=UNITY_PASS_FORWARDBASE DIRECTIONAL SHADOWS_SCREEN LIGHTMAP_ON LIGHTMAP_SHADOW_MIXING pd=UNITY_ENABLE_REFLECTION_BUFFERS UNITY_NO_SCREENSPACE_SHADOWS UNITY_PBS_USE_BRDF3 UNITY_SPECCUBE_BOX_PROJECTION SHADER_API_DESKTOP UNITY_COLORSPACE_GAMMA UNITY_LIGHTMAP_RGBM_ENCODING ok=1
Cmd: compileSnippet
  error: 1 plat 4 at (82): Output value 'vert' is not completely initialized\nCompiling Vertex program with UNITY_PASS_FORWARDBASE DIRECTIONAL
Platform defines: UNITY_ENABLE_REFLECTION_BUFFERS UNITY_NO_SCREENSPACE_SHADOWS UNITY_PBS_USE_BRDF3 UNITY_SPECCUBE_BOX_PROJECTION SHADER_API_DESKTOP UNITY_COLORSPACE_GAMMA UNITY_LIGHTMAP_RGBM_ENCODING
  api=4 type=0 insize=4915 outsize=1250 kw=UNITY_PASS_FORWARDBASE DIRECTIONAL pd=UNITY_ENABLE_REFLECTION_BUFFERS UNITY_NO_SCREENSPACE_SHADOWS UNITY_PBS_USE_BRDF3 UNITY_SPECCUBE_BOX_PROJECTION SHADER_API_DESKTOP UNITY_COLORSPACE_GAMMA UNITY_LIGHTMAP_RGBM_ENCODING ok=1
Cmd: compileSnippet
  api=4 type=1 insize=4915 outsize=2610 kw=UNITY_PASS_FORWARDBASE DIRECTIONAL pd=UNITY_ENABLE_REFLECTION_BUFFERS UNITY_NO_SCREENSPACE_SHADOWS UNITY_PBS_USE_BRDF3 UNITY_SPECCUBE_BOX_PROJECTION SHADER_API_DESKTOP UNITY_COLORSPACE_GAMMA UNITY_LIGHTMAP_RGBM_ENCODING ok=1
Cmd: preprocess
  insize=11166 outsize=6727 ok=1
Cmd: compileSnippet
  error: 1 plat 4 at (82): Output value 'vert' is not completely initialized\nCompiling Vertex program with UNITY_PASS_FORWARDBASE DIRECTIONAL LIGHTPROBE_SH
Platform defines: UNITY_ENABLE_REFLECTION_BUFFERS UNITY_NO_SCREENSPACE_SHADOWS UNITY_PBS_USE_BRDF3 UNITY_SPECCUBE_BOX_PROJECTION SHADER_API_DESKTOP UNITY_COLORSPACE_GAMMA UNITY_LIGHTMAP_RGBM_ENCODING
  api=4 type=0 insize=4912 outsize=1250 kw=UNITY_PASS_FORWARDBASE DIRECTIONAL LIGHTPROBE_SH pd=UNITY_ENABLE_REFLECTION_BUFFERS UNITY_NO_SCREENSPACE_SHADOWS UNITY_PBS_USE_BRDF3 UNITY_SPECCUBE_BOX_PROJECTION SHADER_API_DESKTOP UNITY_COLORSPACE_GAMMA UNITY_LIGHTMAP_RGBM_ENCODING ok=1
Cmd: compileSnippet
  api=4 type=1 insize=4912 outsize=2638 kw=UNITY_PASS_FORWARDBASE DIRECTIONAL LIGHTPROBE_SH pd=UNITY_ENABLE_REFLECTION_BUFFERS UNITY_NO_SCREENSPACE_SHADOWS UNITY_PBS_USE_BRDF3 UNITY_SPECCUBE_BOX_PROJECTION SHADER_API_DESKTOP UNITY_COLORSPACE_GAMMA UNITY_LIGHTMAP_RGBM_ENCODING ok=1
Cmd: preprocess
  insize=11173 outsize=6728 ok=1
Cmd: compileSnippet
  error: 1 plat 4 at (82): Output value 'vert' is not completely initialized\nCompiling Vertex program with UNITY_PASS_FORWARDBASE DIRECTIONAL
Platform defines: UNITY_ENABLE_REFLECTION_BUFFERS UNITY_USE_DITHER_MASK_FOR_ALPHABLENDED_SHADOWS UNITY_PBS_USE_BRDF1 UNITY_SPECCUBE_BOX_PROJECTION UNITY_SPECCUBE_BLENDING UNITY_ENABLE_DETAIL_NORMALMAP SHADER_API_DESKTOP UNITY_COLORSPACE_GAMMA UNITY_LIGHT_PROBE_PROXY_VOLUME UNITY_LIGHTMAP_RGBM_ENCODING
  api=4 type=0 insize=4919 outsize=1250 kw=UNITY_PASS_FORWARDBASE DIRECTIONAL pd=UNITY_ENABLE_REFLECTION_BUFFERS UNITY_USE_DITHER_MASK_FOR_ALPHABLENDED_SHADOWS UNITY_PBS_USE_BRDF1 UNITY_SPECCUBE_BOX_PROJECTION UNITY_SPECCUBE_BLENDING UNITY_ENABLE_DETAIL_NORMALMAP SHADER_API_DESKTOP UNITY_COLORSPACE_GAMMA UNITY_LIGHT_PROBE_PROXY_VOLUME UNITY_LIGHTMAP_RGBM_ENCODING ok=1
Cmd: compileSnippet
  api=4 type=1 insize=4919 outsize=1630 kw=UNITY_PASS_FORWARDBASE DIRECTIONAL pd=UNITY_ENABLE_REFLECTION_BUFFERS UNITY_USE_DITHER_MASK_FOR_ALPHABLENDED_SHADOWS UNITY_PBS_USE_BRDF1 UNITY_SPECCUBE_BOX_PROJECTION UNITY_SPECCUBE_BLENDING UNITY_ENABLE_DETAIL_NORMALMAP SHADER_API_DESKTOP UNITY_COLORSPACE_GAMMA UNITY_LIGHT_PROBE_PROXY_VOLUME UNITY_LIGHTMAP_RGBM_ENCODING ok=1
Cmd: compileSnippet
  api=4 type=0 insize=4919 outsize=1470 kw=UNITY_PASS_FORWARDBASE DIRECTIONAL SHADOWS_SCREEN LIGHTMAP_ON LIGHTMAP_SHADOW_MIXING pd=UNITY_ENABLE_REFLECTION_BUFFERS UNITY_NO_SCREENSPACE_SHADOWS UNITY_PBS_USE_BRDF3 UNITY_SPECCUBE_BOX_PROJECTION SHADER_API_DESKTOP UNITY_COLORSPACE_GAMMA UNITY_LIGHTMAP_RGBM_ENCODING ok=1
Cmd: compileSnippet
  api=4 type=1 insize=4919 outsize=1630 kw=UNITY_PASS_FORWARDBASE DIRECTIONAL SHADOWS_SCREEN LIGHTMAP_ON LIGHTMAP_SHADOW_MIXING pd=UNITY_ENABLE_REFLECTION_BUFFERS UNITY_NO_SCREENSPACE_SHADOWS UNITY_PBS_USE_BRDF3 UNITY_SPECCUBE_BOX_PROJECTION SHADER_API_DESKTOP UNITY_COLORSPACE_GAMMA UNITY_LIGHTMAP_RGBM_ENCODING ok=1
Cmd: compileSnippet
  error: 1 plat 4 at (82): Output value 'vert' is not completely initialized\nCompiling Vertex program with UNITY_PASS_FORWARDBASE DIRECTIONAL
Platform defines: UNITY_ENABLE_REFLECTION_BUFFERS UNITY_NO_SCREENSPACE_SHADOWS UNITY_PBS_USE_BRDF3 UNITY_SPECCUBE_BOX_PROJECTION SHADER_API_DESKTOP UNITY_COLORSPACE_GAMMA UNITY_LIGHTMAP_RGBM_ENCODING
  api=4 type=0 insize=4919 outsize=1250 kw=UNITY_PASS_FORWARDBASE DIRECTIONAL pd=UNITY_ENABLE_REFLECTION_BUFFERS UNITY_NO_SCREENSPACE_SHADOWS UNITY_PBS_USE_BRDF3 UNITY_SPECCUBE_BOX_PROJECTION SHADER_API_DESKTOP UNITY_COLORSPACE_GAMMA UNITY_LIGHTMAP_RGBM_ENCODING ok=1
Cmd: compileSnippet
  api=4 type=1 insize=4919 outsize=1630 kw=UNITY_PASS_FORWARDBASE DIRECTIONAL pd=UNITY_ENABLE_REFLECTION_BUFFERS UNITY_NO_SCREENSPACE_SHADOWS UNITY_PBS_USE_BRDF3 UNITY_SPECCUBE_BOX_PROJECTION SHADER_API_DESKTOP UNITY_COLORSPACE_GAMMA UNITY_LIGHTMAP_RGBM_ENCODING ok=1
Cmd: compileSnippet
  error: 1 plat 4 at (82): Output value 'vert' is not completely initialized\nCompiling Vertex program with UNITY_PASS_FORWARDBASE DIRECTIONAL LIGHTPROBE_SH
Platform defines: UNITY_ENABLE_REFLECTION_BUFFERS UNITY_NO_SCREENSPACE_SHADOWS UNITY_PBS_USE_BRDF3 UNITY_SPECCUBE_BOX_PROJECTION SHADER_API_DESKTOP UNITY_COLORSPACE_GAMMA UNITY_LIGHTMAP_RGBM_ENCODING
  api=4 type=0 insize=4919 outsize=1250 kw=UNITY_PASS_FORWARDBASE DIRECTIONAL LIGHTPROBE_SH pd=UNITY_ENABLE_REFLECTION_BUFFERS UNITY_NO_SCREENSPACE_SHADOWS UNITY_PBS_USE_BRDF3 UNITY_SPECCUBE_BOX_PROJECTION SHADER_API_DESKTOP UNITY_COLORSPACE_GAMMA UNITY_LIGHTMAP_RGBM_ENCODING ok=1
Cmd: compileSnippet
  api=4 type=1 insize=4919 outsize=1630 kw=UNITY_PASS_FORWARDBASE DIRECTIONAL LIGHTPROBE_SH pd=UNITY_ENABLE_REFLECTION_BUFFERS UNITY_NO_SCREENSPACE_SHADOWS UNITY_PBS_USE_BRDF3 UNITY_SPECCUBE_BOX_PROJECTION SHADER_API_DESKTOP UNITY_COLORSPACE_GAMMA UNITY_LIGHTMAP_RGBM_ENCODING ok=1
Cmd: preprocess
  insize=11177 outsize=6728 ok=1
Cmd: compileSnippet
  error: 1 plat 4 at (82): Output value 'vert' is not completely initialized\nCompiling Vertex program with UNITY_PASS_FORWARDBASE DIRECTIONAL
Platform defines: UNITY_ENABLE_REFLECTION_BUFFERS UNITY_USE_DITHER_MASK_FOR_ALPHABLENDED_SHADOWS UNITY_PBS_USE_BRDF1 UNITY_SPECCUBE_BOX_PROJECTION UNITY_SPECCUBE_BLENDING UNITY_ENABLE_DETAIL_NORMALMAP SHADER_API_DESKTOP UNITY_COLORSPACE_GAMMA UNITY_LIGHT_PROBE_PROXY_VOLUME UNITY_LIGHTMAP_RGBM_ENCODING
  api=4 type=0 insize=4923 outsize=1250 kw=UNITY_PASS_FORWARDBASE DIRECTIONAL pd=UNITY_ENABLE_REFLECTION_BUFFERS UNITY_USE_DITHER_MASK_FOR_ALPHABLENDED_SHADOWS UNITY_PBS_USE_BRDF1 UNITY_SPECCUBE_BOX_PROJECTION UNITY_SPECCUBE_BLENDING UNITY_ENABLE_DETAIL_NORMALMAP SHADER_API_DESKTOP UNITY_COLORSPACE_GAMMA UNITY_LIGHT_PROBE_PROXY_VOLUME UNITY_LIGHTMAP_RGBM_ENCODING ok=1
Cmd: compileSnippet
  api=4 type=1 insize=4923 outsize=1630 kw=UNITY_PASS_FORWARDBASE DIRECTIONAL pd=UNITY_ENABLE_REFLECTION_BUFFERS UNITY_USE_DITHER_MASK_FOR_ALPHABLENDED_SHADOWS UNITY_PBS_USE_BRDF1 UNITY_SPECCUBE_BOX_PROJECTION UNITY_SPECCUBE_BLENDING UNITY_ENABLE_DETAIL_NORMALMAP SHADER_API_DESKTOP UNITY_COLORSPACE_GAMMA UNITY_LIGHT_PROBE_PROXY_VOLUME UNITY_LIGHTMAP_RGBM_ENCODING ok=1
Cmd: compileSnippet
  api=4 type=0 insize=4923 outsize=1470 kw=UNITY_PASS_FORWARDBASE DIRECTIONAL SHADOWS_SCREEN LIGHTMAP_ON LIGHTMAP_SHADOW_MIXING pd=UNITY_ENABLE_REFLECTION_BUFFERS UNITY_NO_SCREENSPACE_SHADOWS UNITY_PBS_USE_BRDF3 UNITY_SPECCUBE_BOX_PROJECTION SHADER_API_DESKTOP UNITY_COLORSPACE_GAMMA UNITY_LIGHTMAP_RGBM_ENCODING ok=1
Cmd: compileSnippet
  api=4 type=1 insize=4923 outsize=1630 kw=UNITY_PASS_FORWARDBASE DIRECTIONAL SHADOWS_SCREEN LIGHTMAP_ON LIGHTMAP_SHADOW_MIXING pd=UNITY_ENABLE_REFLECTION_BUFFERS UNITY_NO_SCREENSPACE_SHADOWS UNITY_PBS_USE_BRDF3 UNITY_SPECCUBE_BOX_PROJECTION SHADER_API_DESKTOP UNITY_COLORSPACE_GAMMA UNITY_LIGHTMAP_RGBM_ENCODING ok=1
Cmd: compileSnippet
  error: 1 plat 4 at (82): Output value 'vert' is not completely initialized\nCompiling Vertex program with UNITY_PASS_FORWARDBASE DIRECTIONAL
Platform defines: UNITY_ENABLE_REFLECTION_BUFFERS UNITY_NO_SCREENSPACE_SHADOWS UNITY_PBS_USE_BRDF3 UNITY_SPECCUBE_BOX_PROJECTION SHADER_API_DESKTOP UNITY_COLORSPACE_GAMMA UNITY_LIGHTMAP_RGBM_ENCODING
  api=4 type=0 insize=4923 outsize=1250 kw=UNITY_PASS_FORWARDBASE DIRECTIONAL pd=UNITY_ENABLE_REFLECTION_BUFFERS UNITY_NO_SCREENSPACE_SHADOWS UNITY_PBS_USE_BRDF3 UNITY_SPECCUBE_BOX_PROJECTION SHADER_API_DESKTOP UNITY_COLORSPACE_GAMMA UNITY_LIGHTMAP_RGBM_ENCODING ok=1
Cmd: compileSnippet
  api=4 type=1 insize=4923 outsize=1630 kw=UNITY_PASS_FORWARDBASE DIRECTIONAL pd=UNITY_ENABLE_REFLECTION_BUFFERS UNITY_NO_SCREENSPACE_SHADOWS UNITY_PBS_USE_BRDF3 UNITY_SPECCUBE_BOX_PROJECTION SHADER_API_DESKTOP UNITY_COLORSPACE_GAMMA UNITY_LIGHTMAP_RGBM_ENCODING ok=1
Cmd: compileSnippet
  error: 1 plat 4 at (82): Output value 'vert' is not completely initialized\nCompiling Vertex program with UNITY_PASS_FORWARDBASE DIRECTIONAL LIGHTMAP_ON
Platform defines: UNITY_ENABLE_REFLECTION_BUFFERS UNITY_NO_SCREENSPACE_SHADOWS UNITY_PBS_USE_BRDF3 UNITY_SPECCUBE_BOX_PROJECTION SHADER_API_DESKTOP UNITY_COLORSPACE_GAMMA UNITY_LIGHTMAP_RGBM_ENCODING
  api=4 type=0 insize=4923 outsize=1250 kw=UNITY_PASS_FORWARDBASE DIRECTIONAL LIGHTMAP_ON pd=UNITY_ENABLE_REFLECTION_BUFFERS UNITY_NO_SCREENSPACE_SHADOWS UNITY_PBS_USE_BRDF3 UNITY_SPECCUBE_BOX_PROJECTION SHADER_API_DESKTOP UNITY_COLORSPACE_GAMMA UNITY_LIGHTMAP_RGBM_ENCODING ok=1
Cmd: compileSnippet
  api=4 type=1 insize=4923 outsize=1630 kw=UNITY_PASS_FORWARDBASE DIRECTIONAL LIGHTMAP_ON pd=UNITY_ENABLE_REFLECTION_BUFFERS UNITY_NO_SCREENSPACE_SHADOWS UNITY_PBS_USE_BRDF3 UNITY_SPECCUBE_BOX_PROJECTION SHADER_API_DESKTOP UNITY_COLORSPACE_GAMMA UNITY_LIGHTMAP_RGBM_ENCODING ok=1
Cmd: preprocess
  insize=10617 outsize=6168 ok=1
Cmd: compileSnippet
  error: 1 plat 4 at (68): Output value 'vert' is not completely initialized\nCompiling Vertex program with UNITY_PASS_FORWARDBASE DIRECTIONAL
Platform defines: UNITY_ENABLE_REFLECTION_BUFFERS UNITY_USE_DITHER_MASK_FOR_ALPHABLENDED_SHADOWS UNITY_PBS_USE_BRDF1 UNITY_SPECCUBE_BOX_PROJECTION UNITY_SPECCUBE_BLENDING UNITY_ENABLE_DETAIL_NORMALMAP SHADER_API_DESKTOP UNITY_COLORSPACE_GAMMA UNITY_LIGHT_PROBE_PROXY_VOLUME UNITY_LIGHTMAP_RGBM_ENCODING
  api=4 type=0 insize=4923 outsize=1250 kw=UNITY_PASS_FORWARDBASE DIRECTIONAL pd=UNITY_ENABLE_REFLECTION_BUFFERS UNITY_USE_DITHER_MASK_FOR_ALPHABLENDED_SHADOWS UNITY_PBS_USE_BRDF1 UNITY_SPECCUBE_BOX_PROJECTION UNITY_SPECCUBE_BLENDING UNITY_ENABLE_DETAIL_NORMALMAP SHADER_API_DESKTOP UNITY_COLORSPACE_GAMMA UNITY_LIGHT_PROBE_PROXY_VOLUME UNITY_LIGHTMAP_RGBM_ENCODING ok=1
Cmd: compileSnippet
  api=4 type=1 insize=4923 outsize=1630 kw=UNITY_PASS_FORWARDBASE DIRECTIONAL pd=UNITY_ENABLE_REFLECTION_BUFFERS UNITY_USE_DITHER_MASK_FOR_ALPHABLENDED_SHADOWS UNITY_PBS_USE_BRDF1 UNITY_SPECCUBE_BOX_PROJECTION UNITY_SPECCUBE_BLENDING UNITY_ENABLE_DETAIL_NORMALMAP SHADER_API_DESKTOP UNITY_COLORSPACE_GAMMA UNITY_LIGHT_PROBE_PROXY_VOLUME UNITY_LIGHTMAP_RGBM_ENCODING ok=1
Cmd: compileSnippet
  error: 1 plat 4 at (68): Output value 'vert' is not completely initialized\nCompiling Vertex program with UNITY_PASS_FORWARDBASE DIRECTIONAL LIGHTMAP_ON
Platform defines: UNITY_ENABLE_REFLECTION_BUFFERS UNITY_NO_SCREENSPACE_SHADOWS UNITY_PBS_USE_BRDF3 UNITY_SPECCUBE_BOX_PROJECTION SHADER_API_DESKTOP UNITY_COLORSPACE_GAMMA UNITY_LIGHTMAP_RGBM_ENCODING
  api=4 type=0 insize=4923 outsize=1250 kw=UNITY_PASS_FORWARDBASE DIRECTIONAL LIGHTMAP_ON pd=UNITY_ENABLE_REFLECTION_BUFFERS UNITY_NO_SCREENSPACE_SHADOWS UNITY_PBS_USE_BRDF3 UNITY_SPECCUBE_BOX_PROJECTION SHADER_API_DESKTOP UNITY_COLORSPACE_GAMMA UNITY_LIGHTMAP_RGBM_ENCODING ok=1
Cmd: compileSnippet
  api=4 type=1 insize=4923 outsize=1630 kw=UNITY_PASS_FORWARDBASE DIRECTIONAL LIGHTMAP_ON pd=UNITY_ENABLE_REFLECTION_BUFFERS UNITY_NO_SCREENSPACE_SHADOWS UNITY_PBS_USE_BRDF3 UNITY_SPECCUBE_BOX_PROJECTION SHADER_API_DESKTOP UNITY_COLORSPACE_GAMMA UNITY_LIGHTMAP_RGBM_ENCODING ok=1
Cmd: compileSnippet
  error: 1 plat 4 at (68): Output value 'vert' is not completely initialized\nCompiling Vertex program with UNITY_PASS_FORWARDBASE DIRECTIONAL
Platform defines: UNITY_ENABLE_REFLECTION_BUFFERS UNITY_NO_SCREENSPACE_SHADOWS UNITY_PBS_USE_BRDF3 UNITY_SPECCUBE_BOX_PROJECTION SHADER_API_DESKTOP UNITY_COLORSPACE_GAMMA UNITY_LIGHTMAP_RGBM_ENCODING
  api=4 type=0 insize=4923 outsize=1250 kw=UNITY_PASS_FORWARDBASE DIRECTIONAL pd=UNITY_ENABLE_REFLECTION_BUFFERS UNITY_NO_SCREENSPACE_SHADOWS UNITY_PBS_USE_BRDF3 UNITY_SPECCUBE_BOX_PROJECTION SHADER_API_DESKTOP UNITY_COLORSPACE_GAMMA UNITY_LIGHTMAP_RGBM_ENCODING ok=1
Cmd: compileSnippet
  api=4 type=1 insize=4923 outsize=1630 kw=UNITY_PASS_FORWARDBASE DIRECTIONAL pd=UNITY_ENABLE_REFLECTION_BUFFERS UNITY_NO_SCREENSPACE_SHADOWS UNITY_PBS_USE_BRDF3 UNITY_SPECCUBE_BOX_PROJECTION SHADER_API_DESKTOP UNITY_COLORSPACE_GAMMA UNITY_LIGHTMAP_RGBM_ENCODING ok=1
Cmd: compileSnippet
  error: 1 plat 4 at (68): Output value 'vert' is not completely initialized\nCompiling Vertex program with UNITY_PASS_FORWARDBASE DIRECTIONAL LIGHTPROBE_SH
Platform defines: UNITY_ENABLE_REFLECTION_BUFFERS UNITY_NO_SCREENSPACE_SHADOWS UNITY_PBS_USE_BRDF3 UNITY_SPECCUBE_BOX_PROJECTION SHADER_API_DESKTOP UNITY_COLORSPACE_GAMMA UNITY_LIGHTMAP_RGBM_ENCODING
  api=4 type=0 insize=4923 outsize=1250 kw=UNITY_PASS_FORWARDBASE DIRECTIONAL LIGHTPROBE_SH pd=UNITY_ENABLE_REFLECTION_BUFFERS UNITY_NO_SCREENSPACE_SHADOWS UNITY_PBS_USE_BRDF3 UNITY_SPECCUBE_BOX_PROJECTION SHADER_API_DESKTOP UNITY_COLORSPACE_GAMMA UNITY_LIGHTMAP_RGBM_ENCODING ok=1
Cmd: compileSnippet
  api=4 type=1 insize=4923 outsize=1630 kw=UNITY_PASS_FORWARDBASE DIRECTIONAL LIGHTPROBE_SH pd=UNITY_ENABLE_REFLECTION_BUFFERS UNITY_NO_SCREENSPACE_SHADOWS UNITY_PBS_USE_BRDF3 UNITY_SPECCUBE_BOX_PROJECTION SHADER_API_DESKTOP UNITY_COLORSPACE_GAMMA UNITY_LIGHTMAP_RGBM_ENCODING ok=1
Cmd: preprocess
  insize=10550 outsize=6168 ok=1
Cmd: compileSnippet
  error: 1 plat 4 at (68): Output value 'vert' is not completely initialized\nCompiling Vertex program with UNITY_PASS_FORWARDBASE DIRECTIONAL
Platform defines: UNITY_ENABLE_REFLECTION_BUFFERS UNITY_USE_DITHER_MASK_FOR_ALPHABLENDED_SHADOWS UNITY_PBS_USE_BRDF1 UNITY_SPECCUBE_BOX_PROJECTION UNITY_SPECCUBE_BLENDING UNITY_ENABLE_DETAIL_NORMALMAP SHADER_API_DESKTOP UNITY_COLORSPACE_GAMMA UNITY_LIGHT_PROBE_PROXY_VOLUME UNITY_LIGHTMAP_RGBM_ENCODING
  api=4 type=0 insize=4856 outsize=1250 kw=UNITY_PASS_FORWARDBASE DIRECTIONAL pd=UNITY_ENABLE_REFLECTION_BUFFERS UNITY_USE_DITHER_MASK_FOR_ALPHABLENDED_SHADOWS UNITY_PBS_USE_BRDF1 UNITY_SPECCUBE_BOX_PROJECTION UNITY_SPECCUBE_BLENDING UNITY_ENABLE_DETAIL_NORMALMAP SHADER_API_DESKTOP UNITY_COLORSPACE_GAMMA UNITY_LIGHT_PROBE_PROXY_VOLUME UNITY_LIGHTMAP_RGBM_ENCODING ok=1
Cmd: compileSnippet
  api=4 type=1 insize=4856 outsize=1630 kw=UNITY_PASS_FORWARDBASE DIRECTIONAL pd=UNITY_ENABLE_REFLECTION_BUFFERS UNITY_USE_DITHER_MASK_FOR_ALPHABLENDED_SHADOWS UNITY_PBS_USE_BRDF1 UNITY_SPECCUBE_BOX_PROJECTION UNITY_SPECCUBE_BLENDING UNITY_ENABLE_DETAIL_NORMALMAP SHADER_API_DESKTOP UNITY_COLORSPACE_GAMMA UNITY_LIGHT_PROBE_PROXY_VOLUME UNITY_LIGHTMAP_RGBM_ENCODING ok=1
Cmd: compileSnippet
  error: 1 plat 4 at (68): Output value 'vert' is not completely initialized\nCompiling Vertex program with UNITY_PASS_FORWARDBASE DIRECTIONAL LIGHTMAP_ON
Platform defines: UNITY_ENABLE_REFLECTION_BUFFERS UNITY_NO_SCREENSPACE_SHADOWS UNITY_PBS_USE_BRDF3 UNITY_SPECCUBE_BOX_PROJECTION SHADER_API_DESKTOP UNITY_COLORSPACE_GAMMA UNITY_LIGHTMAP_RGBM_ENCODING
  api=4 type=0 insize=4856 outsize=1250 kw=UNITY_PASS_FORWARDBASE DIRECTIONAL LIGHTMAP_ON pd=UNITY_ENABLE_REFLECTION_BUFFERS UNITY_NO_SCREENSPACE_SHADOWS UNITY_PBS_USE_BRDF3 UNITY_SPECCUBE_BOX_PROJECTION SHADER_API_DESKTOP UNITY_COLORSPACE_GAMMA UNITY_LIGHTMAP_RGBM_ENCODING ok=1
Cmd: compileSnippet
  api=4 type=1 insize=4856 outsize=1630 kw=UNITY_PASS_FORWARDBASE DIRECTIONAL LIGHTMAP_ON pd=UNITY_ENABLE_REFLECTION_BUFFERS UNITY_NO_SCREENSPACE_SHADOWS UNITY_PBS_USE_BRDF3 UNITY_SPECCUBE_BOX_PROJECTION SHADER_API_DESKTOP UNITY_COLORSPACE_GAMMA UNITY_LIGHTMAP_RGBM_ENCODING ok=1
Cmd: compileSnippet
  error: 1 plat 4 at (68): Output value 'vert' is not completely initialized\nCompiling Vertex program with UNITY_PASS_FORWARDBASE DIRECTIONAL
Platform defines: UNITY_ENABLE_REFLECTION_BUFFERS UNITY_NO_SCREENSPACE_SHADOWS UNITY_PBS_USE_BRDF3 UNITY_SPECCUBE_BOX_PROJECTION SHADER_API_DESKTOP UNITY_COLORSPACE_GAMMA UNITY_LIGHTMAP_RGBM_ENCODING
  api=4 type=0 insize=4856 outsize=1250 kw=UNITY_PASS_FORWARDBASE DIRECTIONAL pd=UNITY_ENABLE_REFLECTION_BUFFERS UNITY_NO_SCREENSPACE_SHADOWS UNITY_PBS_USE_BRDF3 UNITY_SPECCUBE_BOX_PROJECTION SHADER_API_DESKTOP UNITY_COLORSPACE_GAMMA UNITY_LIGHTMAP_RGBM_ENCODING ok=1
Cmd: compileSnippet
  api=4 type=1 insize=4856 outsize=1630 kw=UNITY_PASS_FORWARDBASE DIRECTIONAL pd=UNITY_ENABLE_REFLECTION_BUFFERS UNITY_NO_SCREENSPACE_SHADOWS UNITY_PBS_USE_BRDF3 UNITY_SPECCUBE_BOX_PROJECTION SHADER_API_DESKTOP UNITY_COLORSPACE_GAMMA UNITY_LIGHTMAP_RGBM_ENCODING ok=1
Cmd: compileSnippet
  error: 1 plat 4 at (68): Output value 'vert' is not completely initialized\nCompiling Vertex program with UNITY_PASS_FORWARDBASE DIRECTIONAL LIGHTPROBE_SH
Platform defines: UNITY_ENABLE_REFLECTION_BUFFERS UNITY_NO_SCREENSPACE_SHADOWS UNITY_PBS_USE_BRDF3 UNITY_SPECCUBE_BOX_PROJECTION SHADER_API_DESKTOP UNITY_COLORSPACE_GAMMA UNITY_LIGHTMAP_RGBM_ENCODING
  api=4 type=0 insize=4856 outsize=1250 kw=UNITY_PASS_FORWARDBASE DIRECTIONAL LIGHTPROBE_SH pd=UNITY_ENABLE_REFLECTION_BUFFERS UNITY_NO_SCREENSPACE_SHADOWS UNITY_PBS_USE_BRDF3 UNITY_SPECCUBE_BOX_PROJECTION SHADER_API_DESKTOP UNITY_COLORSPACE_GAMMA UNITY_LIGHTMAP_RGBM_ENCODING ok=1
Cmd: compileSnippet
  api=4 type=1 insize=4856 outsize=1630 kw=UNITY_PASS_FORWARDBASE DIRECTIONAL LIGHTPROBE_SH pd=UNITY_ENABLE_REFLECTION_BUFFERS UNITY_NO_SCREENSPACE_SHADOWS UNITY_PBS_USE_BRDF3 UNITY_SPECCUBE_BOX_PROJECTION SHADER_API_DESKTOP UNITY_COLORSPACE_GAMMA UNITY_LIGHTMAP_RGBM_ENCODING ok=1
Cmd: preprocess
  insize=10558 outsize=6168 ok=1
Cmd: compileSnippet
  error: 1 plat 4 at (68): Output value 'vert' is not completely initialized\nCompiling Vertex program with UNITY_PASS_FORWARDBASE DIRECTIONAL
Platform defines: UNITY_ENABLE_REFLECTION_BUFFERS UNITY_USE_DITHER_MASK_FOR_ALPHABLENDED_SHADOWS UNITY_PBS_USE_BRDF1 UNITY_SPECCUBE_BOX_PROJECTION UNITY_SPECCUBE_BLENDING UNITY_ENABLE_DETAIL_NORMALMAP SHADER_API_DESKTOP UNITY_COLORSPACE_GAMMA UNITY_LIGHT_PROBE_PROXY_VOLUME UNITY_LIGHTMAP_RGBM_ENCODING
  api=4 type=0 insize=4864 outsize=1250 kw=UNITY_PASS_FORWARDBASE DIRECTIONAL pd=UNITY_ENABLE_REFLECTION_BUFFERS UNITY_USE_DITHER_MASK_FOR_ALPHABLENDED_SHADOWS UNITY_PBS_USE_BRDF1 UNITY_SPECCUBE_BOX_PROJECTION UNITY_SPECCUBE_BLENDING UNITY_ENABLE_DETAIL_NORMALMAP SHADER_API_DESKTOP UNITY_COLORSPACE_GAMMA UNITY_LIGHT_PROBE_PROXY_VOLUME UNITY_LIGHTMAP_RGBM_ENCODING ok=1
Cmd: compileSnippet
  api=4 type=1 insize=4864 outsize=1190 kw=UNITY_PASS_FORWARDBASE DIRECTIONAL pd=UNITY_ENABLE_REFLECTION_BUFFERS UNITY_USE_DITHER_MASK_FOR_ALPHABLENDED_SHADOWS UNITY_PBS_USE_BRDF1 UNITY_SPECCUBE_BOX_PROJECTION UNITY_SPECCUBE_BLENDING UNITY_ENABLE_DETAIL_NORMALMAP SHADER_API_DESKTOP UNITY_COLORSPACE_GAMMA UNITY_LIGHT_PROBE_PROXY_VOLUME UNITY_LIGHTMAP_RGBM_ENCODING ok=1
Cmd: compileSnippet
  error: 1 plat 4 at (68): Output value 'vert' is not completely initialized\nCompiling Vertex program with UNITY_PASS_FORWARDBASE DIRECTIONAL LIGHTMAP_ON
Platform defines: UNITY_ENABLE_REFLECTION_BUFFERS UNITY_NO_SCREENSPACE_SHADOWS UNITY_PBS_USE_BRDF3 UNITY_SPECCUBE_BOX_PROJECTION SHADER_API_DESKTOP UNITY_COLORSPACE_GAMMA UNITY_LIGHTMAP_RGBM_ENCODING
  api=4 type=0 insize=4864 outsize=1250 kw=UNITY_PASS_FORWARDBASE DIRECTIONAL LIGHTMAP_ON pd=UNITY_ENABLE_REFLECTION_BUFFERS UNITY_NO_SCREENSPACE_SHADOWS UNITY_PBS_USE_BRDF3 UNITY_SPECCUBE_BOX_PROJECTION SHADER_API_DESKTOP UNITY_COLORSPACE_GAMMA UNITY_LIGHTMAP_RGBM_ENCODING ok=1
Cmd: compileSnippet
  api=4 type=1 insize=4864 outsize=614 kw=UNITY_PASS_FORWARDBASE DIRECTIONAL LIGHTMAP_ON pd=UNITY_ENABLE_REFLECTION_BUFFERS UNITY_NO_SCREENSPACE_SHADOWS UNITY_PBS_USE_BRDF3 UNITY_SPECCUBE_BOX_PROJECTION SHADER_API_DESKTOP UNITY_COLORSPACE_GAMMA UNITY_LIGHTMAP_RGBM_ENCODING ok=1
Cmd: compileSnippet
  error: 1 plat 4 at (68): Output value 'vert' is not completely initialized\nCompiling Vertex program with UNITY_PASS_FORWARDBASE DIRECTIONAL
Platform defines: UNITY_ENABLE_REFLECTION_BUFFERS UNITY_NO_SCREENSPACE_SHADOWS UNITY_PBS_USE_BRDF3 UNITY_SPECCUBE_BOX_PROJECTION SHADER_API_DESKTOP UNITY_COLORSPACE_GAMMA UNITY_LIGHTMAP_RGBM_ENCODING
  api=4 type=0 insize=4864 outsize=1250 kw=UNITY_PASS_FORWARDBASE DIRECTIONAL pd=UNITY_ENABLE_REFLECTION_BUFFERS UNITY_NO_SCREENSPACE_SHADOWS UNITY_PBS_USE_BRDF3 UNITY_SPECCUBE_BOX_PROJECTION SHADER_API_DESKTOP UNITY_COLORSPACE_GAMMA UNITY_LIGHTMAP_RGBM_ENCODING ok=1
Cmd: compileSnippet
  api=4 type=1 insize=4864 outsize=614 kw=UNITY_PASS_FORWARDBASE DIRECTIONAL pd=UNITY_ENABLE_REFLECTION_BUFFERS UNITY_NO_SCREENSPACE_SHADOWS UNITY_PBS_USE_BRDF3 UNITY_SPECCUBE_BOX_PROJECTION SHADER_API_DESKTOP UNITY_COLORSPACE_GAMMA UNITY_LIGHTMAP_RGBM_ENCODING ok=1
Cmd: compileSnippet
  api=4 type=0 insize=4864 outsize=1470 kw=UNITY_PASS_FORWARDBASE DIRECTIONAL SHADOWS_SCREEN LIGHTMAP_ON LIGHTMAP_SHADOW_MIXING pd=UNITY_ENABLE_REFLECTION_BUFFERS UNITY_NO_SCREENSPACE_SHADOWS UNITY_PBS_USE_BRDF3 UNITY_SPECCUBE_BOX_PROJECTION SHADER_API_DESKTOP UNITY_COLORSPACE_GAMMA UNITY_LIGHTMAP_RGBM_ENCODING ok=1
Cmd: compileSnippet
  api=4 type=1 insize=4864 outsize=758 kw=UNITY_PASS_FORWARDBASE DIRECTIONAL SHADOWS_SCREEN LIGHTMAP_ON LIGHTMAP_SHADOW_MIXING pd=UNITY_ENABLE_REFLECTION_BUFFERS UNITY_NO_SCREENSPACE_SHADOWS UNITY_PBS_USE_BRDF3 UNITY_SPECCUBE_BOX_PROJECTION SHADER_API_DESKTOP UNITY_COLORSPACE_GAMMA UNITY_LIGHTMAP_RGBM_ENCODING ok=1
Cmd: preprocess
  insize=10550 outsize=6168 ok=1
Cmd: compileSnippet
  error: 1 plat 4 at (68): Output value 'vert' is not completely initialized\nCompiling Vertex program with UNITY_PASS_FORWARDBASE DIRECTIONAL
Platform defines: UNITY_ENABLE_REFLECTION_BUFFERS UNITY_USE_DITHER_MASK_FOR_ALPHABLENDED_SHADOWS UNITY_PBS_USE_BRDF1 UNITY_SPECCUBE_BOX_PROJECTION UNITY_SPECCUBE_BLENDING UNITY_ENABLE_DETAIL_NORMALMAP SHADER_API_DESKTOP UNITY_COLORSPACE_GAMMA UNITY_LIGHT_PROBE_PROXY_VOLUME UNITY_LIGHTMAP_RGBM_ENCODING
  api=4 type=0 insize=4856 outsize=1250 kw=UNITY_PASS_FORWARDBASE DIRECTIONAL pd=UNITY_ENABLE_REFLECTION_BUFFERS UNITY_USE_DITHER_MASK_FOR_ALPHABLENDED_SHADOWS UNITY_PBS_USE_BRDF1 UNITY_SPECCUBE_BOX_PROJECTION UNITY_SPECCUBE_BLENDING UNITY_ENABLE_DETAIL_NORMALMAP SHADER_API_DESKTOP UNITY_COLORSPACE_GAMMA UNITY_LIGHT_PROBE_PROXY_VOLUME UNITY_LIGHTMAP_RGBM_ENCODING ok=1
Cmd: compileSnippet
  api=4 type=1 insize=4856 outsize=2218 kw=UNITY_PASS_FORWARDBASE DIRECTIONAL pd=UNITY_ENABLE_REFLECTION_BUFFERS UNITY_USE_DITHER_MASK_FOR_ALPHABLENDED_SHADOWS UNITY_PBS_USE_BRDF1 UNITY_SPECCUBE_BOX_PROJECTION UNITY_SPECCUBE_BLENDING UNITY_ENABLE_DETAIL_NORMALMAP SHADER_API_DESKTOP UNITY_COLORSPACE_GAMMA UNITY_LIGHT_PROBE_PROXY_VOLUME UNITY_LIGHTMAP_RGBM_ENCODING ok=1
Cmd: compileSnippet
  api=4 type=0 insize=4856 outsize=1470 kw=UNITY_PASS_FORWARDBASE DIRECTIONAL SHADOWS_SCREEN LIGHTMAP_ON LIGHTMAP_SHADOW_MIXING pd=UNITY_ENABLE_REFLECTION_BUFFERS UNITY_NO_SCREENSPACE_SHADOWS UNITY_PBS_USE_BRDF3 UNITY_SPECCUBE_BOX_PROJECTION SHADER_API_DESKTOP UNITY_COLORSPACE_GAMMA UNITY_LIGHTMAP_RGBM_ENCODING ok=1
Cmd: compileSnippet
  api=4 type=1 insize=4856 outsize=2218 kw=UNITY_PASS_FORWARDBASE DIRECTIONAL SHADOWS_SCREEN LIGHTMAP_ON LIGHTMAP_SHADOW_MIXING pd=UNITY_ENABLE_REFLECTION_BUFFERS UNITY_NO_SCREENSPACE_SHADOWS UNITY_PBS_USE_BRDF3 UNITY_SPECCUBE_BOX_PROJECTION SHADER_API_DESKTOP UNITY_COLORSPACE_GAMMA UNITY_LIGHTMAP_RGBM_ENCODING ok=1
Cmd: compileSnippet
  error: 1 plat 4 at (68): Output value 'vert' is not completely initialized\nCompiling Vertex program with UNITY_PASS_FORWARDBASE DIRECTIONAL
Platform defines: UNITY_ENABLE_REFLECTION_BUFFERS UNITY_NO_SCREENSPACE_SHADOWS UNITY_PBS_USE_BRDF3 UNITY_SPECCUBE_BOX_PROJECTION SHADER_API_DESKTOP UNITY_COLORSPACE_GAMMA UNITY_LIGHTMAP_RGBM_ENCODING
  api=4 type=0 insize=4856 outsize=1250 kw=UNITY_PASS_FORWARDBASE DIRECTIONAL pd=UNITY_ENABLE_REFLECTION_BUFFERS UNITY_NO_SCREENSPACE_SHADOWS UNITY_PBS_USE_BRDF3 UNITY_SPECCUBE_BOX_PROJECTION SHADER_API_DESKTOP UNITY_COLORSPACE_GAMMA UNITY_LIGHTMAP_RGBM_ENCODING ok=1
Cmd: compileSnippet
  api=4 type=1 insize=4856 outsize=2190 kw=UNITY_PASS_FORWARDBASE DIRECTIONAL pd=UNITY_ENABLE_REFLECTION_BUFFERS UNITY_NO_SCREENSPACE_SHADOWS UNITY_PBS_USE_BRDF3 UNITY_SPECCUBE_BOX_PROJECTION SHADER_API_DESKTOP UNITY_COLORSPACE_GAMMA UNITY_LIGHTMAP_RGBM_ENCODING ok=1
Cmd: compileSnippet
  error: 1 plat 4 at (68): Output value 'vert' is not completely initialized\nCompiling Vertex program with UNITY_PASS_FORWARDBASE DIRECTIONAL LIGHTPROBE_SH
Platform defines: UNITY_ENABLE_REFLECTION_BUFFERS UNITY_NO_SCREENSPACE_SHADOWS UNITY_PBS_USE_BRDF3 UNITY_SPECCUBE_BOX_PROJECTION SHADER_API_DESKTOP UNITY_COLORSPACE_GAMMA UNITY_LIGHTMAP_RGBM_ENCODING
  api=4 type=0 insize=4856 outsize=1250 kw=UNITY_PASS_FORWARDBASE DIRECTIONAL LIGHTPROBE_SH pd=UNITY_ENABLE_REFLECTION_BUFFERS UNITY_NO_SCREENSPACE_SHADOWS UNITY_PBS_USE_BRDF3 UNITY_SPECCUBE_BOX_PROJECTION SHADER_API_DESKTOP UNITY_COLORSPACE_GAMMA UNITY_LIGHTMAP_RGBM_ENCODING ok=1
Cmd: compileSnippet
  api=4 type=1 insize=4856 outsize=2190 kw=UNITY_PASS_FORWARDBASE DIRECTIONAL LIGHTPROBE_SH pd=UNITY_ENABLE_REFLECTION_BUFFERS UNITY_NO_SCREENSPACE_SHADOWS UNITY_PBS_USE_BRDF3 UNITY_SPECCUBE_BOX_PROJECTION SHADER_API_DESKTOP UNITY_COLORSPACE_GAMMA UNITY_LIGHTMAP_RGBM_ENCODING ok=1
Cmd: preprocess
  insize=10562 outsize=6167 ok=1
Cmd: compileSnippet
  error: 1 plat 4 at (68): Output value 'vert' is not completely initialized\nCompiling Vertex program with UNITY_PASS_FORWARDBASE DIRECTIONAL
Platform defines: UNITY_ENABLE_REFLECTION_BUFFERS UNITY_USE_DITHER_MASK_FOR_ALPHABLENDED_SHADOWS UNITY_PBS_USE_BRDF1 UNITY_SPECCUBE_BOX_PROJECTION UNITY_SPECCUBE_BLENDING UNITY_ENABLE_DETAIL_NORMALMAP SHADER_API_DESKTOP UNITY_COLORSPACE_GAMMA UNITY_LIGHT_PROBE_PROXY_VOLUME UNITY_LIGHTMAP_RGBM_ENCODING
  api=4 type=0 insize=4868 outsize=1250 kw=UNITY_PASS_FORWARDBASE DIRECTIONAL pd=UNITY_ENABLE_REFLECTION_BUFFERS UNITY_USE_DITHER_MASK_FOR_ALPHABLENDED_SHADOWS UNITY_PBS_USE_BRDF1 UNITY_SPECCUBE_BOX_PROJECTION UNITY_SPECCUBE_BLENDING UNITY_ENABLE_DETAIL_NORMALMAP SHADER_API_DESKTOP UNITY_COLORSPACE_GAMMA UNITY_LIGHT_PROBE_PROXY_VOLUME UNITY_LIGHTMAP_RGBM_ENCODING ok=1
Cmd: compileSnippet
  api=4 type=1 insize=4868 outsize=606 kw=UNITY_PASS_FORWARDBASE DIRECTIONAL pd=UNITY_ENABLE_REFLECTION_BUFFERS UNITY_USE_DITHER_MASK_FOR_ALPHABLENDED_SHADOWS UNITY_PBS_USE_BRDF1 UNITY_SPECCUBE_BOX_PROJECTION UNITY_SPECCUBE_BLENDING UNITY_ENABLE_DETAIL_NORMALMAP SHADER_API_DESKTOP UNITY_COLORSPACE_GAMMA UNITY_LIGHT_PROBE_PROXY_VOLUME UNITY_LIGHTMAP_RGBM_ENCODING ok=1
Cmd: compileSnippet
  api=4 type=0 insize=4868 outsize=1470 kw=UNITY_PASS_FORWARDBASE DIRECTIONAL SHADOWS_SCREEN LIGHTMAP_ON LIGHTMAP_SHADOW_MIXING pd=UNITY_ENABLE_REFLECTION_BUFFERS UNITY_NO_SCREENSPACE_SHADOWS UNITY_PBS_USE_BRDF3 UNITY_SPECCUBE_BOX_PROJECTION SHADER_API_DESKTOP UNITY_COLORSPACE_GAMMA UNITY_LIGHTMAP_RGBM_ENCODING ok=1
Cmd: compileSnippet
  api=4 type=1 insize=4868 outsize=606 kw=UNITY_PASS_FORWARDBASE DIRECTIONAL SHADOWS_SCREEN LIGHTMAP_ON LIGHTMAP_SHADOW_MIXING pd=UNITY_ENABLE_REFLECTION_BUFFERS UNITY_NO_SCREENSPACE_SHADOWS UNITY_PBS_USE_BRDF3 UNITY_SPECCUBE_BOX_PROJECTION SHADER_API_DESKTOP UNITY_COLORSPACE_GAMMA UNITY_LIGHTMAP_RGBM_ENCODING ok=1
Cmd: compileSnippet
  error: 1 plat 4 at (68): Output value 'vert' is not completely initialized\nCompiling Vertex program with UNITY_PASS_FORWARDBASE DIRECTIONAL
Platform defines: UNITY_ENABLE_REFLECTION_BUFFERS UNITY_NO_SCREENSPACE_SHADOWS UNITY_PBS_USE_BRDF3 UNITY_SPECCUBE_BOX_PROJECTION SHADER_API_DESKTOP UNITY_COLORSPACE_GAMMA UNITY_LIGHTMAP_RGBM_ENCODING
  api=4 type=0 insize=4868 outsize=1250 kw=UNITY_PASS_FORWARDBASE DIRECTIONAL pd=UNITY_ENABLE_REFLECTION_BUFFERS UNITY_NO_SCREENSPACE_SHADOWS UNITY_PBS_USE_BRDF3 UNITY_SPECCUBE_BOX_PROJECTION SHADER_API_DESKTOP UNITY_COLORSPACE_GAMMA UNITY_LIGHTMAP_RGBM_ENCODING ok=1
Cmd: compileSnippet
  api=4 type=1 insize=4868 outsize=606 kw=UNITY_PASS_FORWARDBASE DIRECTIONAL pd=UNITY_ENABLE_REFLECTION_BUFFERS UNITY_NO_SCREENSPACE_SHADOWS UNITY_PBS_USE_BRDF3 UNITY_SPECCUBE_BOX_PROJECTION SHADER_API_DESKTOP UNITY_COLORSPACE_GAMMA UNITY_LIGHTMAP_RGBM_ENCODING ok=1
Cmd: compileSnippet
  error: 1 plat 4 at (68): Output value 'vert' is not completely initialized\nCompiling Vertex program with UNITY_PASS_FORWARDBASE DIRECTIONAL LIGHTPROBE_SH
Platform defines: UNITY_ENABLE_REFLECTION_BUFFERS UNITY_NO_SCREENSPACE_SHADOWS UNITY_PBS_USE_BRDF3 UNITY_SPECCUBE_BOX_PROJECTION SHADER_API_DESKTOP UNITY_COLORSPACE_GAMMA UNITY_LIGHTMAP_RGBM_ENCODING
  api=4 type=0 insize=4868 outsize=1250 kw=UNITY_PASS_FORWARDBASE DIRECTIONAL LIGHTPROBE_SH pd=UNITY_ENABLE_REFLECTION_BUFFERS UNITY_NO_SCREENSPACE_SHADOWS UNITY_PBS_USE_BRDF3 UNITY_SPECCUBE_BOX_PROJECTION SHADER_API_DESKTOP UNITY_COLORSPACE_GAMMA UNITY_LIGHTMAP_RGBM_ENCODING ok=1
Cmd: compileSnippet
  api=4 type=1 insize=4868 outsize=606 kw=UNITY_PASS_FORWARDBASE DIRECTIONAL LIGHTPROBE_SH pd=UNITY_ENABLE_REFLECTION_BUFFERS UNITY_NO_SCREENSPACE_SHADOWS UNITY_PBS_USE_BRDF3 UNITY_SPECCUBE_BOX_PROJECTION SHADER_API_DESKTOP UNITY_COLORSPACE_GAMMA UNITY_LIGHTMAP_RGBM_ENCODING ok=1
Cmd: preprocess
  insize=10555 outsize=6167 ok=1
Cmd: compileSnippet
  error: 1 plat 4 at (68): Output value 'vert' is not completely initialized\nCompiling Vertex program with UNITY_PASS_FORWARDBASE DIRECTIONAL
Platform defines: UNITY_ENABLE_REFLECTION_BUFFERS UNITY_USE_DITHER_MASK_FOR_ALPHABLENDED_SHADOWS UNITY_PBS_USE_BRDF1 UNITY_SPECCUBE_BOX_PROJECTION UNITY_SPECCUBE_BLENDING UNITY_ENABLE_DETAIL_NORMALMAP SHADER_API_DESKTOP UNITY_COLORSPACE_GAMMA UNITY_LIGHT_PROBE_PROXY_VOLUME UNITY_LIGHTMAP_RGBM_ENCODING
  api=4 type=0 insize=4861 outsize=1250 kw=UNITY_PASS_FORWARDBASE DIRECTIONAL pd=UNITY_ENABLE_REFLECTION_BUFFERS UNITY_USE_DITHER_MASK_FOR_ALPHABLENDED_SHADOWS UNITY_PBS_USE_BRDF1 UNITY_SPECCUBE_BOX_PROJECTION UNITY_SPECCUBE_BLENDING UNITY_ENABLE_DETAIL_NORMALMAP SHADER_API_DESKTOP UNITY_COLORSPACE_GAMMA UNITY_LIGHT_PROBE_PROXY_VOLUME UNITY_LIGHTMAP_RGBM_ENCODING ok=1
Cmd: compileSnippet
  api=4 type=1 insize=4861 outsize=582 kw=UNITY_PASS_FORWARDBASE DIRECTIONAL pd=UNITY_ENABLE_REFLECTION_BUFFERS UNITY_USE_DITHER_MASK_FOR_ALPHABLENDED_SHADOWS UNITY_PBS_USE_BRDF1 UNITY_SPECCUBE_BOX_PROJECTION UNITY_SPECCUBE_BLENDING UNITY_ENABLE_DETAIL_NORMALMAP SHADER_API_DESKTOP UNITY_COLORSPACE_GAMMA UNITY_LIGHT_PROBE_PROXY_VOLUME UNITY_LIGHTMAP_RGBM_ENCODING ok=1
Cmd: compileSnippet
  api=4 type=0 insize=4861 outsize=1470 kw=UNITY_PASS_FORWARDBASE DIRECTIONAL SHADOWS_SCREEN LIGHTMAP_ON LIGHTMAP_SHADOW_MIXING pd=UNITY_ENABLE_REFLECTION_BUFFERS UNITY_NO_SCREENSPACE_SHADOWS UNITY_PBS_USE_BRDF3 UNITY_SPECCUBE_BOX_PROJECTION SHADER_API_DESKTOP UNITY_COLORSPACE_GAMMA UNITY_LIGHTMAP_RGBM_ENCODING ok=1
Cmd: compileSnippet
  api=4 type=1 insize=4861 outsize=582 kw=UNITY_PASS_FORWARDBASE DIRECTIONAL SHADOWS_SCREEN LIGHTMAP_ON LIGHTMAP_SHADOW_MIXING pd=UNITY_ENABLE_REFLECTION_BUFFERS UNITY_NO_SCREENSPACE_SHADOWS UNITY_PBS_USE_BRDF3 UNITY_SPECCUBE_BOX_PROJECTION SHADER_API_DESKTOP UNITY_COLORSPACE_GAMMA UNITY_LIGHTMAP_RGBM_ENCODING ok=1
Cmd: compileSnippet
  error: 1 plat 4 at (68): Output value 'vert' is not completely initialized\nCompiling Vertex program with UNITY_PASS_FORWARDBASE DIRECTIONAL
Platform defines: UNITY_ENABLE_REFLECTION_BUFFERS UNITY_NO_SCREENSPACE_SHADOWS UNITY_PBS_USE_BRDF3 UNITY_SPECCUBE_BOX_PROJECTION SHADER_API_DESKTOP UNITY_COLORSPACE_GAMMA UNITY_LIGHTMAP_RGBM_ENCODING
  api=4 type=0 insize=4861 outsize=1250 kw=UNITY_PASS_FORWARDBASE DIRECTIONAL pd=UNITY_ENABLE_REFLECTION_BUFFERS UNITY_NO_SCREENSPACE_SHADOWS UNITY_PBS_USE_BRDF3 UNITY_SPECCUBE_BOX_PROJECTION SHADER_API_DESKTOP UNITY_COLORSPACE_GAMMA UNITY_LIGHTMAP_RGBM_ENCODING ok=1
Cmd: compileSnippet
  api=4 type=1 insize=4861 outsize=582 kw=UNITY_PASS_FORWARDBASE DIRECTIONAL pd=UNITY_ENABLE_REFLECTION_BUFFERS UNITY_NO_SCREENSPACE_SHADOWS UNITY_PBS_USE_BRDF3 UNITY_SPECCUBE_BOX_PROJECTION SHADER_API_DESKTOP UNITY_COLORSPACE_GAMMA UNITY_LIGHTMAP_RGBM_ENCODING ok=1
Cmd: preprocess
  insize=10555 outsize=6168 ok=1
Cmd: compileSnippet
  error: 1 plat 4 at (68): Output value 'vert' is not completely initialized\nCompiling Vertex program with UNITY_PASS_FORWARDBASE DIRECTIONAL
Platform defines: UNITY_ENABLE_REFLECTION_BUFFERS UNITY_USE_DITHER_MASK_FOR_ALPHABLENDED_SHADOWS UNITY_PBS_USE_BRDF1 UNITY_SPECCUBE_BOX_PROJECTION UNITY_SPECCUBE_BLENDING UNITY_ENABLE_DETAIL_NORMALMAP SHADER_API_DESKTOP UNITY_COLORSPACE_GAMMA UNITY_LIGHT_PROBE_PROXY_VOLUME UNITY_LIGHTMAP_RGBM_ENCODING
  api=4 type=0 insize=4861 outsize=1250 kw=UNITY_PASS_FORWARDBASE DIRECTIONAL pd=UNITY_ENABLE_REFLECTION_BUFFERS UNITY_USE_DITHER_MASK_FOR_ALPHABLENDED_SHADOWS UNITY_PBS_USE_BRDF1 UNITY_SPECCUBE_BOX_PROJECTION UNITY_SPECCUBE_BLENDING UNITY_ENABLE_DETAIL_NORMALMAP SHADER_API_DESKTOP UNITY_COLORSPACE_GAMMA UNITY_LIGHT_PROBE_PROXY_VOLUME UNITY_LIGHTMAP_RGBM_ENCODING ok=1
Cmd: compileSnippet
  api=4 type=1 insize=4861 outsize=614 kw=UNITY_PASS_FORWARDBASE DIRECTIONAL pd=UNITY_ENABLE_REFLECTION_BUFFERS UNITY_USE_DITHER_MASK_FOR_ALPHABLENDED_SHADOWS UNITY_PBS_USE_BRDF1 UNITY_SPECCUBE_BOX_PROJECTION UNITY_SPECCUBE_BLENDING UNITY_ENABLE_DETAIL_NORMALMAP SHADER_API_DESKTOP UNITY_COLORSPACE_GAMMA UNITY_LIGHT_PROBE_PROXY_VOLUME UNITY_LIGHTMAP_RGBM_ENCODING ok=1
Cmd: compileSnippet
  api=4 type=0 insize=4861 outsize=1470 kw=UNITY_PASS_FORWARDBASE DIRECTIONAL SHADOWS_SCREEN LIGHTMAP_ON LIGHTMAP_SHADOW_MIXING pd=UNITY_ENABLE_REFLECTION_BUFFERS UNITY_NO_SCREENSPACE_SHADOWS UNITY_PBS_USE_BRDF3 UNITY_SPECCUBE_BOX_PROJECTION SHADER_API_DESKTOP UNITY_COLORSPACE_GAMMA UNITY_LIGHTMAP_RGBM_ENCODING ok=1
Cmd: compileSnippet
  api=4 type=1 insize=4861 outsize=614 kw=UNITY_PASS_FORWARDBASE DIRECTIONAL SHADOWS_SCREEN LIGHTMAP_ON LIGHTMAP_SHADOW_MIXING pd=UNITY_ENABLE_REFLECTION_BUFFERS UNITY_NO_SCREENSPACE_SHADOWS UNITY_PBS_USE_BRDF3 UNITY_SPECCUBE_BOX_PROJECTION SHADER_API_DESKTOP UNITY_COLORSPACE_GAMMA UNITY_LIGHTMAP_RGBM_ENCODING ok=1
Cmd: compileSnippet
  error: 1 plat 4 at (68): Output value 'vert' is not completely initialized\nCompiling Vertex program with UNITY_PASS_FORWARDBASE DIRECTIONAL
Platform defines: UNITY_ENABLE_REFLECTION_BUFFERS UNITY_NO_SCREENSPACE_SHADOWS UNITY_PBS_USE_BRDF3 UNITY_SPECCUBE_BOX_PROJECTION SHADER_API_DESKTOP UNITY_COLORSPACE_GAMMA UNITY_LIGHTMAP_RGBM_ENCODING
  api=4 type=0 insize=4861 outsize=1250 kw=UNITY_PASS_FORWARDBASE DIRECTIONAL pd=UNITY_ENABLE_REFLECTION_BUFFERS UNITY_NO_SCREENSPACE_SHADOWS UNITY_PBS_USE_BRDF3 UNITY_SPECCUBE_BOX_PROJECTION SHADER_API_DESKTOP UNITY_COLORSPACE_GAMMA UNITY_LIGHTMAP_RGBM_ENCODING ok=1
Cmd: compileSnippet
  api=4 type=1 insize=4861 outsize=614 kw=UNITY_PASS_FORWARDBASE DIRECTIONAL pd=UNITY_ENABLE_REFLECTION_BUFFERS UNITY_NO_SCREENSPACE_SHADOWS UNITY_PBS_USE_BRDF3 UNITY_SPECCUBE_BOX_PROJECTION SHADER_API_DESKTOP UNITY_COLORSPACE_GAMMA UNITY_LIGHTMAP_RGBM_ENCODING ok=1
Cmd: compileSnippet
  error: 1 plat 4 at (68): Output value 'vert' is not completely initialized\nCompiling Vertex program with UNITY_PASS_FORWARDBASE DIRECTIONAL LIGHTPROBE_SH
Platform defines: UNITY_ENABLE_REFLECTION_BUFFERS UNITY_NO_SCREENSPACE_SHADOWS UNITY_PBS_USE_BRDF3 UNITY_SPECCUBE_BOX_PROJECTION SHADER_API_DESKTOP UNITY_COLORSPACE_GAMMA UNITY_LIGHTMAP_RGBM_ENCODING
  api=4 type=0 insize=4861 outsize=1250 kw=UNITY_PASS_FORWARDBASE DIRECTIONAL LIGHTPROBE_SH pd=UNITY_ENABLE_REFLECTION_BUFFERS UNITY_NO_SCREENSPACE_SHADOWS UNITY_PBS_USE_BRDF3 UNITY_SPECCUBE_BOX_PROJECTION SHADER_API_DESKTOP UNITY_COLORSPACE_GAMMA UNITY_LIGHTMAP_RGBM_ENCODING ok=1
Cmd: compileSnippet
  api=4 type=1 insize=4861 outsize=614 kw=UNITY_PASS_FORWARDBASE DIRECTIONAL LIGHTPROBE_SH pd=UNITY_ENABLE_REFLECTION_BUFFERS UNITY_NO_SCREENSPACE_SHADOWS UNITY_PBS_USE_BRDF3 UNITY_SPECCUBE_BOX_PROJECTION SHADER_API_DESKTOP UNITY_COLORSPACE_GAMMA UNITY_LIGHTMAP_RGBM_ENCODING ok=1
Cmd: preprocess
  insize=10555 outsize=6167 ok=1
Cmd: compileSnippet
  error: 1 plat 4 at (68): Output value 'vert' is not completely initialized\nCompiling Vertex program with UNITY_PASS_FORWARDBASE DIRECTIONAL
Platform defines: UNITY_ENABLE_REFLECTION_BUFFERS UNITY_USE_DITHER_MASK_FOR_ALPHABLENDED_SHADOWS UNITY_PBS_USE_BRDF1 UNITY_SPECCUBE_BOX_PROJECTION UNITY_SPECCUBE_BLENDING UNITY_ENABLE_DETAIL_NORMALMAP SHADER_API_DESKTOP UNITY_COLORSPACE_GAMMA UNITY_LIGHT_PROBE_PROXY_VOLUME UNITY_LIGHTMAP_RGBM_ENCODING
  api=4 type=0 insize=4861 outsize=1250 kw=UNITY_PASS_FORWARDBASE DIRECTIONAL pd=UNITY_ENABLE_REFLECTION_BUFFERS UNITY_USE_DITHER_MASK_FOR_ALPHABLENDED_SHADOWS UNITY_PBS_USE_BRDF1 UNITY_SPECCUBE_BOX_PROJECTION UNITY_SPECCUBE_BLENDING UNITY_ENABLE_DETAIL_NORMALMAP SHADER_API_DESKTOP UNITY_COLORSPACE_GAMMA UNITY_LIGHT_PROBE_PROXY_VOLUME UNITY_LIGHTMAP_RGBM_ENCODING ok=1
Cmd: compileSnippet
  api=4 type=1 insize=4861 outsize=634 kw=UNITY_PASS_FORWARDBASE DIRECTIONAL pd=UNITY_ENABLE_REFLECTION_BUFFERS UNITY_USE_DITHER_MASK_FOR_ALPHABLENDED_SHADOWS UNITY_PBS_USE_BRDF1 UNITY_SPECCUBE_BOX_PROJECTION UNITY_SPECCUBE_BLENDING UNITY_ENABLE_DETAIL_NORMALMAP SHADER_API_DESKTOP UNITY_COLORSPACE_GAMMA UNITY_LIGHT_PROBE_PROXY_VOLUME UNITY_LIGHTMAP_RGBM_ENCODING ok=1
Cmd: compileSnippet
  api=4 type=0 insize=4861 outsize=1470 kw=UNITY_PASS_FORWARDBASE DIRECTIONAL SHADOWS_SCREEN LIGHTMAP_ON LIGHTMAP_SHADOW_MIXING pd=UNITY_ENABLE_REFLECTION_BUFFERS UNITY_NO_SCREENSPACE_SHADOWS UNITY_PBS_USE_BRDF3 UNITY_SPECCUBE_BOX_PROJECTION SHADER_API_DESKTOP UNITY_COLORSPACE_GAMMA UNITY_LIGHTMAP_RGBM_ENCODING ok=1
Cmd: compileSnippet
  api=4 type=1 insize=4861 outsize=634 kw=UNITY_PASS_FORWARDBASE DIRECTIONAL SHADOWS_SCREEN LIGHTMAP_ON LIGHTMAP_SHADOW_MIXING pd=UNITY_ENABLE_REFLECTION_BUFFERS UNITY_NO_SCREENSPACE_SHADOWS UNITY_PBS_USE_BRDF3 UNITY_SPECCUBE_BOX_PROJECTION SHADER_API_DESKTOP UNITY_COLORSPACE_GAMMA UNITY_LIGHTMAP_RGBM_ENCODING ok=1
Cmd: compileSnippet
  error: 1 plat 4 at (68): Output value 'vert' is not completely initialized\nCompiling Vertex program with UNITY_PASS_FORWARDBASE DIRECTIONAL
Platform defines: UNITY_ENABLE_REFLECTION_BUFFERS UNITY_NO_SCREENSPACE_SHADOWS UNITY_PBS_USE_BRDF3 UNITY_SPECCUBE_BOX_PROJECTION SHADER_API_DESKTOP UNITY_COLORSPACE_GAMMA UNITY_LIGHTMAP_RGBM_ENCODING
  api=4 type=0 insize=4861 outsize=1250 kw=UNITY_PASS_FORWARDBASE DIRECTIONAL pd=UNITY_ENABLE_REFLECTION_BUFFERS UNITY_NO_SCREENSPACE_SHADOWS UNITY_PBS_USE_BRDF3 UNITY_SPECCUBE_BOX_PROJECTION SHADER_API_DESKTOP UNITY_COLORSPACE_GAMMA UNITY_LIGHTMAP_RGBM_ENCODING ok=1
Cmd: compileSnippet
  api=4 type=1 insize=4861 outsize=634 kw=UNITY_PASS_FORWARDBASE DIRECTIONAL pd=UNITY_ENABLE_REFLECTION_BUFFERS UNITY_NO_SCREENSPACE_SHADOWS UNITY_PBS_USE_BRDF3 UNITY_SPECCUBE_BOX_PROJECTION SHADER_API_DESKTOP UNITY_COLORSPACE_GAMMA UNITY_LIGHTMAP_RGBM_ENCODING ok=1
Cmd: compileSnippet
  error: 1 plat 4 at (68): Output value 'vert' is not completely initialized\nCompiling Vertex program with UNITY_PASS_FORWARDBASE DIRECTIONAL LIGHTPROBE_SH
Platform defines: UNITY_ENABLE_REFLECTION_BUFFERS UNITY_NO_SCREENSPACE_SHADOWS UNITY_PBS_USE_BRDF3 UNITY_SPECCUBE_BOX_PROJECTION SHADER_API_DESKTOP UNITY_COLORSPACE_GAMMA UNITY_LIGHTMAP_RGBM_ENCODING
  api=4 type=0 insize=4861 outsize=1250 kw=UNITY_PASS_FORWARDBASE DIRECTIONAL LIGHTPROBE_SH pd=UNITY_ENABLE_REFLECTION_BUFFERS UNITY_NO_SCREENSPACE_SHADOWS UNITY_PBS_USE_BRDF3 UNITY_SPECCUBE_BOX_PROJECTION SHADER_API_DESKTOP UNITY_COLORSPACE_GAMMA UNITY_LIGHTMAP_RGBM_ENCODING ok=1
Cmd: compileSnippet
  api=4 type=1 insize=4861 outsize=634 kw=UNITY_PASS_FORWARDBASE DIRECTIONAL LIGHTPROBE_SH pd=UNITY_ENABLE_REFLECTION_BUFFERS UNITY_NO_SCREENSPACE_SHADOWS UNITY_PBS_USE_BRDF3 UNITY_SPECCUBE_BOX_PROJECTION SHADER_API_DESKTOP UNITY_COLORSPACE_GAMMA UNITY_LIGHTMAP_RGBM_ENCODING ok=1
Cmd: preprocess
  insize=10550 outsize=6168 ok=1
Cmd: compileSnippet
  api=4 type=0 insize=4856 outsize=1470 kw=UNITY_PASS_FORWARDBASE DIRECTIONAL SHADOWS_SCREEN LIGHTMAP_ON LIGHTMAP_SHADOW_MIXING pd=UNITY_ENABLE_REFLECTION_BUFFERS UNITY_NO_SCREENSPACE_SHADOWS UNITY_PBS_USE_BRDF3 UNITY_SPECCUBE_BOX_PROJECTION SHADER_API_DESKTOP UNITY_COLORSPACE_GAMMA UNITY_LIGHTMAP_RGBM_ENCODING ok=1
Cmd: compileSnippet
  api=4 type=1 insize=4856 outsize=1630 kw=UNITY_PASS_FORWARDBASE DIRECTIONAL SHADOWS_SCREEN LIGHTMAP_ON LIGHTMAP_SHADOW_MIXING pd=UNITY_ENABLE_REFLECTION_BUFFERS UNITY_NO_SCREENSPACE_SHADOWS UNITY_PBS_USE_BRDF3 UNITY_SPECCUBE_BOX_PROJECTION SHADER_API_DESKTOP UNITY_COLORSPACE_GAMMA UNITY_LIGHTMAP_RGBM_ENCODING ok=1
Cmd: preprocess
  insize=10245 outsize=6511 ok=1
Cmd: preprocess
  insize=10236 outsize=6502 ok=1
Cmd: preprocess
  insize=10245 outsize=6511 ok=1
Cmd: preprocess
  insize=10247 outsize=6513 ok=1
Cmd: preprocess
  insize=10228 outsize=2107 ok=1
Cmd: preprocess
  insize=10550 outsize=6168 ok=1
Cmd: compileSnippet
  error: 1 plat 4 at (68): Output value 'vert' is not completely initialized\nCompiling Vertex program with UNITY_PASS_FORWARDBASE DIRECTIONAL LIGHTMAP_ON
Platform defines: UNITY_ENABLE_REFLECTION_BUFFERS UNITY_NO_SCREENSPACE_SHADOWS UNITY_PBS_USE_BRDF3 UNITY_SPECCUBE_BOX_PROJECTION SHADER_API_DESKTOP UNITY_COLORSPACE_GAMMA UNITY_LIGHTMAP_RGBM_ENCODING
  api=4 type=0 insize=4856 outsize=1250 kw=UNITY_PASS_FORWARDBASE DIRECTIONAL LIGHTMAP_ON pd=UNITY_ENABLE_REFLECTION_BUFFERS UNITY_NO_SCREENSPACE_SHADOWS UNITY_PBS_USE_BRDF3 UNITY_SPECCUBE_BOX_PROJECTION SHADER_API_DESKTOP UNITY_COLORSPACE_GAMMA UNITY_LIGHTMAP_RGBM_ENCODING ok=1
Cmd: compileSnippet
  api=4 type=1 insize=4856 outsize=2190 kw=UNITY_PASS_FORWARDBASE DIRECTIONAL LIGHTMAP_ON pd=UNITY_ENABLE_REFLECTION_BUFFERS UNITY_NO_SCREENSPACE_SHADOWS UNITY_PBS_USE_BRDF3 UNITY_SPECCUBE_BOX_PROJECTION SHADER_API_DESKTOP UNITY_COLORSPACE_GAMMA UNITY_LIGHTMAP_RGBM_ENCODING ok=1
Cmd: preprocess
  insize=10550 outsize=6168 ok=1
Cmd: preprocess
  insize=10550 outsize=6168 ok=1
Cmd: compileSnippet
  error: 1 plat 4 at (68): Output value 'vert' is not completely initialized\nCompiling Vertex program with UNITY_PASS_FORWARDBASE DIRECTIONAL
Platform defines: UNITY_ENABLE_REFLECTION_BUFFERS UNITY_USE_DITHER_MASK_FOR_ALPHABLENDED_SHADOWS UNITY_PBS_USE_BRDF1 UNITY_SPECCUBE_BOX_PROJECTION UNITY_SPECCUBE_BLENDING UNITY_ENABLE_DETAIL_NORMALMAP SHADER_API_DESKTOP UNITY_COLORSPACE_GAMMA UNITY_LIGHT_PROBE_PROXY_VOLUME UNITY_LIGHTMAP_RGBM_ENCODING
  api=4 type=0 insize=4856 outsize=1250 kw=UNITY_PASS_FORWARDBASE DIRECTIONAL pd=UNITY_ENABLE_REFLECTION_BUFFERS UNITY_USE_DITHER_MASK_FOR_ALPHABLENDED_SHADOWS UNITY_PBS_USE_BRDF1 UNITY_SPECCUBE_BOX_PROJECTION UNITY_SPECCUBE_BLENDING UNITY_ENABLE_DETAIL_NORMALMAP SHADER_API_DESKTOP UNITY_COLORSPACE_GAMMA UNITY_LIGHT_PROBE_PROXY_VOLUME UNITY_LIGHTMAP_RGBM_ENCODING ok=1
Cmd: compileSnippet
  api=4 type=1 insize=4856 outsize=1610 kw=UNITY_PASS_FORWARDBASE DIRECTIONAL pd=UNITY_ENABLE_REFLECTION_BUFFERS UNITY_USE_DITHER_MASK_FOR_ALPHABLENDED_SHADOWS UNITY_PBS_USE_BRDF1 UNITY_SPECCUBE_BOX_PROJECTION UNITY_SPECCUBE_BLENDING UNITY_ENABLE_DETAIL_NORMALMAP SHADER_API_DESKTOP UNITY_COLORSPACE_GAMMA UNITY_LIGHT_PROBE_PROXY_VOLUME UNITY_LIGHTMAP_RGBM_ENCODING ok=1
Cmd: compileSnippet
  error: 1 plat 4 at (68): Output value 'vert' is not completely initialized\nCompiling Vertex program with UNITY_PASS_FORWARDBASE DIRECTIONAL LIGHTMAP_ON
Platform defines: UNITY_ENABLE_REFLECTION_BUFFERS UNITY_NO_SCREENSPACE_SHADOWS UNITY_PBS_USE_BRDF3 UNITY_SPECCUBE_BOX_PROJECTION SHADER_API_DESKTOP UNITY_COLORSPACE_GAMMA UNITY_LIGHTMAP_RGBM_ENCODING
  api=4 type=0 insize=4856 outsize=1250 kw=UNITY_PASS_FORWARDBASE DIRECTIONAL LIGHTMAP_ON pd=UNITY_ENABLE_REFLECTION_BUFFERS UNITY_NO_SCREENSPACE_SHADOWS UNITY_PBS_USE_BRDF3 UNITY_SPECCUBE_BOX_PROJECTION SHADER_API_DESKTOP UNITY_COLORSPACE_GAMMA UNITY_LIGHTMAP_RGBM_ENCODING ok=1
Cmd: compileSnippet
  api=4 type=1 insize=4856 outsize=1610 kw=UNITY_PASS_FORWARDBASE DIRECTIONAL LIGHTMAP_ON pd=UNITY_ENABLE_REFLECTION_BUFFERS UNITY_NO_SCREENSPACE_SHADOWS UNITY_PBS_USE_BRDF3 UNITY_SPECCUBE_BOX_PROJECTION SHADER_API_DESKTOP UNITY_COLORSPACE_GAMMA UNITY_LIGHTMAP_RGBM_ENCODING ok=1
Cmd: compileSnippet
  error: 1 plat 4 at (68): Output value 'vert' is not completely initialized\nCompiling Vertex program with UNITY_PASS_FORWARDBASE DIRECTIONAL
Platform defines: UNITY_ENABLE_REFLECTION_BUFFERS UNITY_NO_SCREENSPACE_SHADOWS UNITY_PBS_USE_BRDF3 UNITY_SPECCUBE_BOX_PROJECTION SHADER_API_DESKTOP UNITY_COLORSPACE_GAMMA UNITY_LIGHTMAP_RGBM_ENCODING
  api=4 type=0 insize=4856 outsize=1250 kw=UNITY_PASS_FORWARDBASE DIRECTIONAL pd=UNITY_ENABLE_REFLECTION_BUFFERS UNITY_NO_SCREENSPACE_SHADOWS UNITY_PBS_USE_BRDF3 UNITY_SPECCUBE_BOX_PROJECTION SHADER_API_DESKTOP UNITY_COLORSPACE_GAMMA UNITY_LIGHTMAP_RGBM_ENCODING ok=1
Cmd: compileSnippet
  api=4 type=1 insize=4856 outsize=1610 kw=UNITY_PASS_FORWARDBASE DIRECTIONAL pd=UNITY_ENABLE_REFLECTION_BUFFERS UNITY_NO_SCREENSPACE_SHADOWS UNITY_PBS_USE_BRDF3 UNITY_SPECCUBE_BOX_PROJECTION SHADER_API_DESKTOP UNITY_COLORSPACE_GAMMA UNITY_LIGHTMAP_RGBM_ENCODING ok=1
Cmd: compileSnippet
  api=4 type=0 insize=4856 outsize=1470 kw=UNITY_PASS_FORWARDBASE DIRECTIONAL SHADOWS_SCREEN LIGHTMAP_ON LIGHTMAP_SHADOW_MIXING pd=UNITY_ENABLE_REFLECTION_BUFFERS UNITY_NO_SCREENSPACE_SHADOWS UNITY_PBS_USE_BRDF3 UNITY_SPECCUBE_BOX_PROJECTION SHADER_API_DESKTOP UNITY_COLORSPACE_GAMMA UNITY_LIGHTMAP_RGBM_ENCODING ok=1
Cmd: compileSnippet
  api=4 type=1 insize=4856 outsize=1610 kw=UNITY_PASS_FORWARDBASE DIRECTIONAL SHADOWS_SCREEN LIGHTMAP_ON LIGHTMAP_SHADOW_MIXING pd=UNITY_ENABLE_REFLECTION_BUFFERS UNITY_NO_SCREENSPACE_SHADOWS UNITY_PBS_USE_BRDF3 UNITY_SPECCUBE_BOX_PROJECTION SHADER_API_DESKTOP UNITY_COLORSPACE_GAMMA UNITY_LIGHTMAP_RGBM_ENCODING ok=1
Cmd: preprocess
  insize=10543 outsize=6168 ok=1
Cmd: compileSnippet
  error: 1 plat 4 at (68): Output value 'vert' is not completely initialized\nCompiling Vertex program with UNITY_PASS_FORWARDBASE DIRECTIONAL
Platform defines: UNITY_ENABLE_REFLECTION_BUFFERS UNITY_USE_DITHER_MASK_FOR_ALPHABLENDED_SHADOWS UNITY_PBS_USE_BRDF1 UNITY_SPECCUBE_BOX_PROJECTION UNITY_SPECCUBE_BLENDING UNITY_ENABLE_DETAIL_NORMALMAP SHADER_API_DESKTOP UNITY_COLORSPACE_GAMMA UNITY_LIGHT_PROBE_PROXY_VOLUME UNITY_LIGHTMAP_RGBM_ENCODING
  api=4 type=0 insize=4849 outsize=1250 kw=UNITY_PASS_FORWARDBASE DIRECTIONAL pd=UNITY_ENABLE_REFLECTION_BUFFERS UNITY_USE_DITHER_MASK_FOR_ALPHABLENDED_SHADOWS UNITY_PBS_USE_BRDF1 UNITY_SPECCUBE_BOX_PROJECTION UNITY_SPECCUBE_BLENDING UNITY_ENABLE_DETAIL_NORMALMAP SHADER_API_DESKTOP UNITY_COLORSPACE_GAMMA UNITY_LIGHT_PROBE_PROXY_VOLUME UNITY_LIGHTMAP_RGBM_ENCODING ok=1
Cmd: compileSnippet
  api=4 type=1 insize=4849 outsize=3206 kw=UNITY_PASS_FORWARDBASE DIRECTIONAL pd=UNITY_ENABLE_REFLECTION_BUFFERS UNITY_USE_DITHER_MASK_FOR_ALPHABLENDED_SHADOWS UNITY_PBS_USE_BRDF1 UNITY_SPECCUBE_BOX_PROJECTION UNITY_SPECCUBE_BLENDING UNITY_ENABLE_DETAIL_NORMALMAP SHADER_API_DESKTOP UNITY_COLORSPACE_GAMMA UNITY_LIGHT_PROBE_PROXY_VOLUME UNITY_LIGHTMAP_RGBM_ENCODING ok=1
Cmd: compileSnippet
  api=4 type=0 insize=4849 outsize=1470 kw=UNITY_PASS_FORWARDBASE DIRECTIONAL SHADOWS_SCREEN LIGHTMAP_ON LIGHTMAP_SHADOW_MIXING pd=UNITY_ENABLE_REFLECTION_BUFFERS UNITY_NO_SCREENSPACE_SHADOWS UNITY_PBS_USE_BRDF3 UNITY_SPECCUBE_BOX_PROJECTION SHADER_API_DESKTOP UNITY_COLORSPACE_GAMMA UNITY_LIGHTMAP_RGBM_ENCODING ok=1
Cmd: compileSnippet
  api=4 type=1 insize=4849 outsize=2790 kw=UNITY_PASS_FORWARDBASE DIRECTIONAL SHADOWS_SCREEN LIGHTMAP_ON LIGHTMAP_SHADOW_MIXING pd=UNITY_ENABLE_REFLECTION_BUFFERS UNITY_NO_SCREENSPACE_SHADOWS UNITY_PBS_USE_BRDF3 UNITY_SPECCUBE_BOX_PROJECTION SHADER_API_DESKTOP UNITY_COLORSPACE_GAMMA UNITY_LIGHTMAP_RGBM_ENCODING ok=1
Cmd: compileSnippet
  error: 1 plat 4 at (68): Output value 'vert' is not completely initialized\nCompiling Vertex program with UNITY_PASS_FORWARDBASE DIRECTIONAL
Platform defines: UNITY_ENABLE_REFLECTION_BUFFERS UNITY_NO_SCREENSPACE_SHADOWS UNITY_PBS_USE_BRDF3 UNITY_SPECCUBE_BOX_PROJECTION SHADER_API_DESKTOP UNITY_COLORSPACE_GAMMA UNITY_LIGHTMAP_RGBM_ENCODING
  api=4 type=0 insize=4849 outsize=1250 kw=UNITY_PASS_FORWARDBASE DIRECTIONAL pd=UNITY_ENABLE_REFLECTION_BUFFERS UNITY_NO_SCREENSPACE_SHADOWS UNITY_PBS_USE_BRDF3 UNITY_SPECCUBE_BOX_PROJECTION SHADER_API_DESKTOP UNITY_COLORSPACE_GAMMA UNITY_LIGHTMAP_RGBM_ENCODING ok=1
Cmd: compileSnippet
  api=4 type=1 insize=4849 outsize=2558 kw=UNITY_PASS_FORWARDBASE DIRECTIONAL pd=UNITY_ENABLE_REFLECTION_BUFFERS UNITY_NO_SCREENSPACE_SHADOWS UNITY_PBS_USE_BRDF3 UNITY_SPECCUBE_BOX_PROJECTION SHADER_API_DESKTOP UNITY_COLORSPACE_GAMMA UNITY_LIGHTMAP_RGBM_ENCODING ok=1
Cmd: preprocess
  insize=10636 outsize=1811 ok=1
Cmd: compileSnippet
  error: 1 plat 4 at (70): Output value 'vert' is not completely initialized\nCompiling Vertex program with DIRECTIONAL
Platform defines: UNITY_ENABLE_REFLECTION_BUFFERS UNITY_USE_DITHER_MASK_FOR_ALPHABLENDED_SHADOWS UNITY_PBS_USE_BRDF1 UNITY_SPECCUBE_BOX_PROJECTION UNITY_SPECCUBE_BLENDING UNITY_ENABLE_DETAIL_NORMALMAP SHADER_API_DESKTOP UNITY_COLORSPACE_GAMMA UNITY_LIGHT_PROBE_PROXY_VOLUME UNITY_LIGHTMAP_RGBM_ENCODING
  api=4 type=0 insize=4849 outsize=1250 kw=DIRECTIONAL pd=UNITY_ENABLE_REFLECTION_BUFFERS UNITY_USE_DITHER_MASK_FOR_ALPHABLENDED_SHADOWS UNITY_PBS_USE_BRDF1 UNITY_SPECCUBE_BOX_PROJECTION UNITY_SPECCUBE_BLENDING UNITY_ENABLE_DETAIL_NORMALMAP SHADER_API_DESKTOP UNITY_COLORSPACE_GAMMA UNITY_LIGHT_PROBE_PROXY_VOLUME UNITY_LIGHTMAP_RGBM_ENCODING ok=1
Cmd: compileSnippet
  api=4 type=1 insize=4849 outsize=3206 kw=DIRECTIONAL pd=UNITY_ENABLE_REFLECTION_BUFFERS UNITY_USE_DITHER_MASK_FOR_ALPHABLENDED_SHADOWS UNITY_PBS_USE_BRDF1 UNITY_SPECCUBE_BOX_PROJECTION UNITY_SPECCUBE_BLENDING UNITY_ENABLE_DETAIL_NORMALMAP SHADER_API_DESKTOP UNITY_COLORSPACE_GAMMA UNITY_LIGHT_PROBE_PROXY_VOLUME UNITY_LIGHTMAP_RGBM_ENCODING ok=1
Cmd: preprocess
  insize=10636 outsize=1811 ok=1
Cmd: preprocess
  insize=10640 outsize=1811 ok=1
Cmd: preprocess
  insize=10639 outsize=1811 ok=1
Cmd: preprocess
  insize=10579 outsize=1811 ok=1
Cmd: preprocess
  insize=10575 outsize=1810 ok=1
Cmd: preprocess
  insize=10579 outsize=1811 ok=1
Cmd: preprocess
  insize=10583 outsize=1810 ok=1
Cmd: preprocess
  insize=10586 outsize=1811 ok=1
Cmd: initializeCompiler
Cmd: initializeCompiler
Cmd: compileSnippet
  api=4 type=0 insize=17531 outsize=2142 kw=UNITY_PASS_FORWARDBASE DIRECTIONAL LIGHTPROBE_SH FOG_LINEAR pd=UNITY_ENABLE_REFLECTION_BUFFERS UNITY_NO_SCREENSPACE_SHADOWS UNITY_PBS_USE_BRDF3 UNITY_SPECCUBE_BOX_PROJECTION SHADER_API_DESKTOP UNITY_COLORSPACE_GAMMA UNITY_LIGHTMAP_RGBM_ENCODING ok=1
Cmd: compileSnippet
  api=4 type=1 insize=17531 outsize=814 kw=UNITY_PASS_FORWARDBASE DIRECTIONAL LIGHTPROBE_SH FOG_LINEAR pd=UNITY_ENABLE_REFLECTION_BUFFERS UNITY_NO_SCREENSPACE_SHADOWS UNITY_PBS_USE_BRDF3 UNITY_SPECCUBE_BOX_PROJECTION SHADER_API_DESKTOP UNITY_COLORSPACE_GAMMA UNITY_LIGHTMAP_RGBM_ENCODING ok=1
Cmd: initializeCompiler
Cmd: initializeCompiler
Cmd: initializeCompiler
Cmd: compileSnippet
  api=4 type=0 insize=4349 outsize=1446 kw=UNITY_PASS_FORWARDADD SPOT pd=UNITY_ENABLE_REFLECTION_BUFFERS UNITY_NO_SCREENSPACE_SHADOWS UNITY_PBS_USE_BRDF3 UNITY_SPECCUBE_BOX_PROJECTION SHADER_API_DESKTOP UNITY_COLORSPACE_GAMMA UNITY_LIGHTMAP_RGBM_ENCODING ok=1
Cmd: compileSnippet
  api=4 type=1 insize=4349 outsize=1246 kw=UNITY_PASS_FORWARDADD SPOT pd=UNITY_ENABLE_REFLECTION_BUFFERS UNITY_NO_SCREENSPACE_SHADOWS UNITY_PBS_USE_BRDF3 UNITY_SPECCUBE_BOX_PROJECTION SHADER_API_DESKTOP UNITY_COLORSPACE_GAMMA UNITY_LIGHTMAP_RGBM_ENCODING ok=1
Cmd: compileSnippet
  api=4 type=0 insize=17531 outsize=1610 kw=UNITY_PASS_FORWARDBASE DIRECTIONAL SHADOWS_SCREEN LIGHTMAP_ON LIGHTMAP_SHADOW_MIXING FOG_LINEAR pd=UNITY_ENABLE_REFLECTION_BUFFERS UNITY_NO_SCREENSPACE_SHADOWS UNITY_PBS_USE_BRDF3 UNITY_SPECCUBE_BOX_PROJECTION SHADER_API_DESKTOP UNITY_COLORSPACE_GAMMA UNITY_LIGHTMAP_RGBM_ENCODING ok=1
Cmd: compileSnippet
  api=4 type=1 insize=17531 outsize=1826 kw=UNITY_PASS_FORWARDBASE DIRECTIONAL SHADOWS_SCREEN LIGHTMAP_ON LIGHTMAP_SHADOW_MIXING FOG_LINEAR pd=UNITY_ENABLE_REFLECTION_BUFFERS UNITY_NO_SCREENSPACE_SHADOWS UNITY_PBS_USE_BRDF3 UNITY_SPECCUBE_BOX_PROJECTION SHADER_API_DESKTOP UNITY_COLORSPACE_GAMMA UNITY_LIGHTMAP_RGBM_ENCODING ok=1
Cmd: preprocess
  insize=10582 outsize=1810 ok=1
Cmd: preprocess
  insize=10587 outsize=1811 ok=1
Cmd: preprocess
  insize=10576 outsize=1811 ok=1
Cmd: preprocess
  insize=10578 outsize=1813 ok=1
Cmd: preprocess
  insize=10588 outsize=1814 ok=1
Cmd: preprocess
  insize=10588 outsize=1814 ok=1
Cmd: compileSnippet
  error: 1 plat 4 at (70): Output value 'vert' is not completely initialized\nCompiling Vertex program with DIRECTIONAL
Platform defines: UNITY_ENABLE_REFLECTION_BUFFERS UNITY_USE_DITHER_MASK_FOR_ALPHABLENDED_SHADOWS UNITY_PBS_USE_BRDF1 UNITY_SPECCUBE_BOX_PROJECTION UNITY_SPECCUBE_BLENDING UNITY_ENABLE_DETAIL_NORMALMAP SHADER_API_DESKTOP UNITY_COLORSPACE_GAMMA UNITY_LIGHT_PROBE_PROXY_VOLUME UNITY_LIGHTMAP_RGBM_ENCODING
  api=4 type=0 insize=4849 outsize=1250 kw=DIRECTIONAL pd=UNITY_ENABLE_REFLECTION_BUFFERS UNITY_USE_DITHER_MASK_FOR_ALPHABLENDED_SHADOWS UNITY_PBS_USE_BRDF1 UNITY_SPECCUBE_BOX_PROJECTION UNITY_SPECCUBE_BLENDING UNITY_ENABLE_DETAIL_NORMALMAP SHADER_API_DESKTOP UNITY_COLORSPACE_GAMMA UNITY_LIGHT_PROBE_PROXY_VOLUME UNITY_LIGHTMAP_RGBM_ENCODING ok=1
Cmd: compileSnippet
  api=4 type=1 insize=4849 outsize=3174 kw=DIRECTIONAL pd=UNITY_ENABLE_REFLECTION_BUFFERS UNITY_USE_DITHER_MASK_FOR_ALPHABLENDED_SHADOWS UNITY_PBS_USE_BRDF1 UNITY_SPECCUBE_BOX_PROJECTION UNITY_SPECCUBE_BLENDING UNITY_ENABLE_DETAIL_NORMALMAP SHADER_API_DESKTOP UNITY_COLORSPACE_GAMMA UNITY_LIGHT_PROBE_PROXY_VOLUME UNITY_LIGHTMAP_RGBM_ENCODING ok=1
Cmd: preprocess
  insize=10585 outsize=1814 ok=1
Cmd: preprocess
  insize=5781 outsize=1406 ok=1
Cmd: compileSnippet
  error: 1 plat 4 at (70): Output value 'vert' is not completely initialized\nCompiling Vertex program with UNITY_PASS_FORWARDBASE DIRECTIONAL LIGHTMAP_ON
Platform defines: UNITY_ENABLE_REFLECTION_BUFFERS UNITY_NO_SCREENSPACE_SHADOWS UNITY_PBS_USE_BRDF3 UNITY_SPECCUBE_BOX_PROJECTION SHADER_API_DESKTOP UNITY_COLORSPACE_GAMMA UNITY_LIGHTMAP_RGBM_ENCODING
  api=4 type=0 insize=4849 outsize=1250 kw=UNITY_PASS_FORWARDBASE DIRECTIONAL LIGHTMAP_ON pd=UNITY_ENABLE_REFLECTION_BUFFERS UNITY_NO_SCREENSPACE_SHADOWS UNITY_PBS_USE_BRDF3 UNITY_SPECCUBE_BOX_PROJECTION SHADER_API_DESKTOP UNITY_COLORSPACE_GAMMA UNITY_LIGHTMAP_RGBM_ENCODING ok=1
Cmd: compileSnippet
  api=4 type=1 insize=4849 outsize=2526 kw=UNITY_PASS_FORWARDBASE DIRECTIONAL LIGHTMAP_ON pd=UNITY_ENABLE_REFLECTION_BUFFERS UNITY_NO_SCREENSPACE_SHADOWS UNITY_PBS_USE_BRDF3 UNITY_SPECCUBE_BOX_PROJECTION SHADER_API_DESKTOP UNITY_COLORSPACE_GAMMA UNITY_LIGHTMAP_RGBM_ENCODING ok=1
Cmd: compileSnippet
  api=4 type=0 insize=4849 outsize=1470 kw=UNITY_PASS_FORWARDBASE DIRECTIONAL SHADOWS_SCREEN LIGHTMAP_ON LIGHTMAP_SHADOW_MIXING pd=UNITY_ENABLE_REFLECTION_BUFFERS UNITY_NO_SCREENSPACE_SHADOWS UNITY_PBS_USE_BRDF3 UNITY_SPECCUBE_BOX_PROJECTION SHADER_API_DESKTOP UNITY_COLORSPACE_GAMMA UNITY_LIGHTMAP_RGBM_ENCODING ok=1
Cmd: compileSnippet
  api=4 type=1 insize=4849 outsize=2758 kw=UNITY_PASS_FORWARDBASE DIRECTIONAL SHADOWS_SCREEN LIGHTMAP_ON LIGHTMAP_SHADOW_MIXING pd=UNITY_ENABLE_REFLECTION_BUFFERS UNITY_NO_SCREENSPACE_SHADOWS UNITY_PBS_USE_BRDF3 UNITY_SPECCUBE_BOX_PROJECTION SHADER_API_DESKTOP UNITY_COLORSPACE_GAMMA UNITY_LIGHTMAP_RGBM_ENCODING ok=1
Cmd: compileSnippet
  error: 1 plat 4 at (70): Output value 'vert' is not completely initialized\nCompiling Vertex program with UNITY_PASS_FORWARDBASE DIRECTIONAL LIGHTMAP_ON LIGHTMAP_SHADOW_MIXING
Platform defines: UNITY_ENABLE_REFLECTION_BUFFERS UNITY_NO_SCREENSPACE_SHADOWS UNITY_PBS_USE_BRDF3 UNITY_SPECCUBE_BOX_PROJECTION SHADER_API_DESKTOP UNITY_COLORSPACE_GAMMA UNITY_LIGHTMAP_RGBM_ENCODING
  api=4 type=0 insize=4849 outsize=1250 kw=UNITY_PASS_FORWARDBASE DIRECTIONAL LIGHTMAP_ON LIGHTMAP_SHADOW_MIXING pd=UNITY_ENABLE_REFLECTION_BUFFERS UNITY_NO_SCREENSPACE_SHADOWS UNITY_PBS_USE_BRDF3 UNITY_SPECCUBE_BOX_PROJECTION SHADER_API_DESKTOP UNITY_COLORSPACE_GAMMA UNITY_LIGHTMAP_RGBM_ENCODING ok=1
Cmd: compileSnippet
  api=4 type=1 insize=4849 outsize=614 kw=UNITY_PASS_FORWARDBASE DIRECTIONAL LIGHTMAP_ON LIGHTMAP_SHADOW_MIXING pd=UNITY_ENABLE_REFLECTION_BUFFERS UNITY_NO_SCREENSPACE_SHADOWS UNITY_PBS_USE_BRDF3 UNITY_SPECCUBE_BOX_PROJECTION SHADER_API_DESKTOP UNITY_COLORSPACE_GAMMA UNITY_LIGHTMAP_RGBM_ENCODING ok=1
Cmd: preprocess
  insize=6347 outsize=1581 ok=1
Cmd: compileSnippet
  api=4 type=0 insize=836 outsize=1050 kw=UNITY_PASS_META pd=UNITY_ENABLE_REFLECTION_BUFFERS UNITY_USE_DITHER_MASK_FOR_ALPHABLENDED_SHADOWS UNITY_PBS_USE_BRDF1 UNITY_SPECCUBE_BOX_PROJECTION UNITY_SPECCUBE_BLENDING UNITY_ENABLE_DETAIL_NORMALMAP SHADER_API_DESKTOP UNITY_COLORSPACE_GAMMA UNITY_LIGHT_PROBE_PROXY_VOLUME UNITY_LIGHTMAP_RGBM_ENCODING ok=1
Cmd: compileSnippet
  api=4 type=1 insize=836 outsize=826 kw=UNITY_PASS_META pd=UNITY_ENABLE_REFLECTION_BUFFERS UNITY_USE_DITHER_MASK_FOR_ALPHABLENDED_SHADOWS UNITY_PBS_USE_BRDF1 UNITY_SPECCUBE_BOX_PROJECTION UNITY_SPECCUBE_BLENDING UNITY_ENABLE_DETAIL_NORMALMAP SHADER_API_DESKTOP UNITY_COLORSPACE_GAMMA UNITY_LIGHT_PROBE_PROXY_VOLUME UNITY_LIGHTMAP_RGBM_ENCODING ok=1
Cmd: compileSnippet
  error: 1 plat 4 at (70): Output value 'vert' is not completely initialized\nCompiling Vertex program with UNITY_PASS_FORWARDBASE DIRECTIONAL
Platform defines: UNITY_ENABLE_REFLECTION_BUFFERS UNITY_NO_SCREENSPACE_SHADOWS UNITY_PBS_USE_BRDF3 UNITY_SPECCUBE_BOX_PROJECTION SHADER_API_DESKTOP UNITY_COLORSPACE_GAMMA UNITY_LIGHTMAP_RGBM_ENCODING
  api=4 type=0 insize=4849 outsize=1250 kw=UNITY_PASS_FORWARDBASE DIRECTIONAL pd=UNITY_ENABLE_REFLECTION_BUFFERS UNITY_NO_SCREENSPACE_SHADOWS UNITY_PBS_USE_BRDF3 UNITY_SPECCUBE_BOX_PROJECTION SHADER_API_DESKTOP UNITY_COLORSPACE_GAMMA UNITY_LIGHTMAP_RGBM_ENCODING ok=1
Cmd: compileSnippet
  api=4 type=1 insize=4849 outsize=2526 kw=UNITY_PASS_FORWARDBASE DIRECTIONAL pd=UNITY_ENABLE_REFLECTION_BUFFERS UNITY_NO_SCREENSPACE_SHADOWS UNITY_PBS_USE_BRDF3 UNITY_SPECCUBE_BOX_PROJECTION SHADER_API_DESKTOP UNITY_COLORSPACE_GAMMA UNITY_LIGHTMAP_RGBM_ENCODING ok=1
Cmd: compileSnippet
  error: 1 plat 4 at (70): Output value 'vert' is not completely initialized\nCompiling Vertex program with UNITY_PASS_FORWARDBASE DIRECTIONAL LIGHTPROBE_SH
Platform defines: UNITY_ENABLE_REFLECTION_BUFFERS UNITY_NO_SCREENSPACE_SHADOWS UNITY_PBS_USE_BRDF3 UNITY_SPECCUBE_BOX_PROJECTION SHADER_API_DESKTOP UNITY_COLORSPACE_GAMMA UNITY_LIGHTMAP_RGBM_ENCODING
  api=4 type=0 insize=4849 outsize=1250 kw=UNITY_PASS_FORWARDBASE DIRECTIONAL LIGHTPROBE_SH pd=UNITY_ENABLE_REFLECTION_BUFFERS UNITY_NO_SCREENSPACE_SHADOWS UNITY_PBS_USE_BRDF3 UNITY_SPECCUBE_BOX_PROJECTION SHADER_API_DESKTOP UNITY_COLORSPACE_GAMMA UNITY_LIGHTMAP_RGBM_ENCODING ok=1
Cmd: compileSnippet
  api=4 type=1 insize=4849 outsize=2526 kw=UNITY_PASS_FORWARDBASE DIRECTIONAL LIGHTPROBE_SH pd=UNITY_ENABLE_REFLECTION_BUFFERS UNITY_NO_SCREENSPACE_SHADOWS UNITY_PBS_USE_BRDF3 UNITY_SPECCUBE_BOX_PROJECTION SHADER_API_DESKTOP UNITY_COLORSPACE_GAMMA UNITY_LIGHTMAP_RGBM_ENCODING ok=1
Cmd: preprocess
  insize=6515 outsize=1582 ok=1
Cmd: compileSnippet
  error: 1 plat 4 at (72): Output value 'vert' is not completely initialized\nCompiling Vertex program with UNITY_PASS_FORWARDBASE DIRECTIONAL
Platform defines: UNITY_ENABLE_REFLECTION_BUFFERS UNITY_USE_DITHER_MASK_FOR_ALPHABLENDED_SHADOWS UNITY_PBS_USE_BRDF1 UNITY_SPECCUBE_BOX_PROJECTION UNITY_SPECCUBE_BLENDING UNITY_ENABLE_DETAIL_NORMALMAP SHADER_API_DESKTOP UNITY_COLORSPACE_GAMMA UNITY_LIGHT_PROBE_PROXY_VOLUME UNITY_LIGHTMAP_RGBM_ENCODING
  api=4 type=0 insize=5017 outsize=1382 kw=UNITY_PASS_FORWARDBASE DIRECTIONAL pd=UNITY_ENABLE_REFLECTION_BUFFERS UNITY_USE_DITHER_MASK_FOR_ALPHABLENDED_SHADOWS UNITY_PBS_USE_BRDF1 UNITY_SPECCUBE_BOX_PROJECTION UNITY_SPECCUBE_BLENDING UNITY_ENABLE_DETAIL_NORMALMAP SHADER_API_DESKTOP UNITY_COLORSPACE_GAMMA UNITY_LIGHT_PROBE_PROXY_VOLUME UNITY_LIGHTMAP_RGBM_ENCODING ok=1
Cmd: compileSnippet
  api=4 type=1 insize=5017 outsize=3198 kw=UNITY_PASS_FORWARDBASE DIRECTIONAL pd=UNITY_ENABLE_REFLECTION_BUFFERS UNITY_USE_DITHER_MASK_FOR_ALPHABLENDED_SHADOWS UNITY_PBS_USE_BRDF1 UNITY_SPECCUBE_BOX_PROJECTION UNITY_SPECCUBE_BLENDING UNITY_ENABLE_DETAIL_NORMALMAP SHADER_API_DESKTOP UNITY_COLORSPACE_GAMMA UNITY_LIGHT_PROBE_PROXY_VOLUME UNITY_LIGHTMAP_RGBM_ENCODING ok=1
Cmd: compileSnippet
  api=4 type=0 insize=836 outsize=1050 kw=UNITY_PASS_META pd=UNITY_ENABLE_REFLECTION_BUFFERS UNITY_USE_DITHER_MASK_FOR_ALPHABLENDED_SHADOWS UNITY_PBS_USE_BRDF1 UNITY_SPECCUBE_BOX_PROJECTION UNITY_SPECCUBE_BLENDING UNITY_ENABLE_DETAIL_NORMALMAP SHADER_API_DESKTOP UNITY_COLORSPACE_GAMMA UNITY_LIGHT_PROBE_PROXY_VOLUME UNITY_LIGHTMAP_RGBM_ENCODING ok=1
Cmd: compileSnippet
  api=4 type=1 insize=836 outsize=826 kw=UNITY_PASS_META pd=UNITY_ENABLE_REFLECTION_BUFFERS UNITY_USE_DITHER_MASK_FOR_ALPHABLENDED_SHADOWS UNITY_PBS_USE_BRDF1 UNITY_SPECCUBE_BOX_PROJECTION UNITY_SPECCUBE_BLENDING UNITY_ENABLE_DETAIL_NORMALMAP SHADER_API_DESKTOP UNITY_COLORSPACE_GAMMA UNITY_LIGHT_PROBE_PROXY_VOLUME UNITY_LIGHTMAP_RGBM_ENCODING ok=1
Cmd: compileSnippet
  api=4 type=0 insize=5017 outsize=1602 kw=UNITY_PASS_FORWARDBASE DIRECTIONAL SHADOWS_SCREEN LIGHTMAP_ON LIGHTMAP_SHADOW_MIXING pd=UNITY_ENABLE_REFLECTION_BUFFERS UNITY_NO_SCREENSPACE_SHADOWS UNITY_PBS_USE_BRDF3 UNITY_SPECCUBE_BOX_PROJECTION SHADER_API_DESKTOP UNITY_COLORSPACE_GAMMA UNITY_LIGHTMAP_RGBM_ENCODING ok=1
Cmd: compileSnippet
  api=4 type=1 insize=5017 outsize=2782 kw=UNITY_PASS_FORWARDBASE DIRECTIONAL SHADOWS_SCREEN LIGHTMAP_ON LIGHTMAP_SHADOW_MIXING pd=UNITY_ENABLE_REFLECTION_BUFFERS UNITY_NO_SCREENSPACE_SHADOWS UNITY_PBS_USE_BRDF3 UNITY_SPECCUBE_BOX_PROJECTION SHADER_API_DESKTOP UNITY_COLORSPACE_GAMMA UNITY_LIGHTMAP_RGBM_ENCODING ok=1
Cmd: compileSnippet
  error: 1 plat 4 at (72): Output value 'vert' is not completely initialized\nCompiling Vertex program with UNITY_PASS_FORWARDBASE DIRECTIONAL
Platform defines: UNITY_ENABLE_REFLECTION_BUFFERS UNITY_NO_SCREENSPACE_SHADOWS UNITY_PBS_USE_BRDF3 UNITY_SPECCUBE_BOX_PROJECTION SHADER_API_DESKTOP UNITY_COLORSPACE_GAMMA UNITY_LIGHTMAP_RGBM_ENCODING
  api=4 type=0 insize=5017 outsize=1382 kw=UNITY_PASS_FORWARDBASE DIRECTIONAL pd=UNITY_ENABLE_REFLECTION_BUFFERS UNITY_NO_SCREENSPACE_SHADOWS UNITY_PBS_USE_BRDF3 UNITY_SPECCUBE_BOX_PROJECTION SHADER_API_DESKTOP UNITY_COLORSPACE_GAMMA UNITY_LIGHTMAP_RGBM_ENCODING ok=1
Cmd: compileSnippet
  api=4 type=1 insize=5017 outsize=2550 kw=UNITY_PASS_FORWARDBASE DIRECTIONAL pd=UNITY_ENABLE_REFLECTION_BUFFERS UNITY_NO_SCREENSPACE_SHADOWS UNITY_PBS_USE_BRDF3 UNITY_SPECCUBE_BOX_PROJECTION SHADER_API_DESKTOP UNITY_COLORSPACE_GAMMA UNITY_LIGHTMAP_RGBM_ENCODING ok=1
Cmd: compileSnippet
  error: 1 plat 4 at (72): Output value 'vert' is not completely initialized\nCompiling Vertex program with UNITY_PASS_FORWARDBASE DIRECTIONAL LIGHTPROBE_SH
Platform defines: UNITY_ENABLE_REFLECTION_BUFFERS UNITY_NO_SCREENSPACE_SHADOWS UNITY_PBS_USE_BRDF3 UNITY_SPECCUBE_BOX_PROJECTION SHADER_API_DESKTOP UNITY_COLORSPACE_GAMMA UNITY_LIGHTMAP_RGBM_ENCODING
  api=4 type=0 insize=5017 outsize=1382 kw=UNITY_PASS_FORWARDBASE DIRECTIONAL LIGHTPROBE_SH pd=UNITY_ENABLE_REFLECTION_BUFFERS UNITY_NO_SCREENSPACE_SHADOWS UNITY_PBS_USE_BRDF3 UNITY_SPECCUBE_BOX_PROJECTION SHADER_API_DESKTOP UNITY_COLORSPACE_GAMMA UNITY_LIGHTMAP_RGBM_ENCODING ok=1
Cmd: compileSnippet
  api=4 type=1 insize=5017 outsize=2550 kw=UNITY_PASS_FORWARDBASE DIRECTIONAL LIGHTPROBE_SH pd=UNITY_ENABLE_REFLECTION_BUFFERS UNITY_NO_SCREENSPACE_SHADOWS UNITY_PBS_USE_BRDF3 UNITY_SPECCUBE_BOX_PROJECTION SHADER_API_DESKTOP UNITY_COLORSPACE_GAMMA UNITY_LIGHTMAP_RGBM_ENCODING ok=1
Cmd: preprocess
  insize=6610 outsize=1581 ok=1
Cmd: compileSnippet
  error: 1 plat 4 at (72): Output value 'vert' is not completely initialized\nCompiling Vertex program with UNITY_PASS_FORWARDBASE DIRECTIONAL
Platform defines: UNITY_ENABLE_REFLECTION_BUFFERS UNITY_USE_DITHER_MASK_FOR_ALPHABLENDED_SHADOWS UNITY_PBS_USE_BRDF1 UNITY_SPECCUBE_BOX_PROJECTION UNITY_SPECCUBE_BLENDING UNITY_ENABLE_DETAIL_NORMALMAP SHADER_API_DESKTOP UNITY_COLORSPACE_GAMMA UNITY_LIGHT_PROBE_PROXY_VOLUME UNITY_LIGHTMAP_RGBM_ENCODING
  api=4 type=0 insize=5112 outsize=1382 kw=UNITY_PASS_FORWARDBASE DIRECTIONAL pd=UNITY_ENABLE_REFLECTION_BUFFERS UNITY_USE_DITHER_MASK_FOR_ALPHABLENDED_SHADOWS UNITY_PBS_USE_BRDF1 UNITY_SPECCUBE_BOX_PROJECTION UNITY_SPECCUBE_BLENDING UNITY_ENABLE_DETAIL_NORMALMAP SHADER_API_DESKTOP UNITY_COLORSPACE_GAMMA UNITY_LIGHT_PROBE_PROXY_VOLUME UNITY_LIGHTMAP_RGBM_ENCODING ok=1
Cmd: compileSnippet
  api=4 type=1 insize=5112 outsize=742 kw=UNITY_PASS_FORWARDBASE DIRECTIONAL pd=UNITY_ENABLE_REFLECTION_BUFFERS UNITY_USE_DITHER_MASK_FOR_ALPHABLENDED_SHADOWS UNITY_PBS_USE_BRDF1 UNITY_SPECCUBE_BOX_PROJECTION UNITY_SPECCUBE_BLENDING UNITY_ENABLE_DETAIL_NORMALMAP SHADER_API_DESKTOP UNITY_COLORSPACE_GAMMA UNITY_LIGHT_PROBE_PROXY_VOLUME UNITY_LIGHTMAP_RGBM_ENCODING ok=1
Cmd: compileSnippet
  api=4 type=0 insize=5112 outsize=1602 kw=UNITY_PASS_FORWARDBASE DIRECTIONAL SHADOWS_SCREEN LIGHTMAP_ON LIGHTMAP_SHADOW_MIXING pd=UNITY_ENABLE_REFLECTION_BUFFERS UNITY_NO_SCREENSPACE_SHADOWS UNITY_PBS_USE_BRDF3 UNITY_SPECCUBE_BOX_PROJECTION SHADER_API_DESKTOP UNITY_COLORSPACE_GAMMA UNITY_LIGHTMAP_RGBM_ENCODING ok=1
Cmd: compileSnippet
  api=4 type=1 insize=5112 outsize=742 kw=UNITY_PASS_FORWARDBASE DIRECTIONAL SHADOWS_SCREEN LIGHTMAP_ON LIGHTMAP_SHADOW_MIXING pd=UNITY_ENABLE_REFLECTION_BUFFERS UNITY_NO_SCREENSPACE_SHADOWS UNITY_PBS_USE_BRDF3 UNITY_SPECCUBE_BOX_PROJECTION SHADER_API_DESKTOP UNITY_COLORSPACE_GAMMA UNITY_LIGHTMAP_RGBM_ENCODING ok=1
Cmd: preprocess
  insize=6605 outsize=1581 ok=1
Cmd: compileSnippet
  error: 1 plat 4 at (72): Output value 'vert' is not completely initialized\nCompiling Vertex program with UNITY_PASS_FORWARDBASE DIRECTIONAL
Platform defines: UNITY_ENABLE_REFLECTION_BUFFERS UNITY_USE_DITHER_MASK_FOR_ALPHABLENDED_SHADOWS UNITY_PBS_USE_BRDF1 UNITY_SPECCUBE_BOX_PROJECTION UNITY_SPECCUBE_BLENDING UNITY_ENABLE_DETAIL_NORMALMAP SHADER_API_DESKTOP UNITY_COLORSPACE_GAMMA UNITY_LIGHT_PROBE_PROXY_VOLUME UNITY_LIGHTMAP_RGBM_ENCODING
  api=4 type=0 insize=5107 outsize=1382 kw=UNITY_PASS_FORWARDBASE DIRECTIONAL pd=UNITY_ENABLE_REFLECTION_BUFFERS UNITY_USE_DITHER_MASK_FOR_ALPHABLENDED_SHADOWS UNITY_PBS_USE_BRDF1 UNITY_SPECCUBE_BOX_PROJECTION UNITY_SPECCUBE_BLENDING UNITY_ENABLE_DETAIL_NORMALMAP SHADER_API_DESKTOP UNITY_COLORSPACE_GAMMA UNITY_LIGHT_PROBE_PROXY_VOLUME UNITY_LIGHTMAP_RGBM_ENCODING ok=1
Cmd: compileSnippet
  api=4 type=1 insize=5107 outsize=3362 kw=UNITY_PASS_FORWARDBASE DIRECTIONAL pd=UNITY_ENABLE_REFLECTION_BUFFERS UNITY_USE_DITHER_MASK_FOR_ALPHABLENDED_SHADOWS UNITY_PBS_USE_BRDF1 UNITY_SPECCUBE_BOX_PROJECTION UNITY_SPECCUBE_BLENDING UNITY_ENABLE_DETAIL_NORMALMAP SHADER_API_DESKTOP UNITY_COLORSPACE_GAMMA UNITY_LIGHT_PROBE_PROXY_VOLUME UNITY_LIGHTMAP_RGBM_ENCODING ok=1
Cmd: compileSnippet
  api=4 type=0 insize=5107 outsize=1602 kw=UNITY_PASS_FORWARDBASE DIRECTIONAL SHADOWS_SCREEN LIGHTMAP_ON LIGHTMAP_SHADOW_MIXING pd=UNITY_ENABLE_REFLECTION_BUFFERS UNITY_NO_SCREENSPACE_SHADOWS UNITY_PBS_USE_BRDF3 UNITY_SPECCUBE_BOX_PROJECTION SHADER_API_DESKTOP UNITY_COLORSPACE_GAMMA UNITY_LIGHTMAP_RGBM_ENCODING ok=1
Cmd: compileSnippet
  api=4 type=1 insize=5107 outsize=2946 kw=UNITY_PASS_FORWARDBASE DIRECTIONAL SHADOWS_SCREEN LIGHTMAP_ON LIGHTMAP_SHADOW_MIXING pd=UNITY_ENABLE_REFLECTION_BUFFERS UNITY_NO_SCREENSPACE_SHADOWS UNITY_PBS_USE_BRDF3 UNITY_SPECCUBE_BOX_PROJECTION SHADER_API_DESKTOP UNITY_COLORSPACE_GAMMA UNITY_LIGHTMAP_RGBM_ENCODING ok=1
Cmd: compileSnippet
  error: 1 plat 4 at (72): Output value 'vert' is not completely initialized\nCompiling Vertex program with UNITY_PASS_FORWARDBASE DIRECTIONAL
Platform defines: UNITY_ENABLE_REFLECTION_BUFFERS UNITY_NO_SCREENSPACE_SHADOWS UNITY_PBS_USE_BRDF3 UNITY_SPECCUBE_BOX_PROJECTION SHADER_API_DESKTOP UNITY_COLORSPACE_GAMMA UNITY_LIGHTMAP_RGBM_ENCODING
  api=4 type=0 insize=5107 outsize=1382 kw=UNITY_PASS_FORWARDBASE DIRECTIONAL pd=UNITY_ENABLE_REFLECTION_BUFFERS UNITY_NO_SCREENSPACE_SHADOWS UNITY_PBS_USE_BRDF3 UNITY_SPECCUBE_BOX_PROJECTION SHADER_API_DESKTOP UNITY_COLORSPACE_GAMMA UNITY_LIGHTMAP_RGBM_ENCODING ok=1
Cmd: compileSnippet
  api=4 type=1 insize=5107 outsize=2714 kw=UNITY_PASS_FORWARDBASE DIRECTIONAL pd=UNITY_ENABLE_REFLECTION_BUFFERS UNITY_NO_SCREENSPACE_SHADOWS UNITY_PBS_USE_BRDF3 UNITY_SPECCUBE_BOX_PROJECTION SHADER_API_DESKTOP UNITY_COLORSPACE_GAMMA UNITY_LIGHTMAP_RGBM_ENCODING ok=1
Cmd: compileSnippet
  error: 1 plat 4 at (72): Output value 'vert' is not completely initialized\nCompiling Vertex program with UNITY_PASS_FORWARDBASE DIRECTIONAL LIGHTPROBE_SH
Platform defines: UNITY_ENABLE_REFLECTION_BUFFERS UNITY_NO_SCREENSPACE_SHADOWS UNITY_PBS_USE_BRDF3 UNITY_SPECCUBE_BOX_PROJECTION SHADER_API_DESKTOP UNITY_COLORSPACE_GAMMA UNITY_LIGHTMAP_RGBM_ENCODING
  api=4 type=0 insize=5107 outsize=1382 kw=UNITY_PASS_FORWARDBASE DIRECTIONAL LIGHTPROBE_SH pd=UNITY_ENABLE_REFLECTION_BUFFERS UNITY_NO_SCREENSPACE_SHADOWS UNITY_PBS_USE_BRDF3 UNITY_SPECCUBE_BOX_PROJECTION SHADER_API_DESKTOP UNITY_COLORSPACE_GAMMA UNITY_LIGHTMAP_RGBM_ENCODING ok=1
Cmd: compileSnippet
  api=4 type=1 insize=5107 outsize=2714 kw=UNITY_PASS_FORWARDBASE DIRECTIONAL LIGHTPROBE_SH pd=UNITY_ENABLE_REFLECTION_BUFFERS UNITY_NO_SCREENSPACE_SHADOWS UNITY_PBS_USE_BRDF3 UNITY_SPECCUBE_BOX_PROJECTION SHADER_API_DESKTOP UNITY_COLORSPACE_GAMMA UNITY_LIGHTMAP_RGBM_ENCODING ok=1
Cmd: preprocess
  insize=6596 outsize=1581 ok=1
Cmd: compileSnippet
  error: 1 plat 4 at (72): Output value 'vert' is not completely initialized\nCompiling Vertex program with UNITY_PASS_FORWARDBASE DIRECTIONAL
Platform defines: UNITY_ENABLE_REFLECTION_BUFFERS UNITY_USE_DITHER_MASK_FOR_ALPHABLENDED_SHADOWS UNITY_PBS_USE_BRDF1 UNITY_SPECCUBE_BOX_PROJECTION UNITY_SPECCUBE_BLENDING UNITY_ENABLE_DETAIL_NORMALMAP SHADER_API_DESKTOP UNITY_COLORSPACE_GAMMA UNITY_LIGHT_PROBE_PROXY_VOLUME UNITY_LIGHTMAP_RGBM_ENCODING
  api=4 type=0 insize=5098 outsize=1382 kw=UNITY_PASS_FORWARDBASE DIRECTIONAL pd=UNITY_ENABLE_REFLECTION_BUFFERS UNITY_USE_DITHER_MASK_FOR_ALPHABLENDED_SHADOWS UNITY_PBS_USE_BRDF1 UNITY_SPECCUBE_BOX_PROJECTION UNITY_SPECCUBE_BLENDING UNITY_ENABLE_DETAIL_NORMALMAP SHADER_API_DESKTOP UNITY_COLORSPACE_GAMMA UNITY_LIGHT_PROBE_PROXY_VOLUME UNITY_LIGHTMAP_RGBM_ENCODING ok=1
Cmd: compileSnippet
  api=4 type=1 insize=5098 outsize=2446 kw=UNITY_PASS_FORWARDBASE DIRECTIONAL pd=UNITY_ENABLE_REFLECTION_BUFFERS UNITY_USE_DITHER_MASK_FOR_ALPHABLENDED_SHADOWS UNITY_PBS_USE_BRDF1 UNITY_SPECCUBE_BOX_PROJECTION UNITY_SPECCUBE_BLENDING UNITY_ENABLE_DETAIL_NORMALMAP SHADER_API_DESKTOP UNITY_COLORSPACE_GAMMA UNITY_LIGHT_PROBE_PROXY_VOLUME UNITY_LIGHTMAP_RGBM_ENCODING ok=1
Cmd: compileSnippet
  api=4 type=0 insize=5098 outsize=1602 kw=UNITY_PASS_FORWARDBASE DIRECTIONAL SHADOWS_SCREEN LIGHTMAP_ON LIGHTMAP_SHADOW_MIXING pd=UNITY_ENABLE_REFLECTION_BUFFERS UNITY_NO_SCREENSPACE_SHADOWS UNITY_PBS_USE_BRDF3 UNITY_SPECCUBE_BOX_PROJECTION SHADER_API_DESKTOP UNITY_COLORSPACE_GAMMA UNITY_LIGHTMAP_RGBM_ENCODING ok=1
Cmd: compileSnippet
  api=4 type=1 insize=5098 outsize=2030 kw=UNITY_PASS_FORWARDBASE DIRECTIONAL SHADOWS_SCREEN LIGHTMAP_ON LIGHTMAP_SHADOW_MIXING pd=UNITY_ENABLE_REFLECTION_BUFFERS UNITY_NO_SCREENSPACE_SHADOWS UNITY_PBS_USE_BRDF3 UNITY_SPECCUBE_BOX_PROJECTION SHADER_API_DESKTOP UNITY_COLORSPACE_GAMMA UNITY_LIGHTMAP_RGBM_ENCODING ok=1
Cmd: compileSnippet
  error: 1 plat 4 at (72): Output value 'vert' is not completely initialized\nCompiling Vertex program with UNITY_PASS_FORWARDBASE DIRECTIONAL LIGHTMAP_ON
Platform defines: UNITY_ENABLE_REFLECTION_BUFFERS UNITY_NO_SCREENSPACE_SHADOWS UNITY_PBS_USE_BRDF3 UNITY_SPECCUBE_BOX_PROJECTION SHADER_API_DESKTOP UNITY_COLORSPACE_GAMMA UNITY_LIGHTMAP_RGBM_ENCODING
  api=4 type=0 insize=5098 outsize=1382 kw=UNITY_PASS_FORWARDBASE DIRECTIONAL LIGHTMAP_ON pd=UNITY_ENABLE_REFLECTION_BUFFERS UNITY_NO_SCREENSPACE_SHADOWS UNITY_PBS_USE_BRDF3 UNITY_SPECCUBE_BOX_PROJECTION SHADER_API_DESKTOP UNITY_COLORSPACE_GAMMA UNITY_LIGHTMAP_RGBM_ENCODING ok=1
Cmd: compileSnippet
  api=4 type=1 insize=5098 outsize=1826 kw=UNITY_PASS_FORWARDBASE DIRECTIONAL LIGHTMAP_ON pd=UNITY_ENABLE_REFLECTION_BUFFERS UNITY_NO_SCREENSPACE_SHADOWS UNITY_PBS_USE_BRDF3 UNITY_SPECCUBE_BOX_PROJECTION SHADER_API_DESKTOP UNITY_COLORSPACE_GAMMA UNITY_LIGHTMAP_RGBM_ENCODING ok=1
Cmd: preprocess
  insize=6567 outsize=1582 ok=1
Cmd: compileSnippet
  error: 1 plat 4 at (72): Output value 'vert' is not completely initialized\nCompiling Vertex program with UNITY_PASS_FORWARDBASE DIRECTIONAL
Platform defines: UNITY_ENABLE_REFLECTION_BUFFERS UNITY_USE_DITHER_MASK_FOR_ALPHABLENDED_SHADOWS UNITY_PBS_USE_BRDF1 UNITY_SPECCUBE_BOX_PROJECTION UNITY_SPECCUBE_BLENDING UNITY_ENABLE_DETAIL_NORMALMAP SHADER_API_DESKTOP UNITY_COLORSPACE_GAMMA UNITY_LIGHT_PROBE_PROXY_VOLUME UNITY_LIGHTMAP_RGBM_ENCODING
  api=4 type=0 insize=5069 outsize=1382 kw=UNITY_PASS_FORWARDBASE DIRECTIONAL pd=UNITY_ENABLE_REFLECTION_BUFFERS UNITY_USE_DITHER_MASK_FOR_ALPHABLENDED_SHADOWS UNITY_PBS_USE_BRDF1 UNITY_SPECCUBE_BOX_PROJECTION UNITY_SPECCUBE_BLENDING UNITY_ENABLE_DETAIL_NORMALMAP SHADER_API_DESKTOP UNITY_COLORSPACE_GAMMA UNITY_LIGHT_PROBE_PROXY_VOLUME UNITY_LIGHTMAP_RGBM_ENCODING ok=1
Cmd: compileSnippet
  api=4 type=1 insize=5069 outsize=1794 kw=UNITY_PASS_FORWARDBASE DIRECTIONAL pd=UNITY_ENABLE_REFLECTION_BUFFERS UNITY_USE_DITHER_MASK_FOR_ALPHABLENDED_SHADOWS UNITY_PBS_USE_BRDF1 UNITY_SPECCUBE_BOX_PROJECTION UNITY_SPECCUBE_BLENDING UNITY_ENABLE_DETAIL_NORMALMAP SHADER_API_DESKTOP UNITY_COLORSPACE_GAMMA UNITY_LIGHT_PROBE_PROXY_VOLUME UNITY_LIGHTMAP_RGBM_ENCODING ok=1
Cmd: compileSnippet
  error: 1 plat 4 at (72): Output value 'vert' is not completely initialized\nCompiling Vertex program with UNITY_PASS_FORWARDBASE DIRECTIONAL LIGHTMAP_ON
Platform defines: UNITY_ENABLE_REFLECTION_BUFFERS UNITY_NO_SCREENSPACE_SHADOWS UNITY_PBS_USE_BRDF3 UNITY_SPECCUBE_BOX_PROJECTION SHADER_API_DESKTOP UNITY_COLORSPACE_GAMMA UNITY_LIGHTMAP_RGBM_ENCODING
  api=4 type=0 insize=5069 outsize=1382 kw=UNITY_PASS_FORWARDBASE DIRECTIONAL LIGHTMAP_ON pd=UNITY_ENABLE_REFLECTION_BUFFERS UNITY_NO_SCREENSPACE_SHADOWS UNITY_PBS_USE_BRDF3 UNITY_SPECCUBE_BOX_PROJECTION SHADER_API_DESKTOP UNITY_COLORSPACE_GAMMA UNITY_LIGHTMAP_RGBM_ENCODING ok=1
Cmd: compileSnippet
  api=4 type=1 insize=5069 outsize=1794 kw=UNITY_PASS_FORWARDBASE DIRECTIONAL LIGHTMAP_ON pd=UNITY_ENABLE_REFLECTION_BUFFERS UNITY_NO_SCREENSPACE_SHADOWS UNITY_PBS_USE_BRDF3 UNITY_SPECCUBE_BOX_PROJECTION SHADER_API_DESKTOP UNITY_COLORSPACE_GAMMA UNITY_LIGHTMAP_RGBM_ENCODING ok=1
Cmd: compileSnippet
  api=4 type=0 insize=5069 outsize=1602 kw=UNITY_PASS_FORWARDBASE DIRECTIONAL SHADOWS_SCREEN LIGHTMAP_ON LIGHTMAP_SHADOW_MIXING pd=UNITY_ENABLE_REFLECTION_BUFFERS UNITY_NO_SCREENSPACE_SHADOWS UNITY_PBS_USE_BRDF3 UNITY_SPECCUBE_BOX_PROJECTION SHADER_API_DESKTOP UNITY_COLORSPACE_GAMMA UNITY_LIGHTMAP_RGBM_ENCODING ok=1
Cmd: compileSnippet
  api=4 type=1 insize=5069 outsize=1794 kw=UNITY_PASS_FORWARDBASE DIRECTIONAL SHADOWS_SCREEN LIGHTMAP_ON LIGHTMAP_SHADOW_MIXING pd=UNITY_ENABLE_REFLECTION_BUFFERS UNITY_NO_SCREENSPACE_SHADOWS UNITY_PBS_USE_BRDF3 UNITY_SPECCUBE_BOX_PROJECTION SHADER_API_DESKTOP UNITY_COLORSPACE_GAMMA UNITY_LIGHTMAP_RGBM_ENCODING ok=1
Cmd: compileSnippet
  error: 1 plat 4 at (72): Output value 'vert' is not completely initialized\nCompiling Vertex program with UNITY_PASS_FORWARDBASE DIRECTIONAL
Platform defines: UNITY_ENABLE_REFLECTION_BUFFERS UNITY_NO_SCREENSPACE_SHADOWS UNITY_PBS_USE_BRDF3 UNITY_SPECCUBE_BOX_PROJECTION SHADER_API_DESKTOP UNITY_COLORSPACE_GAMMA UNITY_LIGHTMAP_RGBM_ENCODING
  api=4 type=0 insize=5069 outsize=1382 kw=UNITY_PASS_FORWARDBASE DIRECTIONAL pd=UNITY_ENABLE_REFLECTION_BUFFERS UNITY_NO_SCREENSPACE_SHADOWS UNITY_PBS_USE_BRDF3 UNITY_SPECCUBE_BOX_PROJECTION SHADER_API_DESKTOP UNITY_COLORSPACE_GAMMA UNITY_LIGHTMAP_RGBM_ENCODING ok=1
Cmd: compileSnippet
  api=4 type=1 insize=5069 outsize=1794 kw=UNITY_PASS_FORWARDBASE DIRECTIONAL pd=UNITY_ENABLE_REFLECTION_BUFFERS UNITY_NO_SCREENSPACE_SHADOWS UNITY_PBS_USE_BRDF3 UNITY_SPECCUBE_BOX_PROJECTION SHADER_API_DESKTOP UNITY_COLORSPACE_GAMMA UNITY_LIGHTMAP_RGBM_ENCODING ok=1
Cmd: compileSnippet
  error: 1 plat 4 at (72): Output value 'vert' is not completely initialized\nCompiling Vertex program with UNITY_PASS_FORWARDBASE DIRECTIONAL LIGHTPROBE_SH
Platform defines: UNITY_ENABLE_REFLECTION_BUFFERS UNITY_NO_SCREENSPACE_SHADOWS UNITY_PBS_USE_BRDF3 UNITY_SPECCUBE_BOX_PROJECTION SHADER_API_DESKTOP UNITY_COLORSPACE_GAMMA UNITY_LIGHTMAP_RGBM_ENCODING
  api=4 type=0 insize=5069 outsize=1382 kw=UNITY_PASS_FORWARDBASE DIRECTIONAL LIGHTPROBE_SH pd=UNITY_ENABLE_REFLECTION_BUFFERS UNITY_NO_SCREENSPACE_SHADOWS UNITY_PBS_USE_BRDF3 UNITY_SPECCUBE_BOX_PROJECTION SHADER_API_DESKTOP UNITY_COLORSPACE_GAMMA UNITY_LIGHTMAP_RGBM_ENCODING ok=1
Cmd: compileSnippet
  api=4 type=1 insize=5069 outsize=1794 kw=UNITY_PASS_FORWARDBASE DIRECTIONAL LIGHTPROBE_SH pd=UNITY_ENABLE_REFLECTION_BUFFERS UNITY_NO_SCREENSPACE_SHADOWS UNITY_PBS_USE_BRDF3 UNITY_SPECCUBE_BOX_PROJECTION SHADER_API_DESKTOP UNITY_COLORSPACE_GAMMA UNITY_LIGHTMAP_RGBM_ENCODING ok=1
Cmd: preprocess
  insize=7034 outsize=1581 ok=1
Cmd: compileSnippet
  error: 2 plat 4 at (148): undeclared identifier 'v'\nCompiling Vertex program with UNITY_PASS_FORWARDBASE DIRECTIONAL
Platform defines: UNITY_ENABLE_REFLECTION_BUFFERS UNITY_USE_DITHER_MASK_FOR_ALPHABLENDED_SHADOWS UNITY_PBS_USE_BRDF1 UNITY_SPECCUBE_BOX_PROJECTION UNITY_SPECCUBE_BLENDING UNITY_ENABLE_DETAIL_NORMALMAP SHADER_API_DESKTOP UNITY_COLORSPACE_GAMMA UNITY_LIGHT_PROBE_PROXY_VOLUME UNITY_LIGHTMAP_RGBM_ENCODING
  api=4 type=0 insize=5536 outsize=0 kw=UNITY_PASS_FORWARDBASE DIRECTIONAL pd=UNITY_ENABLE_REFLECTION_BUFFERS UNITY_USE_DITHER_MASK_FOR_ALPHABLENDED_SHADOWS UNITY_PBS_USE_BRDF1 UNITY_SPECCUBE_BOX_PROJECTION UNITY_SPECCUBE_BLENDING UNITY_ENABLE_DETAIL_NORMALMAP SHADER_API_DESKTOP UNITY_COLORSPACE_GAMMA UNITY_LIGHT_PROBE_PROXY_VOLUME UNITY_LIGHTMAP_RGBM_ENCODING ok=0
Cmd: compileSnippet
  error: 2 plat 4 at (148): undeclared identifier 'v'\nCompiling Vertex program with UNITY_PASS_FORWARDBASE DIRECTIONAL LIGHTMAP_ON
Platform defines: UNITY_ENABLE_REFLECTION_BUFFERS UNITY_NO_SCREENSPACE_SHADOWS UNITY_PBS_USE_BRDF3 UNITY_SPECCUBE_BOX_PROJECTION SHADER_API_DESKTOP UNITY_COLORSPACE_GAMMA UNITY_LIGHTMAP_RGBM_ENCODING
  api=4 type=0 insize=5536 outsize=0 kw=UNITY_PASS_FORWARDBASE DIRECTIONAL LIGHTMAP_ON pd=UNITY_ENABLE_REFLECTION_BUFFERS UNITY_NO_SCREENSPACE_SHADOWS UNITY_PBS_USE_BRDF3 UNITY_SPECCUBE_BOX_PROJECTION SHADER_API_DESKTOP UNITY_COLORSPACE_GAMMA UNITY_LIGHTMAP_RGBM_ENCODING ok=0
Cmd: compileSnippet
  error: 2 plat 4 at (148): undeclared identifier 'v'\nCompiling Fragment program with UNITY_PASS_FORWARDBASE DIRECTIONAL LIGHTMAP_ON
Platform defines: UNITY_ENABLE_REFLECTION_BUFFERS UNITY_NO_SCREENSPACE_SHADOWS UNITY_PBS_USE_BRDF3 UNITY_SPECCUBE_BOX_PROJECTION SHADER_API_DESKTOP UNITY_COLORSPACE_GAMMA UNITY_LIGHTMAP_RGBM_ENCODING
  api=4 type=1 insize=5536 outsize=0 kw=UNITY_PASS_FORWARDBASE DIRECTIONAL LIGHTMAP_ON pd=UNITY_ENABLE_REFLECTION_BUFFERS UNITY_NO_SCREENSPACE_SHADOWS UNITY_PBS_USE_BRDF3 UNITY_SPECCUBE_BOX_PROJECTION SHADER_API_DESKTOP UNITY_COLORSPACE_GAMMA UNITY_LIGHTMAP_RGBM_ENCODING ok=0
Cmd: preprocess
  insize=7034 outsize=1580 ok=1
Cmd: compileSnippet
  error: 2 plat 4 at (148): undeclared identifier 'moar'\nCompiling Vertex program with UNITY_PASS_FORWARDBASE DIRECTIONAL
Platform defines: UNITY_ENABLE_REFLECTION_BUFFERS UNITY_USE_DITHER_MASK_FOR_ALPHABLENDED_SHADOWS UNITY_PBS_USE_BRDF1 UNITY_SPECCUBE_BOX_PROJECTION UNITY_SPECCUBE_BLENDING UNITY_ENABLE_DETAIL_NORMALMAP SHADER_API_DESKTOP UNITY_COLORSPACE_GAMMA UNITY_LIGHT_PROBE_PROXY_VOLUME UNITY_LIGHTMAP_RGBM_ENCODING
  api=4 type=0 insize=5536 outsize=0 kw=UNITY_PASS_FORWARDBASE DIRECTIONAL pd=UNITY_ENABLE_REFLECTION_BUFFERS UNITY_USE_DITHER_MASK_FOR_ALPHABLENDED_SHADOWS UNITY_PBS_USE_BRDF1 UNITY_SPECCUBE_BOX_PROJECTION UNITY_SPECCUBE_BLENDING UNITY_ENABLE_DETAIL_NORMALMAP SHADER_API_DESKTOP UNITY_COLORSPACE_GAMMA UNITY_LIGHT_PROBE_PROXY_VOLUME UNITY_LIGHTMAP_RGBM_ENCODING ok=0
Cmd: compileSnippet
  error: 2 plat 4 at (148): undeclared identifier 'moar'\nCompiling Vertex program with UNITY_PASS_FORWARDBASE DIRECTIONAL LIGHTMAP_ON
Platform defines: UNITY_ENABLE_REFLECTION_BUFFERS UNITY_NO_SCREENSPACE_SHADOWS UNITY_PBS_USE_BRDF3 UNITY_SPECCUBE_BOX_PROJECTION SHADER_API_DESKTOP UNITY_COLORSPACE_GAMMA UNITY_LIGHTMAP_RGBM_ENCODING
  api=4 type=0 insize=5536 outsize=0 kw=UNITY_PASS_FORWARDBASE DIRECTIONAL LIGHTMAP_ON pd=UNITY_ENABLE_REFLECTION_BUFFERS UNITY_NO_SCREENSPACE_SHADOWS UNITY_PBS_USE_BRDF3 UNITY_SPECCUBE_BOX_PROJECTION SHADER_API_DESKTOP UNITY_COLORSPACE_GAMMA UNITY_LIGHTMAP_RGBM_ENCODING ok=0
Cmd: compileSnippet
  error: 2 plat 4 at (148): undeclared identifier 'moar'\nCompiling Fragment program with UNITY_PASS_FORWARDBASE DIRECTIONAL LIGHTMAP_ON
Platform defines: UNITY_ENABLE_REFLECTION_BUFFERS UNITY_NO_SCREENSPACE_SHADOWS UNITY_PBS_USE_BRDF3 UNITY_SPECCUBE_BOX_PROJECTION SHADER_API_DESKTOP UNITY_COLORSPACE_GAMMA UNITY_LIGHTMAP_RGBM_ENCODING
  api=4 type=1 insize=5536 outsize=0 kw=UNITY_PASS_FORWARDBASE DIRECTIONAL LIGHTMAP_ON pd=UNITY_ENABLE_REFLECTION_BUFFERS UNITY_NO_SCREENSPACE_SHADOWS UNITY_PBS_USE_BRDF3 UNITY_SPECCUBE_BOX_PROJECTION SHADER_API_DESKTOP UNITY_COLORSPACE_GAMMA UNITY_LIGHTMAP_RGBM_ENCODING ok=0
Cmd: preprocess
  insize=7037 outsize=1581 ok=1
Cmd: compileSnippet
  error: 1 plat 4 at (73): Output value 'vert' is not completely initialized\nCompiling Vertex program with UNITY_PASS_FORWARDBASE DIRECTIONAL
Platform defines: UNITY_ENABLE_REFLECTION_BUFFERS UNITY_USE_DITHER_MASK_FOR_ALPHABLENDED_SHADOWS UNITY_PBS_USE_BRDF1 UNITY_SPECCUBE_BOX_PROJECTION UNITY_SPECCUBE_BLENDING UNITY_ENABLE_DETAIL_NORMALMAP SHADER_API_DESKTOP UNITY_COLORSPACE_GAMMA UNITY_LIGHT_PROBE_PROXY_VOLUME UNITY_LIGHTMAP_RGBM_ENCODING
  api=4 type=0 insize=5539 outsize=1810 kw=UNITY_PASS_FORWARDBASE DIRECTIONAL pd=UNITY_ENABLE_REFLECTION_BUFFERS UNITY_USE_DITHER_MASK_FOR_ALPHABLENDED_SHADOWS UNITY_PBS_USE_BRDF1 UNITY_SPECCUBE_BOX_PROJECTION UNITY_SPECCUBE_BLENDING UNITY_ENABLE_DETAIL_NORMALMAP SHADER_API_DESKTOP UNITY_COLORSPACE_GAMMA UNITY_LIGHT_PROBE_PROXY_VOLUME UNITY_LIGHTMAP_RGBM_ENCODING ok=1
Cmd: compileSnippet
  api=4 type=1 insize=5539 outsize=2402 kw=UNITY_PASS_FORWARDBASE DIRECTIONAL pd=UNITY_ENABLE_REFLECTION_BUFFERS UNITY_USE_DITHER_MASK_FOR_ALPHABLENDED_SHADOWS UNITY_PBS_USE_BRDF1 UNITY_SPECCUBE_BOX_PROJECTION UNITY_SPECCUBE_BLENDING UNITY_ENABLE_DETAIL_NORMALMAP SHADER_API_DESKTOP UNITY_COLORSPACE_GAMMA UNITY_LIGHT_PROBE_PROXY_VOLUME UNITY_LIGHTMAP_RGBM_ENCODING ok=1
Cmd: compileSnippet
  api=4 type=0 insize=836 outsize=1050 kw=UNITY_PASS_META pd=UNITY_ENABLE_REFLECTION_BUFFERS UNITY_USE_DITHER_MASK_FOR_ALPHABLENDED_SHADOWS UNITY_PBS_USE_BRDF1 UNITY_SPECCUBE_BOX_PROJECTION UNITY_SPECCUBE_BLENDING UNITY_ENABLE_DETAIL_NORMALMAP SHADER_API_DESKTOP UNITY_COLORSPACE_GAMMA UNITY_LIGHT_PROBE_PROXY_VOLUME UNITY_LIGHTMAP_RGBM_ENCODING ok=1
Cmd: compileSnippet
  api=4 type=1 insize=836 outsize=826 kw=UNITY_PASS_META pd=UNITY_ENABLE_REFLECTION_BUFFERS UNITY_USE_DITHER_MASK_FOR_ALPHABLENDED_SHADOWS UNITY_PBS_USE_BRDF1 UNITY_SPECCUBE_BOX_PROJECTION UNITY_SPECCUBE_BLENDING UNITY_ENABLE_DETAIL_NORMALMAP SHADER_API_DESKTOP UNITY_COLORSPACE_GAMMA UNITY_LIGHT_PROBE_PROXY_VOLUME UNITY_LIGHTMAP_RGBM_ENCODING ok=1
Cmd: compileSnippet
  error: 1 plat 4 at (73): Output value 'vert' is not completely initialized\nCompiling Vertex program with UNITY_PASS_FORWARDBASE DIRECTIONAL LIGHTMAP_ON
Platform defines: UNITY_ENABLE_REFLECTION_BUFFERS UNITY_NO_SCREENSPACE_SHADOWS UNITY_PBS_USE_BRDF3 UNITY_SPECCUBE_BOX_PROJECTION SHADER_API_DESKTOP UNITY_COLORSPACE_GAMMA UNITY_LIGHTMAP_RGBM_ENCODING
  api=4 type=0 insize=5539 outsize=1810 kw=UNITY_PASS_FORWARDBASE DIRECTIONAL LIGHTMAP_ON pd=UNITY_ENABLE_REFLECTION_BUFFERS UNITY_NO_SCREENSPACE_SHADOWS UNITY_PBS_USE_BRDF3 UNITY_SPECCUBE_BOX_PROJECTION SHADER_API_DESKTOP UNITY_COLORSPACE_GAMMA UNITY_LIGHTMAP_RGBM_ENCODING ok=1
Cmd: compileSnippet
  api=4 type=1 insize=5539 outsize=2402 kw=UNITY_PASS_FORWARDBASE DIRECTIONAL LIGHTMAP_ON pd=UNITY_ENABLE_REFLECTION_BUFFERS UNITY_NO_SCREENSPACE_SHADOWS UNITY_PBS_USE_BRDF3 UNITY_SPECCUBE_BOX_PROJECTION SHADER_API_DESKTOP UNITY_COLORSPACE_GAMMA UNITY_LIGHTMAP_RGBM_ENCODING ok=1
Cmd: compileSnippet
  api=4 type=0 insize=5539 outsize=2030 kw=UNITY_PASS_FORWARDBASE DIRECTIONAL SHADOWS_SCREEN LIGHTMAP_ON LIGHTMAP_SHADOW_MIXING pd=UNITY_ENABLE_REFLECTION_BUFFERS UNITY_NO_SCREENSPACE_SHADOWS UNITY_PBS_USE_BRDF3 UNITY_SPECCUBE_BOX_PROJECTION SHADER_API_DESKTOP UNITY_COLORSPACE_GAMMA UNITY_LIGHTMAP_RGBM_ENCODING ok=1
Cmd: compileSnippet
  api=4 type=1 insize=5539 outsize=2402 kw=UNITY_PASS_FORWARDBASE DIRECTIONAL SHADOWS_SCREEN LIGHTMAP_ON LIGHTMAP_SHADOW_MIXING pd=UNITY_ENABLE_REFLECTION_BUFFERS UNITY_NO_SCREENSPACE_SHADOWS UNITY_PBS_USE_BRDF3 UNITY_SPECCUBE_BOX_PROJECTION SHADER_API_DESKTOP UNITY_COLORSPACE_GAMMA UNITY_LIGHTMAP_RGBM_ENCODING ok=1
Cmd: compileSnippet
  error: 1 plat 4 at (73): Output value 'vert' is not completely initialized\nCompiling Vertex program with UNITY_PASS_FORWARDBASE DIRECTIONAL
Platform defines: UNITY_ENABLE_REFLECTION_BUFFERS UNITY_NO_SCREENSPACE_SHADOWS UNITY_PBS_USE_BRDF3 UNITY_SPECCUBE_BOX_PROJECTION SHADER_API_DESKTOP UNITY_COLORSPACE_GAMMA UNITY_LIGHTMAP_RGBM_ENCODING
  api=4 type=0 insize=5539 outsize=1810 kw=UNITY_PASS_FORWARDBASE DIRECTIONAL pd=UNITY_ENABLE_REFLECTION_BUFFERS UNITY_NO_SCREENSPACE_SHADOWS UNITY_PBS_USE_BRDF3 UNITY_SPECCUBE_BOX_PROJECTION SHADER_API_DESKTOP UNITY_COLORSPACE_GAMMA UNITY_LIGHTMAP_RGBM_ENCODING ok=1
Cmd: compileSnippet
  api=4 type=1 insize=5539 outsize=2402 kw=UNITY_PASS_FORWARDBASE DIRECTIONAL pd=UNITY_ENABLE_REFLECTION_BUFFERS UNITY_NO_SCREENSPACE_SHADOWS UNITY_PBS_USE_BRDF3 UNITY_SPECCUBE_BOX_PROJECTION SHADER_API_DESKTOP UNITY_COLORSPACE_GAMMA UNITY_LIGHTMAP_RGBM_ENCODING ok=1
Cmd: compileSnippet
  error: 1 plat 4 at (73): Output value 'vert' is not completely initialized\nCompiling Vertex program with UNITY_PASS_FORWARDBASE DIRECTIONAL LIGHTPROBE_SH
Platform defines: UNITY_ENABLE_REFLECTION_BUFFERS UNITY_NO_SCREENSPACE_SHADOWS UNITY_PBS_USE_BRDF3 UNITY_SPECCUBE_BOX_PROJECTION SHADER_API_DESKTOP UNITY_COLORSPACE_GAMMA UNITY_LIGHTMAP_RGBM_ENCODING
  api=4 type=0 insize=5539 outsize=1810 kw=UNITY_PASS_FORWARDBASE DIRECTIONAL LIGHTPROBE_SH pd=UNITY_ENABLE_REFLECTION_BUFFERS UNITY_NO_SCREENSPACE_SHADOWS UNITY_PBS_USE_BRDF3 UNITY_SPECCUBE_BOX_PROJECTION SHADER_API_DESKTOP UNITY_COLORSPACE_GAMMA UNITY_LIGHTMAP_RGBM_ENCODING ok=1
Cmd: compileSnippet
  api=4 type=1 insize=5539 outsize=2402 kw=UNITY_PASS_FORWARDBASE DIRECTIONAL LIGHTPROBE_SH pd=UNITY_ENABLE_REFLECTION_BUFFERS UNITY_NO_SCREENSPACE_SHADOWS UNITY_PBS_USE_BRDF3 UNITY_SPECCUBE_BOX_PROJECTION SHADER_API_DESKTOP UNITY_COLORSPACE_GAMMA UNITY_LIGHTMAP_RGBM_ENCODING ok=1
Cmd: preprocess
  insize=7037 outsize=1581 ok=1
Cmd: compileSnippet
  error: 1 plat 4 at (73): Output value 'vert' is not completely initialized\nCompiling Vertex program with UNITY_PASS_FORWARDBASE DIRECTIONAL
Platform defines: UNITY_ENABLE_REFLECTION_BUFFERS UNITY_USE_DITHER_MASK_FOR_ALPHABLENDED_SHADOWS UNITY_PBS_USE_BRDF1 UNITY_SPECCUBE_BOX_PROJECTION UNITY_SPECCUBE_BLENDING UNITY_ENABLE_DETAIL_NORMALMAP SHADER_API_DESKTOP UNITY_COLORSPACE_GAMMA UNITY_LIGHT_PROBE_PROXY_VOLUME UNITY_LIGHTMAP_RGBM_ENCODING
  api=4 type=0 insize=5539 outsize=1810 kw=UNITY_PASS_FORWARDBASE DIRECTIONAL pd=UNITY_ENABLE_REFLECTION_BUFFERS UNITY_USE_DITHER_MASK_FOR_ALPHABLENDED_SHADOWS UNITY_PBS_USE_BRDF1 UNITY_SPECCUBE_BOX_PROJECTION UNITY_SPECCUBE_BLENDING UNITY_ENABLE_DETAIL_NORMALMAP SHADER_API_DESKTOP UNITY_COLORSPACE_GAMMA UNITY_LIGHT_PROBE_PROXY_VOLUME UNITY_LIGHTMAP_RGBM_ENCODING ok=1
Cmd: compileSnippet
  api=4 type=1 insize=5539 outsize=2454 kw=UNITY_PASS_FORWARDBASE DIRECTIONAL pd=UNITY_ENABLE_REFLECTION_BUFFERS UNITY_USE_DITHER_MASK_FOR_ALPHABLENDED_SHADOWS UNITY_PBS_USE_BRDF1 UNITY_SPECCUBE_BOX_PROJECTION UNITY_SPECCUBE_BLENDING UNITY_ENABLE_DETAIL_NORMALMAP SHADER_API_DESKTOP UNITY_COLORSPACE_GAMMA UNITY_LIGHT_PROBE_PROXY_VOLUME UNITY_LIGHTMAP_RGBM_ENCODING ok=1
Cmd: compileSnippet
  error: 1 plat 4 at (73): Output value 'vert' is not completely initialized\nCompiling Vertex program with UNITY_PASS_FORWARDBASE DIRECTIONAL LIGHTMAP_ON
Platform defines: UNITY_ENABLE_REFLECTION_BUFFERS UNITY_NO_SCREENSPACE_SHADOWS UNITY_PBS_USE_BRDF3 UNITY_SPECCUBE_BOX_PROJECTION SHADER_API_DESKTOP UNITY_COLORSPACE_GAMMA UNITY_LIGHTMAP_RGBM_ENCODING
  api=4 type=0 insize=5539 outsize=1810 kw=UNITY_PASS_FORWARDBASE DIRECTIONAL LIGHTMAP_ON pd=UNITY_ENABLE_REFLECTION_BUFFERS UNITY_NO_SCREENSPACE_SHADOWS UNITY_PBS_USE_BRDF3 UNITY_SPECCUBE_BOX_PROJECTION SHADER_API_DESKTOP UNITY_COLORSPACE_GAMMA UNITY_LIGHTMAP_RGBM_ENCODING ok=1
Cmd: compileSnippet
  api=4 type=1 insize=5539 outsize=2454 kw=UNITY_PASS_FORWARDBASE DIRECTIONAL LIGHTMAP_ON pd=UNITY_ENABLE_REFLECTION_BUFFERS UNITY_NO_SCREENSPACE_SHADOWS UNITY_PBS_USE_BRDF3 UNITY_SPECCUBE_BOX_PROJECTION SHADER_API_DESKTOP UNITY_COLORSPACE_GAMMA UNITY_LIGHTMAP_RGBM_ENCODING ok=1
Cmd: compileSnippet
  error: 1 plat 4 at (73): Output value 'vert' is not completely initialized\nCompiling Vertex program with UNITY_PASS_FORWARDBASE DIRECTIONAL
Platform defines: UNITY_ENABLE_REFLECTION_BUFFERS UNITY_NO_SCREENSPACE_SHADOWS UNITY_PBS_USE_BRDF3 UNITY_SPECCUBE_BOX_PROJECTION SHADER_API_DESKTOP UNITY_COLORSPACE_GAMMA UNITY_LIGHTMAP_RGBM_ENCODING
  api=4 type=0 insize=5539 outsize=1810 kw=UNITY_PASS_FORWARDBASE DIRECTIONAL pd=UNITY_ENABLE_REFLECTION_BUFFERS UNITY_NO_SCREENSPACE_SHADOWS UNITY_PBS_USE_BRDF3 UNITY_SPECCUBE_BOX_PROJECTION SHADER_API_DESKTOP UNITY_COLORSPACE_GAMMA UNITY_LIGHTMAP_RGBM_ENCODING ok=1
Cmd: compileSnippet
  api=4 type=1 insize=5539 outsize=2454 kw=UNITY_PASS_FORWARDBASE DIRECTIONAL pd=UNITY_ENABLE_REFLECTION_BUFFERS UNITY_NO_SCREENSPACE_SHADOWS UNITY_PBS_USE_BRDF3 UNITY_SPECCUBE_BOX_PROJECTION SHADER_API_DESKTOP UNITY_COLORSPACE_GAMMA UNITY_LIGHTMAP_RGBM_ENCODING ok=1
Cmd: compileSnippet
  error: 1 plat 4 at (73): Output value 'vert' is not completely initialized\nCompiling Vertex program with UNITY_PASS_FORWARDBASE DIRECTIONAL LIGHTPROBE_SH
Platform defines: UNITY_ENABLE_REFLECTION_BUFFERS UNITY_NO_SCREENSPACE_SHADOWS UNITY_PBS_USE_BRDF3 UNITY_SPECCUBE_BOX_PROJECTION SHADER_API_DESKTOP UNITY_COLORSPACE_GAMMA UNITY_LIGHTMAP_RGBM_ENCODING
  api=4 type=0 insize=5539 outsize=1810 kw=UNITY_PASS_FORWARDBASE DIRECTIONAL LIGHTPROBE_SH pd=UNITY_ENABLE_REFLECTION_BUFFERS UNITY_NO_SCREENSPACE_SHADOWS UNITY_PBS_USE_BRDF3 UNITY_SPECCUBE_BOX_PROJECTION SHADER_API_DESKTOP UNITY_COLORSPACE_GAMMA UNITY_LIGHTMAP_RGBM_ENCODING ok=1
Cmd: compileSnippet
  api=4 type=1 insize=5539 outsize=2454 kw=UNITY_PASS_FORWARDBASE DIRECTIONAL LIGHTPROBE_SH pd=UNITY_ENABLE_REFLECTION_BUFFERS UNITY_NO_SCREENSPACE_SHADOWS UNITY_PBS_USE_BRDF3 UNITY_SPECCUBE_BOX_PROJECTION SHADER_API_DESKTOP UNITY_COLORSPACE_GAMMA UNITY_LIGHTMAP_RGBM_ENCODING ok=1
Cmd: compileSnippet
  api=4 type=0 insize=5539 outsize=2030 kw=UNITY_PASS_FORWARDBASE DIRECTIONAL SHADOWS_SCREEN LIGHTMAP_ON LIGHTMAP_SHADOW_MIXING pd=UNITY_ENABLE_REFLECTION_BUFFERS UNITY_NO_SCREENSPACE_SHADOWS UNITY_PBS_USE_BRDF3 UNITY_SPECCUBE_BOX_PROJECTION SHADER_API_DESKTOP UNITY_COLORSPACE_GAMMA UNITY_LIGHTMAP_RGBM_ENCODING ok=1
Cmd: compileSnippet
  api=4 type=1 insize=5539 outsize=2454 kw=UNITY_PASS_FORWARDBASE DIRECTIONAL SHADOWS_SCREEN LIGHTMAP_ON LIGHTMAP_SHADOW_MIXING pd=UNITY_ENABLE_REFLECTION_BUFFERS UNITY_NO_SCREENSPACE_SHADOWS UNITY_PBS_USE_BRDF3 UNITY_SPECCUBE_BOX_PROJECTION SHADER_API_DESKTOP UNITY_COLORSPACE_GAMMA UNITY_LIGHTMAP_RGBM_ENCODING ok=1
Cmd: preprocess
  insize=7037 outsize=1581 ok=1
Cmd: compileSnippet
  error: 1 plat 4 at (73): Output value 'vert' is not completely initialized\nCompiling Vertex program with UNITY_PASS_FORWARDBASE DIRECTIONAL
Platform defines: UNITY_ENABLE_REFLECTION_BUFFERS UNITY_USE_DITHER_MASK_FOR_ALPHABLENDED_SHADOWS UNITY_PBS_USE_BRDF1 UNITY_SPECCUBE_BOX_PROJECTION UNITY_SPECCUBE_BLENDING UNITY_ENABLE_DETAIL_NORMALMAP SHADER_API_DESKTOP UNITY_COLORSPACE_GAMMA UNITY_LIGHT_PROBE_PROXY_VOLUME UNITY_LIGHTMAP_RGBM_ENCODING
  api=4 type=0 insize=5539 outsize=1810 kw=UNITY_PASS_FORWARDBASE DIRECTIONAL pd=UNITY_ENABLE_REFLECTION_BUFFERS UNITY_USE_DITHER_MASK_FOR_ALPHABLENDED_SHADOWS UNITY_PBS_USE_BRDF1 UNITY_SPECCUBE_BOX_PROJECTION UNITY_SPECCUBE_BLENDING UNITY_ENABLE_DETAIL_NORMALMAP SHADER_API_DESKTOP UNITY_COLORSPACE_GAMMA UNITY_LIGHT_PROBE_PROXY_VOLUME UNITY_LIGHTMAP_RGBM_ENCODING ok=1
Cmd: compileSnippet
  api=4 type=1 insize=5539 outsize=2434 kw=UNITY_PASS_FORWARDBASE DIRECTIONAL pd=UNITY_ENABLE_REFLECTION_BUFFERS UNITY_USE_DITHER_MASK_FOR_ALPHABLENDED_SHADOWS UNITY_PBS_USE_BRDF1 UNITY_SPECCUBE_BOX_PROJECTION UNITY_SPECCUBE_BLENDING UNITY_ENABLE_DETAIL_NORMALMAP SHADER_API_DESKTOP UNITY_COLORSPACE_GAMMA UNITY_LIGHT_PROBE_PROXY_VOLUME UNITY_LIGHTMAP_RGBM_ENCODING ok=1
Cmd: compileSnippet
  error: 1 plat 4 at (73): Output value 'vert' is not completely initialized\nCompiling Vertex program with UNITY_PASS_FORWARDBASE DIRECTIONAL LIGHTMAP_ON
Platform defines: UNITY_ENABLE_REFLECTION_BUFFERS UNITY_NO_SCREENSPACE_SHADOWS UNITY_PBS_USE_BRDF3 UNITY_SPECCUBE_BOX_PROJECTION SHADER_API_DESKTOP UNITY_COLORSPACE_GAMMA UNITY_LIGHTMAP_RGBM_ENCODING
  api=4 type=0 insize=5539 outsize=1810 kw=UNITY_PASS_FORWARDBASE DIRECTIONAL LIGHTMAP_ON pd=UNITY_ENABLE_REFLECTION_BUFFERS UNITY_NO_SCREENSPACE_SHADOWS UNITY_PBS_USE_BRDF3 UNITY_SPECCUBE_BOX_PROJECTION SHADER_API_DESKTOP UNITY_COLORSPACE_GAMMA UNITY_LIGHTMAP_RGBM_ENCODING ok=1
Cmd: compileSnippet
  api=4 type=1 insize=5539 outsize=2434 kw=UNITY_PASS_FORWARDBASE DIRECTIONAL LIGHTMAP_ON pd=UNITY_ENABLE_REFLECTION_BUFFERS UNITY_NO_SCREENSPACE_SHADOWS UNITY_PBS_USE_BRDF3 UNITY_SPECCUBE_BOX_PROJECTION SHADER_API_DESKTOP UNITY_COLORSPACE_GAMMA UNITY_LIGHTMAP_RGBM_ENCODING ok=1
Cmd: compileSnippet
  api=4 type=0 insize=5539 outsize=2030 kw=UNITY_PASS_FORWARDBASE DIRECTIONAL SHADOWS_SCREEN LIGHTMAP_ON LIGHTMAP_SHADOW_MIXING pd=UNITY_ENABLE_REFLECTION_BUFFERS UNITY_NO_SCREENSPACE_SHADOWS UNITY_PBS_USE_BRDF3 UNITY_SPECCUBE_BOX_PROJECTION SHADER_API_DESKTOP UNITY_COLORSPACE_GAMMA UNITY_LIGHTMAP_RGBM_ENCODING ok=1
Cmd: compileSnippet
  api=4 type=1 insize=5539 outsize=2434 kw=UNITY_PASS_FORWARDBASE DIRECTIONAL SHADOWS_SCREEN LIGHTMAP_ON LIGHTMAP_SHADOW_MIXING pd=UNITY_ENABLE_REFLECTION_BUFFERS UNITY_NO_SCREENSPACE_SHADOWS UNITY_PBS_USE_BRDF3 UNITY_SPECCUBE_BOX_PROJECTION SHADER_API_DESKTOP UNITY_COLORSPACE_GAMMA UNITY_LIGHTMAP_RGBM_ENCODING ok=1
Cmd: compileSnippet
  error: 1 plat 4 at (73): Output value 'vert' is not completely initialized\nCompiling Vertex program with UNITY_PASS_FORWARDBASE DIRECTIONAL
Platform defines: UNITY_ENABLE_REFLECTION_BUFFERS UNITY_NO_SCREENSPACE_SHADOWS UNITY_PBS_USE_BRDF3 UNITY_SPECCUBE_BOX_PROJECTION SHADER_API_DESKTOP UNITY_COLORSPACE_GAMMA UNITY_LIGHTMAP_RGBM_ENCODING
  api=4 type=0 insize=5539 outsize=1810 kw=UNITY_PASS_FORWARDBASE DIRECTIONAL pd=UNITY_ENABLE_REFLECTION_BUFFERS UNITY_NO_SCREENSPACE_SHADOWS UNITY_PBS_USE_BRDF3 UNITY_SPECCUBE_BOX_PROJECTION SHADER_API_DESKTOP UNITY_COLORSPACE_GAMMA UNITY_LIGHTMAP_RGBM_ENCODING ok=1
Cmd: compileSnippet
  api=4 type=1 insize=5539 outsize=2434 kw=UNITY_PASS_FORWARDBASE DIRECTIONAL pd=UNITY_ENABLE_REFLECTION_BUFFERS UNITY_NO_SCREENSPACE_SHADOWS UNITY_PBS_USE_BRDF3 UNITY_SPECCUBE_BOX_PROJECTION SHADER_API_DESKTOP UNITY_COLORSPACE_GAMMA UNITY_LIGHTMAP_RGBM_ENCODING ok=1
Cmd: compileSnippet
  error: 1 plat 4 at (73): Output value 'vert' is not completely initialized\nCompiling Vertex program with UNITY_PASS_FORWARDBASE DIRECTIONAL LIGHTPROBE_SH
Platform defines: UNITY_ENABLE_REFLECTION_BUFFERS UNITY_NO_SCREENSPACE_SHADOWS UNITY_PBS_USE_BRDF3 UNITY_SPECCUBE_BOX_PROJECTION SHADER_API_DESKTOP UNITY_COLORSPACE_GAMMA UNITY_LIGHTMAP_RGBM_ENCODING
  api=4 type=0 insize=5539 outsize=1810 kw=UNITY_PASS_FORWARDBASE DIRECTIONAL LIGHTPROBE_SH pd=UNITY_ENABLE_REFLECTION_BUFFERS UNITY_NO_SCREENSPACE_SHADOWS UNITY_PBS_USE_BRDF3 UNITY_SPECCUBE_BOX_PROJECTION SHADER_API_DESKTOP UNITY_COLORSPACE_GAMMA UNITY_LIGHTMAP_RGBM_ENCODING ok=1
Cmd: compileSnippet
  api=4 type=1 insize=5539 outsize=2434 kw=UNITY_PASS_FORWARDBASE DIRECTIONAL LIGHTPROBE_SH pd=UNITY_ENABLE_REFLECTION_BUFFERS UNITY_NO_SCREENSPACE_SHADOWS UNITY_PBS_USE_BRDF3 UNITY_SPECCUBE_BOX_PROJECTION SHADER_API_DESKTOP UNITY_COLORSPACE_GAMMA UNITY_LIGHTMAP_RGBM_ENCODING ok=1
Cmd: preprocess
  insize=7037 outsize=1581 ok=1
Cmd: compileSnippet
  error: 1 plat 4 at (73): Output value 'vert' is not completely initialized\nCompiling Vertex program with UNITY_PASS_FORWARDBASE DIRECTIONAL
Platform defines: UNITY_ENABLE_REFLECTION_BUFFERS UNITY_USE_DITHER_MASK_FOR_ALPHABLENDED_SHADOWS UNITY_PBS_USE_BRDF1 UNITY_SPECCUBE_BOX_PROJECTION UNITY_SPECCUBE_BLENDING UNITY_ENABLE_DETAIL_NORMALMAP SHADER_API_DESKTOP UNITY_COLORSPACE_GAMMA UNITY_LIGHT_PROBE_PROXY_VOLUME UNITY_LIGHTMAP_RGBM_ENCODING
  api=4 type=0 insize=5539 outsize=1810 kw=UNITY_PASS_FORWARDBASE DIRECTIONAL pd=UNITY_ENABLE_REFLECTION_BUFFERS UNITY_USE_DITHER_MASK_FOR_ALPHABLENDED_SHADOWS UNITY_PBS_USE_BRDF1 UNITY_SPECCUBE_BOX_PROJECTION UNITY_SPECCUBE_BLENDING UNITY_ENABLE_DETAIL_NORMALMAP SHADER_API_DESKTOP UNITY_COLORSPACE_GAMMA UNITY_LIGHT_PROBE_PROXY_VOLUME UNITY_LIGHTMAP_RGBM_ENCODING ok=1
Cmd: compileSnippet
  api=4 type=1 insize=5539 outsize=2434 kw=UNITY_PASS_FORWARDBASE DIRECTIONAL pd=UNITY_ENABLE_REFLECTION_BUFFERS UNITY_USE_DITHER_MASK_FOR_ALPHABLENDED_SHADOWS UNITY_PBS_USE_BRDF1 UNITY_SPECCUBE_BOX_PROJECTION UNITY_SPECCUBE_BLENDING UNITY_ENABLE_DETAIL_NORMALMAP SHADER_API_DESKTOP UNITY_COLORSPACE_GAMMA UNITY_LIGHT_PROBE_PROXY_VOLUME UNITY_LIGHTMAP_RGBM_ENCODING ok=1
Cmd: compileSnippet
  error: 1 plat 4 at (73): Output value 'vert' is not completely initialized\nCompiling Vertex program with UNITY_PASS_FORWARDBASE DIRECTIONAL LIGHTMAP_ON
Platform defines: UNITY_ENABLE_REFLECTION_BUFFERS UNITY_NO_SCREENSPACE_SHADOWS UNITY_PBS_USE_BRDF3 UNITY_SPECCUBE_BOX_PROJECTION SHADER_API_DESKTOP UNITY_COLORSPACE_GAMMA UNITY_LIGHTMAP_RGBM_ENCODING
  api=4 type=0 insize=5539 outsize=1810 kw=UNITY_PASS_FORWARDBASE DIRECTIONAL LIGHTMAP_ON pd=UNITY_ENABLE_REFLECTION_BUFFERS UNITY_NO_SCREENSPACE_SHADOWS UNITY_PBS_USE_BRDF3 UNITY_SPECCUBE_BOX_PROJECTION SHADER_API_DESKTOP UNITY_COLORSPACE_GAMMA UNITY_LIGHTMAP_RGBM_ENCODING ok=1
Cmd: compileSnippet
  api=4 type=1 insize=5539 outsize=2434 kw=UNITY_PASS_FORWARDBASE DIRECTIONAL LIGHTMAP_ON pd=UNITY_ENABLE_REFLECTION_BUFFERS UNITY_NO_SCREENSPACE_SHADOWS UNITY_PBS_USE_BRDF3 UNITY_SPECCUBE_BOX_PROJECTION SHADER_API_DESKTOP UNITY_COLORSPACE_GAMMA UNITY_LIGHTMAP_RGBM_ENCODING ok=1
Cmd: compileSnippet
  error: 1 plat 4 at (73): Output value 'vert' is not completely initialized\nCompiling Vertex program with UNITY_PASS_FORWARDBASE DIRECTIONAL
Platform defines: UNITY_ENABLE_REFLECTION_BUFFERS UNITY_NO_SCREENSPACE_SHADOWS UNITY_PBS_USE_BRDF3 UNITY_SPECCUBE_BOX_PROJECTION SHADER_API_DESKTOP UNITY_COLORSPACE_GAMMA UNITY_LIGHTMAP_RGBM_ENCODING
  api=4 type=0 insize=5539 outsize=1810 kw=UNITY_PASS_FORWARDBASE DIRECTIONAL pd=UNITY_ENABLE_REFLECTION_BUFFERS UNITY_NO_SCREENSPACE_SHADOWS UNITY_PBS_USE_BRDF3 UNITY_SPECCUBE_BOX_PROJECTION SHADER_API_DESKTOP UNITY_COLORSPACE_GAMMA UNITY_LIGHTMAP_RGBM_ENCODING ok=1
Cmd: compileSnippet
  api=4 type=1 insize=5539 outsize=2434 kw=UNITY_PASS_FORWARDBASE DIRECTIONAL pd=UNITY_ENABLE_REFLECTION_BUFFERS UNITY_NO_SCREENSPACE_SHADOWS UNITY_PBS_USE_BRDF3 UNITY_SPECCUBE_BOX_PROJECTION SHADER_API_DESKTOP UNITY_COLORSPACE_GAMMA UNITY_LIGHTMAP_RGBM_ENCODING ok=1
Cmd: compileSnippet
  error: 1 plat 4 at (73): Output value 'vert' is not completely initialized\nCompiling Vertex program with UNITY_PASS_FORWARDBASE DIRECTIONAL LIGHTPROBE_SH
Platform defines: UNITY_ENABLE_REFLECTION_BUFFERS UNITY_NO_SCREENSPACE_SHADOWS UNITY_PBS_USE_BRDF3 UNITY_SPECCUBE_BOX_PROJECTION SHADER_API_DESKTOP UNITY_COLORSPACE_GAMMA UNITY_LIGHTMAP_RGBM_ENCODING
  api=4 type=0 insize=5539 outsize=1810 kw=UNITY_PASS_FORWARDBASE DIRECTIONAL LIGHTPROBE_SH pd=UNITY_ENABLE_REFLECTION_BUFFERS UNITY_NO_SCREENSPACE_SHADOWS UNITY_PBS_USE_BRDF3 UNITY_SPECCUBE_BOX_PROJECTION SHADER_API_DESKTOP UNITY_COLORSPACE_GAMMA UNITY_LIGHTMAP_RGBM_ENCODING ok=1
Cmd: compileSnippet
  api=4 type=1 insize=5539 outsize=2434 kw=UNITY_PASS_FORWARDBASE DIRECTIONAL LIGHTPROBE_SH pd=UNITY_ENABLE_REFLECTION_BUFFERS UNITY_NO_SCREENSPACE_SHADOWS UNITY_PBS_USE_BRDF3 UNITY_SPECCUBE_BOX_PROJECTION SHADER_API_DESKTOP UNITY_COLORSPACE_GAMMA UNITY_LIGHTMAP_RGBM_ENCODING ok=1
Cmd: compileSnippet
  api=4 type=0 insize=5539 outsize=2030 kw=UNITY_PASS_FORWARDBASE DIRECTIONAL SHADOWS_SCREEN LIGHTMAP_ON LIGHTMAP_SHADOW_MIXING pd=UNITY_ENABLE_REFLECTION_BUFFERS UNITY_NO_SCREENSPACE_SHADOWS UNITY_PBS_USE_BRDF3 UNITY_SPECCUBE_BOX_PROJECTION SHADER_API_DESKTOP UNITY_COLORSPACE_GAMMA UNITY_LIGHTMAP_RGBM_ENCODING ok=1
Cmd: compileSnippet
  api=4 type=1 insize=5539 outsize=2434 kw=UNITY_PASS_FORWARDBASE DIRECTIONAL SHADOWS_SCREEN LIGHTMAP_ON LIGHTMAP_SHADOW_MIXING pd=UNITY_ENABLE_REFLECTION_BUFFERS UNITY_NO_SCREENSPACE_SHADOWS UNITY_PBS_USE_BRDF3 UNITY_SPECCUBE_BOX_PROJECTION SHADER_API_DESKTOP UNITY_COLORSPACE_GAMMA UNITY_LIGHTMAP_RGBM_ENCODING ok=1
Cmd: preprocess
  insize=7037 outsize=1581 ok=1
Cmd: compileSnippet
  error: 1 plat 4 at (73): Output value 'vert' is not completely initialized\nCompiling Vertex program with UNITY_PASS_FORWARDBASE DIRECTIONAL
Platform defines: UNITY_ENABLE_REFLECTION_BUFFERS UNITY_USE_DITHER_MASK_FOR_ALPHABLENDED_SHADOWS UNITY_PBS_USE_BRDF1 UNITY_SPECCUBE_BOX_PROJECTION UNITY_SPECCUBE_BLENDING UNITY_ENABLE_DETAIL_NORMALMAP SHADER_API_DESKTOP UNITY_COLORSPACE_GAMMA UNITY_LIGHT_PROBE_PROXY_VOLUME UNITY_LIGHTMAP_RGBM_ENCODING
  api=4 type=0 insize=5539 outsize=1810 kw=UNITY_PASS_FORWARDBASE DIRECTIONAL pd=UNITY_ENABLE_REFLECTION_BUFFERS UNITY_USE_DITHER_MASK_FOR_ALPHABLENDED_SHADOWS UNITY_PBS_USE_BRDF1 UNITY_SPECCUBE_BOX_PROJECTION UNITY_SPECCUBE_BLENDING UNITY_ENABLE_DETAIL_NORMALMAP SHADER_API_DESKTOP UNITY_COLORSPACE_GAMMA UNITY_LIGHT_PROBE_PROXY_VOLUME UNITY_LIGHTMAP_RGBM_ENCODING ok=1
Cmd: compileSnippet
  api=4 type=1 insize=5539 outsize=2454 kw=UNITY_PASS_FORWARDBASE DIRECTIONAL pd=UNITY_ENABLE_REFLECTION_BUFFERS UNITY_USE_DITHER_MASK_FOR_ALPHABLENDED_SHADOWS UNITY_PBS_USE_BRDF1 UNITY_SPECCUBE_BOX_PROJECTION UNITY_SPECCUBE_BLENDING UNITY_ENABLE_DETAIL_NORMALMAP SHADER_API_DESKTOP UNITY_COLORSPACE_GAMMA UNITY_LIGHT_PROBE_PROXY_VOLUME UNITY_LIGHTMAP_RGBM_ENCODING ok=1
Cmd: compileSnippet
  error: 1 plat 4 at (73): Output value 'vert' is not completely initialized\nCompiling Vertex program with UNITY_PASS_FORWARDBASE DIRECTIONAL LIGHTMAP_ON
Platform defines: UNITY_ENABLE_REFLECTION_BUFFERS UNITY_NO_SCREENSPACE_SHADOWS UNITY_PBS_USE_BRDF3 UNITY_SPECCUBE_BOX_PROJECTION SHADER_API_DESKTOP UNITY_COLORSPACE_GAMMA UNITY_LIGHTMAP_RGBM_ENCODING
  api=4 type=0 insize=5539 outsize=1810 kw=UNITY_PASS_FORWARDBASE DIRECTIONAL LIGHTMAP_ON pd=UNITY_ENABLE_REFLECTION_BUFFERS UNITY_NO_SCREENSPACE_SHADOWS UNITY_PBS_USE_BRDF3 UNITY_SPECCUBE_BOX_PROJECTION SHADER_API_DESKTOP UNITY_COLORSPACE_GAMMA UNITY_LIGHTMAP_RGBM_ENCODING ok=1
Cmd: compileSnippet
  api=4 type=1 insize=5539 outsize=2454 kw=UNITY_PASS_FORWARDBASE DIRECTIONAL LIGHTMAP_ON pd=UNITY_ENABLE_REFLECTION_BUFFERS UNITY_NO_SCREENSPACE_SHADOWS UNITY_PBS_USE_BRDF3 UNITY_SPECCUBE_BOX_PROJECTION SHADER_API_DESKTOP UNITY_COLORSPACE_GAMMA UNITY_LIGHTMAP_RGBM_ENCODING ok=1
Cmd: compileSnippet
  api=4 type=0 insize=5539 outsize=2030 kw=UNITY_PASS_FORWARDBASE DIRECTIONAL SHADOWS_SCREEN LIGHTMAP_ON LIGHTMAP_SHADOW_MIXING pd=UNITY_ENABLE_REFLECTION_BUFFERS UNITY_NO_SCREENSPACE_SHADOWS UNITY_PBS_USE_BRDF3 UNITY_SPECCUBE_BOX_PROJECTION SHADER_API_DESKTOP UNITY_COLORSPACE_GAMMA UNITY_LIGHTMAP_RGBM_ENCODING ok=1
Cmd: compileSnippet
  api=4 type=1 insize=5539 outsize=2454 kw=UNITY_PASS_FORWARDBASE DIRECTIONAL SHADOWS_SCREEN LIGHTMAP_ON LIGHTMAP_SHADOW_MIXING pd=UNITY_ENABLE_REFLECTION_BUFFERS UNITY_NO_SCREENSPACE_SHADOWS UNITY_PBS_USE_BRDF3 UNITY_SPECCUBE_BOX_PROJECTION SHADER_API_DESKTOP UNITY_COLORSPACE_GAMMA UNITY_LIGHTMAP_RGBM_ENCODING ok=1
Cmd: preprocess
  insize=7037 outsize=1581 ok=1
Cmd: compileSnippet
  error: 1 plat 4 at (73): Output value 'vert' is not completely initialized\nCompiling Vertex program with UNITY_PASS_FORWARDBASE DIRECTIONAL
Platform defines: UNITY_ENABLE_REFLECTION_BUFFERS UNITY_USE_DITHER_MASK_FOR_ALPHABLENDED_SHADOWS UNITY_PBS_USE_BRDF1 UNITY_SPECCUBE_BOX_PROJECTION UNITY_SPECCUBE_BLENDING UNITY_ENABLE_DETAIL_NORMALMAP SHADER_API_DESKTOP UNITY_COLORSPACE_GAMMA UNITY_LIGHT_PROBE_PROXY_VOLUME UNITY_LIGHTMAP_RGBM_ENCODING
  api=4 type=0 insize=5539 outsize=1810 kw=UNITY_PASS_FORWARDBASE DIRECTIONAL pd=UNITY_ENABLE_REFLECTION_BUFFERS UNITY_USE_DITHER_MASK_FOR_ALPHABLENDED_SHADOWS UNITY_PBS_USE_BRDF1 UNITY_SPECCUBE_BOX_PROJECTION UNITY_SPECCUBE_BLENDING UNITY_ENABLE_DETAIL_NORMALMAP SHADER_API_DESKTOP UNITY_COLORSPACE_GAMMA UNITY_LIGHT_PROBE_PROXY_VOLUME UNITY_LIGHTMAP_RGBM_ENCODING ok=1
Cmd: compileSnippet
  api=4 type=1 insize=5539 outsize=2434 kw=UNITY_PASS_FORWARDBASE DIRECTIONAL pd=UNITY_ENABLE_REFLECTION_BUFFERS UNITY_USE_DITHER_MASK_FOR_ALPHABLENDED_SHADOWS UNITY_PBS_USE_BRDF1 UNITY_SPECCUBE_BOX_PROJECTION UNITY_SPECCUBE_BLENDING UNITY_ENABLE_DETAIL_NORMALMAP SHADER_API_DESKTOP UNITY_COLORSPACE_GAMMA UNITY_LIGHT_PROBE_PROXY_VOLUME UNITY_LIGHTMAP_RGBM_ENCODING ok=1
Cmd: compileSnippet
  error: 1 plat 4 at (73): Output value 'vert' is not completely initialized\nCompiling Vertex program with UNITY_PASS_FORWARDBASE DIRECTIONAL LIGHTMAP_ON
Platform defines: UNITY_ENABLE_REFLECTION_BUFFERS UNITY_NO_SCREENSPACE_SHADOWS UNITY_PBS_USE_BRDF3 UNITY_SPECCUBE_BOX_PROJECTION SHADER_API_DESKTOP UNITY_COLORSPACE_GAMMA UNITY_LIGHTMAP_RGBM_ENCODING
  api=4 type=0 insize=5539 outsize=1810 kw=UNITY_PASS_FORWARDBASE DIRECTIONAL LIGHTMAP_ON pd=UNITY_ENABLE_REFLECTION_BUFFERS UNITY_NO_SCREENSPACE_SHADOWS UNITY_PBS_USE_BRDF3 UNITY_SPECCUBE_BOX_PROJECTION SHADER_API_DESKTOP UNITY_COLORSPACE_GAMMA UNITY_LIGHTMAP_RGBM_ENCODING ok=1
Cmd: compileSnippet
  api=4 type=1 insize=5539 outsize=2434 kw=UNITY_PASS_FORWARDBASE DIRECTIONAL LIGHTMAP_ON pd=UNITY_ENABLE_REFLECTION_BUFFERS UNITY_NO_SCREENSPACE_SHADOWS UNITY_PBS_USE_BRDF3 UNITY_SPECCUBE_BOX_PROJECTION SHADER_API_DESKTOP UNITY_COLORSPACE_GAMMA UNITY_LIGHTMAP_RGBM_ENCODING ok=1
Cmd: compileSnippet
  api=4 type=0 insize=5539 outsize=2030 kw=UNITY_PASS_FORWARDBASE DIRECTIONAL SHADOWS_SCREEN LIGHTMAP_ON LIGHTMAP_SHADOW_MIXING pd=UNITY_ENABLE_REFLECTION_BUFFERS UNITY_NO_SCREENSPACE_SHADOWS UNITY_PBS_USE_BRDF3 UNITY_SPECCUBE_BOX_PROJECTION SHADER_API_DESKTOP UNITY_COLORSPACE_GAMMA UNITY_LIGHTMAP_RGBM_ENCODING ok=1
Cmd: compileSnippet
  api=4 type=1 insize=5539 outsize=2434 kw=UNITY_PASS_FORWARDBASE DIRECTIONAL SHADOWS_SCREEN LIGHTMAP_ON LIGHTMAP_SHADOW_MIXING pd=UNITY_ENABLE_REFLECTION_BUFFERS UNITY_NO_SCREENSPACE_SHADOWS UNITY_PBS_USE_BRDF3 UNITY_SPECCUBE_BOX_PROJECTION SHADER_API_DESKTOP UNITY_COLORSPACE_GAMMA UNITY_LIGHTMAP_RGBM_ENCODING ok=1
Cmd: preprocess
  insize=7041 outsize=1581 ok=1
Cmd: compileSnippet
  error: 1 plat 4 at (73): Output value 'vert' is not completely initialized\nCompiling Vertex program with UNITY_PASS_FORWARDBASE DIRECTIONAL
Platform defines: UNITY_ENABLE_REFLECTION_BUFFERS UNITY_USE_DITHER_MASK_FOR_ALPHABLENDED_SHADOWS UNITY_PBS_USE_BRDF1 UNITY_SPECCUBE_BOX_PROJECTION UNITY_SPECCUBE_BLENDING UNITY_ENABLE_DETAIL_NORMALMAP SHADER_API_DESKTOP UNITY_COLORSPACE_GAMMA UNITY_LIGHT_PROBE_PROXY_VOLUME UNITY_LIGHTMAP_RGBM_ENCODING
  api=4 type=0 insize=5543 outsize=1810 kw=UNITY_PASS_FORWARDBASE DIRECTIONAL pd=UNITY_ENABLE_REFLECTION_BUFFERS UNITY_USE_DITHER_MASK_FOR_ALPHABLENDED_SHADOWS UNITY_PBS_USE_BRDF1 UNITY_SPECCUBE_BOX_PROJECTION UNITY_SPECCUBE_BLENDING UNITY_ENABLE_DETAIL_NORMALMAP SHADER_API_DESKTOP UNITY_COLORSPACE_GAMMA UNITY_LIGHT_PROBE_PROXY_VOLUME UNITY_LIGHTMAP_RGBM_ENCODING ok=1
Cmd: compileSnippet
  api=4 type=1 insize=5543 outsize=2158 kw=UNITY_PASS_FORWARDBASE DIRECTIONAL pd=UNITY_ENABLE_REFLECTION_BUFFERS UNITY_USE_DITHER_MASK_FOR_ALPHABLENDED_SHADOWS UNITY_PBS_USE_BRDF1 UNITY_SPECCUBE_BOX_PROJECTION UNITY_SPECCUBE_BLENDING UNITY_ENABLE_DETAIL_NORMALMAP SHADER_API_DESKTOP UNITY_COLORSPACE_GAMMA UNITY_LIGHT_PROBE_PROXY_VOLUME UNITY_LIGHTMAP_RGBM_ENCODING ok=1
Cmd: compileSnippet
  error: 1 plat 4 at (73): Output value 'vert' is not completely initialized\nCompiling Vertex program with UNITY_PASS_FORWARDBASE DIRECTIONAL LIGHTMAP_ON
Platform defines: UNITY_ENABLE_REFLECTION_BUFFERS UNITY_NO_SCREENSPACE_SHADOWS UNITY_PBS_USE_BRDF3 UNITY_SPECCUBE_BOX_PROJECTION SHADER_API_DESKTOP UNITY_COLORSPACE_GAMMA UNITY_LIGHTMAP_RGBM_ENCODING
  api=4 type=0 insize=5543 outsize=1810 kw=UNITY_PASS_FORWARDBASE DIRECTIONAL LIGHTMAP_ON pd=UNITY_ENABLE_REFLECTION_BUFFERS UNITY_NO_SCREENSPACE_SHADOWS UNITY_PBS_USE_BRDF3 UNITY_SPECCUBE_BOX_PROJECTION SHADER_API_DESKTOP UNITY_COLORSPACE_GAMMA UNITY_LIGHTMAP_RGBM_ENCODING ok=1
Cmd: compileSnippet
  api=4 type=1 insize=5543 outsize=2158 kw=UNITY_PASS_FORWARDBASE DIRECTIONAL LIGHTMAP_ON pd=UNITY_ENABLE_REFLECTION_BUFFERS UNITY_NO_SCREENSPACE_SHADOWS UNITY_PBS_USE_BRDF3 UNITY_SPECCUBE_BOX_PROJECTION SHADER_API_DESKTOP UNITY_COLORSPACE_GAMMA UNITY_LIGHTMAP_RGBM_ENCODING ok=1
Cmd: compileSnippet
  api=4 type=0 insize=5543 outsize=2030 kw=UNITY_PASS_FORWARDBASE DIRECTIONAL SHADOWS_SCREEN LIGHTMAP_ON LIGHTMAP_SHADOW_MIXING pd=UNITY_ENABLE_REFLECTION_BUFFERS UNITY_NO_SCREENSPACE_SHADOWS UNITY_PBS_USE_BRDF3 UNITY_SPECCUBE_BOX_PROJECTION SHADER_API_DESKTOP UNITY_COLORSPACE_GAMMA UNITY_LIGHTMAP_RGBM_ENCODING ok=1
Cmd: compileSnippet
  api=4 type=1 insize=5543 outsize=2158 kw=UNITY_PASS_FORWARDBASE DIRECTIONAL SHADOWS_SCREEN LIGHTMAP_ON LIGHTMAP_SHADOW_MIXING pd=UNITY_ENABLE_REFLECTION_BUFFERS UNITY_NO_SCREENSPACE_SHADOWS UNITY_PBS_USE_BRDF3 UNITY_SPECCUBE_BOX_PROJECTION SHADER_API_DESKTOP UNITY_COLORSPACE_GAMMA UNITY_LIGHTMAP_RGBM_ENCODING ok=1
Cmd: compileSnippet
  error: 1 plat 4 at (73): Output value 'vert' is not completely initialized\nCompiling Vertex program with UNITY_PASS_FORWARDBASE DIRECTIONAL
Platform defines: UNITY_ENABLE_REFLECTION_BUFFERS UNITY_NO_SCREENSPACE_SHADOWS UNITY_PBS_USE_BRDF3 UNITY_SPECCUBE_BOX_PROJECTION SHADER_API_DESKTOP UNITY_COLORSPACE_GAMMA UNITY_LIGHTMAP_RGBM_ENCODING
  api=4 type=0 insize=5543 outsize=1810 kw=UNITY_PASS_FORWARDBASE DIRECTIONAL pd=UNITY_ENABLE_REFLECTION_BUFFERS UNITY_NO_SCREENSPACE_SHADOWS UNITY_PBS_USE_BRDF3 UNITY_SPECCUBE_BOX_PROJECTION SHADER_API_DESKTOP UNITY_COLORSPACE_GAMMA UNITY_LIGHTMAP_RGBM_ENCODING ok=1
Cmd: compileSnippet
  api=4 type=1 insize=5543 outsize=2158 kw=UNITY_PASS_FORWARDBASE DIRECTIONAL pd=UNITY_ENABLE_REFLECTION_BUFFERS UNITY_NO_SCREENSPACE_SHADOWS UNITY_PBS_USE_BRDF3 UNITY_SPECCUBE_BOX_PROJECTION SHADER_API_DESKTOP UNITY_COLORSPACE_GAMMA UNITY_LIGHTMAP_RGBM_ENCODING ok=1
Cmd: compileSnippet
  error: 1 plat 4 at (73): Output value 'vert' is not completely initialized\nCompiling Vertex program with UNITY_PASS_FORWARDBASE DIRECTIONAL LIGHTPROBE_SH
Platform defines: UNITY_ENABLE_REFLECTION_BUFFERS UNITY_NO_SCREENSPACE_SHADOWS UNITY_PBS_USE_BRDF3 UNITY_SPECCUBE_BOX_PROJECTION SHADER_API_DESKTOP UNITY_COLORSPACE_GAMMA UNITY_LIGHTMAP_RGBM_ENCODING
  api=4 type=0 insize=5543 outsize=1810 kw=UNITY_PASS_FORWARDBASE DIRECTIONAL LIGHTPROBE_SH pd=UNITY_ENABLE_REFLECTION_BUFFERS UNITY_NO_SCREENSPACE_SHADOWS UNITY_PBS_USE_BRDF3 UNITY_SPECCUBE_BOX_PROJECTION SHADER_API_DESKTOP UNITY_COLORSPACE_GAMMA UNITY_LIGHTMAP_RGBM_ENCODING ok=1
Cmd: compileSnippet
  api=4 type=1 insize=5543 outsize=2158 kw=UNITY_PASS_FORWARDBASE DIRECTIONAL LIGHTPROBE_SH pd=UNITY_ENABLE_REFLECTION_BUFFERS UNITY_NO_SCREENSPACE_SHADOWS UNITY_PBS_USE_BRDF3 UNITY_SPECCUBE_BOX_PROJECTION SHADER_API_DESKTOP UNITY_COLORSPACE_GAMMA UNITY_LIGHTMAP_RGBM_ENCODING ok=1
Cmd: preprocess
  insize=7100 outsize=1580 ok=1
Cmd: compileSnippet
  error: 1 plat 4 at (73): Output value 'vert' is not completely initialized\nCompiling Vertex program with UNITY_PASS_FORWARDBASE DIRECTIONAL
Platform defines: UNITY_ENABLE_REFLECTION_BUFFERS UNITY_USE_DITHER_MASK_FOR_ALPHABLENDED_SHADOWS UNITY_PBS_USE_BRDF1 UNITY_SPECCUBE_BOX_PROJECTION UNITY_SPECCUBE_BLENDING UNITY_ENABLE_DETAIL_NORMALMAP SHADER_API_DESKTOP UNITY_COLORSPACE_GAMMA UNITY_LIGHT_PROBE_PROXY_VOLUME UNITY_LIGHTMAP_RGBM_ENCODING
  api=4 type=0 insize=5602 outsize=1810 kw=UNITY_PASS_FORWARDBASE DIRECTIONAL pd=UNITY_ENABLE_REFLECTION_BUFFERS UNITY_USE_DITHER_MASK_FOR_ALPHABLENDED_SHADOWS UNITY_PBS_USE_BRDF1 UNITY_SPECCUBE_BOX_PROJECTION UNITY_SPECCUBE_BLENDING UNITY_ENABLE_DETAIL_NORMALMAP SHADER_API_DESKTOP UNITY_COLORSPACE_GAMMA UNITY_LIGHT_PROBE_PROXY_VOLUME UNITY_LIGHTMAP_RGBM_ENCODING ok=1
Cmd: compileSnippet
  api=4 type=1 insize=5602 outsize=2158 kw=UNITY_PASS_FORWARDBASE DIRECTIONAL pd=UNITY_ENABLE_REFLECTION_BUFFERS UNITY_USE_DITHER_MASK_FOR_ALPHABLENDED_SHADOWS UNITY_PBS_USE_BRDF1 UNITY_SPECCUBE_BOX_PROJECTION UNITY_SPECCUBE_BLENDING UNITY_ENABLE_DETAIL_NORMALMAP SHADER_API_DESKTOP UNITY_COLORSPACE_GAMMA UNITY_LIGHT_PROBE_PROXY_VOLUME UNITY_LIGHTMAP_RGBM_ENCODING ok=1
Cmd: compileSnippet
  error: 1 plat 4 at (73): Output value 'vert' is not completely initialized\nCompiling Vertex program with UNITY_PASS_FORWARDBASE DIRECTIONAL LIGHTMAP_ON
Platform defines: UNITY_ENABLE_REFLECTION_BUFFERS UNITY_NO_SCREENSPACE_SHADOWS UNITY_PBS_USE_BRDF3 UNITY_SPECCUBE_BOX_PROJECTION SHADER_API_DESKTOP UNITY_COLORSPACE_GAMMA UNITY_LIGHTMAP_RGBM_ENCODING
  api=4 type=0 insize=5602 outsize=1810 kw=UNITY_PASS_FORWARDBASE DIRECTIONAL LIGHTMAP_ON pd=UNITY_ENABLE_REFLECTION_BUFFERS UNITY_NO_SCREENSPACE_SHADOWS UNITY_PBS_USE_BRDF3 UNITY_SPECCUBE_BOX_PROJECTION SHADER_API_DESKTOP UNITY_COLORSPACE_GAMMA UNITY_LIGHTMAP_RGBM_ENCODING ok=1
Cmd: compileSnippet
  api=4 type=1 insize=5602 outsize=2158 kw=UNITY_PASS_FORWARDBASE DIRECTIONAL LIGHTMAP_ON pd=UNITY_ENABLE_REFLECTION_BUFFERS UNITY_NO_SCREENSPACE_SHADOWS UNITY_PBS_USE_BRDF3 UNITY_SPECCUBE_BOX_PROJECTION SHADER_API_DESKTOP UNITY_COLORSPACE_GAMMA UNITY_LIGHTMAP_RGBM_ENCODING ok=1
Cmd: compileSnippet
  error: 1 plat 4 at (73): Output value 'vert' is not completely initialized\nCompiling Vertex program with UNITY_PASS_FORWARDBASE DIRECTIONAL
Platform defines: UNITY_ENABLE_REFLECTION_BUFFERS UNITY_NO_SCREENSPACE_SHADOWS UNITY_PBS_USE_BRDF3 UNITY_SPECCUBE_BOX_PROJECTION SHADER_API_DESKTOP UNITY_COLORSPACE_GAMMA UNITY_LIGHTMAP_RGBM_ENCODING
  api=4 type=0 insize=5602 outsize=1810 kw=UNITY_PASS_FORWARDBASE DIRECTIONAL pd=UNITY_ENABLE_REFLECTION_BUFFERS UNITY_NO_SCREENSPACE_SHADOWS UNITY_PBS_USE_BRDF3 UNITY_SPECCUBE_BOX_PROJECTION SHADER_API_DESKTOP UNITY_COLORSPACE_GAMMA UNITY_LIGHTMAP_RGBM_ENCODING ok=1
Cmd: compileSnippet
  api=4 type=1 insize=5602 outsize=2158 kw=UNITY_PASS_FORWARDBASE DIRECTIONAL pd=UNITY_ENABLE_REFLECTION_BUFFERS UNITY_NO_SCREENSPACE_SHADOWS UNITY_PBS_USE_BRDF3 UNITY_SPECCUBE_BOX_PROJECTION SHADER_API_DESKTOP UNITY_COLORSPACE_GAMMA UNITY_LIGHTMAP_RGBM_ENCODING ok=1
Cmd: compileSnippet
  error: 1 plat 4 at (73): Output value 'vert' is not completely initialized\nCompiling Vertex program with UNITY_PASS_FORWARDBASE DIRECTIONAL LIGHTPROBE_SH
Platform defines: UNITY_ENABLE_REFLECTION_BUFFERS UNITY_NO_SCREENSPACE_SHADOWS UNITY_PBS_USE_BRDF3 UNITY_SPECCUBE_BOX_PROJECTION SHADER_API_DESKTOP UNITY_COLORSPACE_GAMMA UNITY_LIGHTMAP_RGBM_ENCODING
  api=4 type=0 insize=5602 outsize=1810 kw=UNITY_PASS_FORWARDBASE DIRECTIONAL LIGHTPROBE_SH pd=UNITY_ENABLE_REFLECTION_BUFFERS UNITY_NO_SCREENSPACE_SHADOWS UNITY_PBS_USE_BRDF3 UNITY_SPECCUBE_BOX_PROJECTION SHADER_API_DESKTOP UNITY_COLORSPACE_GAMMA UNITY_LIGHTMAP_RGBM_ENCODING ok=1
Cmd: compileSnippet
  api=4 type=1 insize=5602 outsize=2158 kw=UNITY_PASS_FORWARDBASE DIRECTIONAL LIGHTPROBE_SH pd=UNITY_ENABLE_REFLECTION_BUFFERS UNITY_NO_SCREENSPACE_SHADOWS UNITY_PBS_USE_BRDF3 UNITY_SPECCUBE_BOX_PROJECTION SHADER_API_DESKTOP UNITY_COLORSPACE_GAMMA UNITY_LIGHTMAP_RGBM_ENCODING ok=1
Cmd: compileSnippet
  api=4 type=0 insize=5602 outsize=2030 kw=UNITY_PASS_FORWARDBASE DIRECTIONAL SHADOWS_SCREEN LIGHTMAP_ON LIGHTMAP_SHADOW_MIXING pd=UNITY_ENABLE_REFLECTION_BUFFERS UNITY_NO_SCREENSPACE_SHADOWS UNITY_PBS_USE_BRDF3 UNITY_SPECCUBE_BOX_PROJECTION SHADER_API_DESKTOP UNITY_COLORSPACE_GAMMA UNITY_LIGHTMAP_RGBM_ENCODING ok=1
Cmd: compileSnippet
  api=4 type=1 insize=5602 outsize=2158 kw=UNITY_PASS_FORWARDBASE DIRECTIONAL SHADOWS_SCREEN LIGHTMAP_ON LIGHTMAP_SHADOW_MIXING pd=UNITY_ENABLE_REFLECTION_BUFFERS UNITY_NO_SCREENSPACE_SHADOWS UNITY_PBS_USE_BRDF3 UNITY_SPECCUBE_BOX_PROJECTION SHADER_API_DESKTOP UNITY_COLORSPACE_GAMMA UNITY_LIGHTMAP_RGBM_ENCODING ok=1
Cmd: preprocess
  insize=7110 outsize=1580 ok=1
Cmd: compileSnippet
  error: 1 plat 4 at (73): Output value 'vert' is not completely initialized\nCompiling Vertex program with UNITY_PASS_FORWARDBASE DIRECTIONAL
Platform defines: UNITY_ENABLE_REFLECTION_BUFFERS UNITY_USE_DITHER_MASK_FOR_ALPHABLENDED_SHADOWS UNITY_PBS_USE_BRDF1 UNITY_SPECCUBE_BOX_PROJECTION UNITY_SPECCUBE_BLENDING UNITY_ENABLE_DETAIL_NORMALMAP SHADER_API_DESKTOP UNITY_COLORSPACE_GAMMA UNITY_LIGHT_PROBE_PROXY_VOLUME UNITY_LIGHTMAP_RGBM_ENCODING
  api=4 type=0 insize=5612 outsize=1810 kw=UNITY_PASS_FORWARDBASE DIRECTIONAL pd=UNITY_ENABLE_REFLECTION_BUFFERS UNITY_USE_DITHER_MASK_FOR_ALPHABLENDED_SHADOWS UNITY_PBS_USE_BRDF1 UNITY_SPECCUBE_BOX_PROJECTION UNITY_SPECCUBE_BLENDING UNITY_ENABLE_DETAIL_NORMALMAP SHADER_API_DESKTOP UNITY_COLORSPACE_GAMMA UNITY_LIGHT_PROBE_PROXY_VOLUME UNITY_LIGHTMAP_RGBM_ENCODING ok=1
Cmd: compileSnippet
  api=4 type=1 insize=5612 outsize=966 kw=UNITY_PASS_FORWARDBASE DIRECTIONAL pd=UNITY_ENABLE_REFLECTION_BUFFERS UNITY_USE_DITHER_MASK_FOR_ALPHABLENDED_SHADOWS UNITY_PBS_USE_BRDF1 UNITY_SPECCUBE_BOX_PROJECTION UNITY_SPECCUBE_BLENDING UNITY_ENABLE_DETAIL_NORMALMAP SHADER_API_DESKTOP UNITY_COLORSPACE_GAMMA UNITY_LIGHT_PROBE_PROXY_VOLUME UNITY_LIGHTMAP_RGBM_ENCODING ok=1
Cmd: compileSnippet
  api=4 type=0 insize=5612 outsize=2030 kw=UNITY_PASS_FORWARDBASE DIRECTIONAL SHADOWS_SCREEN LIGHTMAP_ON LIGHTMAP_SHADOW_MIXING pd=UNITY_ENABLE_REFLECTION_BUFFERS UNITY_NO_SCREENSPACE_SHADOWS UNITY_PBS_USE_BRDF3 UNITY_SPECCUBE_BOX_PROJECTION SHADER_API_DESKTOP UNITY_COLORSPACE_GAMMA UNITY_LIGHTMAP_RGBM_ENCODING ok=1
Cmd: compileSnippet
  api=4 type=1 insize=5612 outsize=966 kw=UNITY_PASS_FORWARDBASE DIRECTIONAL SHADOWS_SCREEN LIGHTMAP_ON LIGHTMAP_SHADOW_MIXING pd=UNITY_ENABLE_REFLECTION_BUFFERS UNITY_NO_SCREENSPACE_SHADOWS UNITY_PBS_USE_BRDF3 UNITY_SPECCUBE_BOX_PROJECTION SHADER_API_DESKTOP UNITY_COLORSPACE_GAMMA UNITY_LIGHTMAP_RGBM_ENCODING ok=1
Cmd: compileSnippet
  error: 1 plat 4 at (73): Output value 'vert' is not completely initialized\nCompiling Vertex program with UNITY_PASS_FORWARDBASE DIRECTIONAL
Platform defines: UNITY_ENABLE_REFLECTION_BUFFERS UNITY_NO_SCREENSPACE_SHADOWS UNITY_PBS_USE_BRDF3 UNITY_SPECCUBE_BOX_PROJECTION SHADER_API_DESKTOP UNITY_COLORSPACE_GAMMA UNITY_LIGHTMAP_RGBM_ENCODING
  api=4 type=0 insize=5612 outsize=1810 kw=UNITY_PASS_FORWARDBASE DIRECTIONAL pd=UNITY_ENABLE_REFLECTION_BUFFERS UNITY_NO_SCREENSPACE_SHADOWS UNITY_PBS_USE_BRDF3 UNITY_SPECCUBE_BOX_PROJECTION SHADER_API_DESKTOP UNITY_COLORSPACE_GAMMA UNITY_LIGHTMAP_RGBM_ENCODING ok=1
Cmd: compileSnippet
  api=4 type=1 insize=5612 outsize=966 kw=UNITY_PASS_FORWARDBASE DIRECTIONAL pd=UNITY_ENABLE_REFLECTION_BUFFERS UNITY_NO_SCREENSPACE_SHADOWS UNITY_PBS_USE_BRDF3 UNITY_SPECCUBE_BOX_PROJECTION SHADER_API_DESKTOP UNITY_COLORSPACE_GAMMA UNITY_LIGHTMAP_RGBM_ENCODING ok=1
Cmd: compileSnippet
  error: 1 plat 4 at (73): Output value 'vert' is not completely initialized\nCompiling Vertex program with UNITY_PASS_FORWARDBASE DIRECTIONAL LIGHTPROBE_SH
Platform defines: UNITY_ENABLE_REFLECTION_BUFFERS UNITY_NO_SCREENSPACE_SHADOWS UNITY_PBS_USE_BRDF3 UNITY_SPECCUBE_BOX_PROJECTION SHADER_API_DESKTOP UNITY_COLORSPACE_GAMMA UNITY_LIGHTMAP_RGBM_ENCODING
  api=4 type=0 insize=5612 outsize=1810 kw=UNITY_PASS_FORWARDBASE DIRECTIONAL LIGHTPROBE_SH pd=UNITY_ENABLE_REFLECTION_BUFFERS UNITY_NO_SCREENSPACE_SHADOWS UNITY_PBS_USE_BRDF3 UNITY_SPECCUBE_BOX_PROJECTION SHADER_API_DESKTOP UNITY_COLORSPACE_GAMMA UNITY_LIGHTMAP_RGBM_ENCODING ok=1
Cmd: compileSnippet
  api=4 type=1 insize=5612 outsize=966 kw=UNITY_PASS_FORWARDBASE DIRECTIONAL LIGHTPROBE_SH pd=UNITY_ENABLE_REFLECTION_BUFFERS UNITY_NO_SCREENSPACE_SHADOWS UNITY_PBS_USE_BRDF3 UNITY_SPECCUBE_BOX_PROJECTION SHADER_API_DESKTOP UNITY_COLORSPACE_GAMMA UNITY_LIGHTMAP_RGBM_ENCODING ok=1
Cmd: preprocess
  insize=7113 outsize=1581 ok=1
Cmd: compileSnippet
  error: 2 plat 4 at (151): syntax error: unexpected token ';'\nCompiling Vertex program with UNITY_PASS_FORWARDBASE DIRECTIONAL
Platform defines: UNITY_ENABLE_REFLECTION_BUFFERS UNITY_USE_DITHER_MASK_FOR_ALPHABLENDED_SHADOWS UNITY_PBS_USE_BRDF1 UNITY_SPECCUBE_BOX_PROJECTION UNITY_SPECCUBE_BLENDING UNITY_ENABLE_DETAIL_NORMALMAP SHADER_API_DESKTOP UNITY_COLORSPACE_GAMMA UNITY_LIGHT_PROBE_PROXY_VOLUME UNITY_LIGHTMAP_RGBM_ENCODING
  api=4 type=0 insize=5615 outsize=0 kw=UNITY_PASS_FORWARDBASE DIRECTIONAL pd=UNITY_ENABLE_REFLECTION_BUFFERS UNITY_USE_DITHER_MASK_FOR_ALPHABLENDED_SHADOWS UNITY_PBS_USE_BRDF1 UNITY_SPECCUBE_BOX_PROJECTION UNITY_SPECCUBE_BLENDING UNITY_ENABLE_DETAIL_NORMALMAP SHADER_API_DESKTOP UNITY_COLORSPACE_GAMMA UNITY_LIGHT_PROBE_PROXY_VOLUME UNITY_LIGHTMAP_RGBM_ENCODING ok=0
Cmd: compileSnippet
  error: 2 plat 4 at (151): syntax error: unexpected token ';'\nCompiling Vertex program with UNITY_PASS_FORWARDBASE DIRECTIONAL SHADOWS_SCREEN LIGHTMAP_ON LIGHTMAP_SHADOW_MIXING
Platform defines: UNITY_ENABLE_REFLECTION_BUFFERS UNITY_NO_SCREENSPACE_SHADOWS UNITY_PBS_USE_BRDF3 UNITY_SPECCUBE_BOX_PROJECTION SHADER_API_DESKTOP UNITY_COLORSPACE_GAMMA UNITY_LIGHTMAP_RGBM_ENCODING
  api=4 type=0 insize=5615 outsize=0 kw=UNITY_PASS_FORWARDBASE DIRECTIONAL SHADOWS_SCREEN LIGHTMAP_ON LIGHTMAP_SHADOW_MIXING pd=UNITY_ENABLE_REFLECTION_BUFFERS UNITY_NO_SCREENSPACE_SHADOWS UNITY_PBS_USE_BRDF3 UNITY_SPECCUBE_BOX_PROJECTION SHADER_API_DESKTOP UNITY_COLORSPACE_GAMMA UNITY_LIGHTMAP_RGBM_ENCODING ok=0
Cmd: compileSnippet
  error: 2 plat 4 at (151): syntax error: unexpected token ';'\nCompiling Fragment program with UNITY_PASS_FORWARDBASE DIRECTIONAL SHADOWS_SCREEN LIGHTMAP_ON LIGHTMAP_SHADOW_MIXING
Platform defines: UNITY_ENABLE_REFLECTION_BUFFERS UNITY_NO_SCREENSPACE_SHADOWS UNITY_PBS_USE_BRDF3 UNITY_SPECCUBE_BOX_PROJECTION SHADER_API_DESKTOP UNITY_COLORSPACE_GAMMA UNITY_LIGHTMAP_RGBM_ENCODING
  api=4 type=1 insize=5615 outsize=0 kw=UNITY_PASS_FORWARDBASE DIRECTIONAL SHADOWS_SCREEN LIGHTMAP_ON LIGHTMAP_SHADOW_MIXING pd=UNITY_ENABLE_REFLECTION_BUFFERS UNITY_NO_SCREENSPACE_SHADOWS UNITY_PBS_USE_BRDF3 UNITY_SPECCUBE_BOX_PROJECTION SHADER_API_DESKTOP UNITY_COLORSPACE_GAMMA UNITY_LIGHTMAP_RGBM_ENCODING ok=0
Cmd: compileSnippet
  error: 2 plat 4 at (151): syntax error: unexpected token ';'\nCompiling Vertex program with UNITY_PASS_FORWARDBASE DIRECTIONAL SHADOWS_SCREEN LIGHTMAP_ON LIGHTMAP_SHADOW_MIXING
Platform defines: UNITY_ENABLE_REFLECTION_BUFFERS UNITY_NO_SCREENSPACE_SHADOWS UNITY_PBS_USE_BRDF3 UNITY_SPECCUBE_BOX_PROJECTION SHADER_API_DESKTOP UNITY_COLORSPACE_GAMMA UNITY_LIGHTMAP_RGBM_ENCODING
  api=4 type=0 insize=5615 outsize=0 kw=UNITY_PASS_FORWARDBASE DIRECTIONAL SHADOWS_SCREEN LIGHTMAP_ON LIGHTMAP_SHADOW_MIXING pd=UNITY_ENABLE_REFLECTION_BUFFERS UNITY_NO_SCREENSPACE_SHADOWS UNITY_PBS_USE_BRDF3 UNITY_SPECCUBE_BOX_PROJECTION SHADER_API_DESKTOP UNITY_COLORSPACE_GAMMA UNITY_LIGHTMAP_RGBM_ENCODING ok=0
Cmd: compileSnippet
  error: 2 plat 4 at (151): syntax error: unexpected token ';'\nCompiling Fragment program with UNITY_PASS_FORWARDBASE DIRECTIONAL SHADOWS_SCREEN LIGHTMAP_ON LIGHTMAP_SHADOW_MIXING
Platform defines: UNITY_ENABLE_REFLECTION_BUFFERS UNITY_NO_SCREENSPACE_SHADOWS UNITY_PBS_USE_BRDF3 UNITY_SPECCUBE_BOX_PROJECTION SHADER_API_DESKTOP UNITY_COLORSPACE_GAMMA UNITY_LIGHTMAP_RGBM_ENCODING
  api=4 type=1 insize=5615 outsize=0 kw=UNITY_PASS_FORWARDBASE DIRECTIONAL SHADOWS_SCREEN LIGHTMAP_ON LIGHTMAP_SHADOW_MIXING pd=UNITY_ENABLE_REFLECTION_BUFFERS UNITY_NO_SCREENSPACE_SHADOWS UNITY_PBS_USE_BRDF3 UNITY_SPECCUBE_BOX_PROJECTION SHADER_API_DESKTOP UNITY_COLORSPACE_GAMMA UNITY_LIGHTMAP_RGBM_ENCODING ok=0
Cmd: preprocess
  insize=7114 outsize=1580 ok=1
Cmd: compileSnippet
  error: 1 plat 4 at (73): Output value 'vert' is not completely initialized\nCompiling Vertex program with UNITY_PASS_FORWARDBASE DIRECTIONAL
Platform defines: UNITY_ENABLE_REFLECTION_BUFFERS UNITY_USE_DITHER_MASK_FOR_ALPHABLENDED_SHADOWS UNITY_PBS_USE_BRDF1 UNITY_SPECCUBE_BOX_PROJECTION UNITY_SPECCUBE_BLENDING UNITY_ENABLE_DETAIL_NORMALMAP SHADER_API_DESKTOP UNITY_COLORSPACE_GAMMA UNITY_LIGHT_PROBE_PROXY_VOLUME UNITY_LIGHTMAP_RGBM_ENCODING
  api=4 type=0 insize=5616 outsize=1810 kw=UNITY_PASS_FORWARDBASE DIRECTIONAL pd=UNITY_ENABLE_REFLECTION_BUFFERS UNITY_USE_DITHER_MASK_FOR_ALPHABLENDED_SHADOWS UNITY_PBS_USE_BRDF1 UNITY_SPECCUBE_BOX_PROJECTION UNITY_SPECCUBE_BLENDING UNITY_ENABLE_DETAIL_NORMALMAP SHADER_API_DESKTOP UNITY_COLORSPACE_GAMMA UNITY_LIGHT_PROBE_PROXY_VOLUME UNITY_LIGHTMAP_RGBM_ENCODING ok=1
Cmd: compileSnippet
  api=4 type=1 insize=5616 outsize=2518 kw=UNITY_PASS_FORWARDBASE DIRECTIONAL pd=UNITY_ENABLE_REFLECTION_BUFFERS UNITY_USE_DITHER_MASK_FOR_ALPHABLENDED_SHADOWS UNITY_PBS_USE_BRDF1 UNITY_SPECCUBE_BOX_PROJECTION UNITY_SPECCUBE_BLENDING UNITY_ENABLE_DETAIL_NORMALMAP SHADER_API_DESKTOP UNITY_COLORSPACE_GAMMA UNITY_LIGHT_PROBE_PROXY_VOLUME UNITY_LIGHTMAP_RGBM_ENCODING ok=1
Cmd: compileSnippet
  api=4 type=0 insize=5616 outsize=2030 kw=UNITY_PASS_FORWARDBASE DIRECTIONAL SHADOWS_SCREEN LIGHTMAP_ON LIGHTMAP_SHADOW_MIXING pd=UNITY_ENABLE_REFLECTION_BUFFERS UNITY_NO_SCREENSPACE_SHADOWS UNITY_PBS_USE_BRDF3 UNITY_SPECCUBE_BOX_PROJECTION SHADER_API_DESKTOP UNITY_COLORSPACE_GAMMA UNITY_LIGHTMAP_RGBM_ENCODING ok=1
Cmd: compileSnippet
  api=4 type=1 insize=5616 outsize=2518 kw=UNITY_PASS_FORWARDBASE DIRECTIONAL SHADOWS_SCREEN LIGHTMAP_ON LIGHTMAP_SHADOW_MIXING pd=UNITY_ENABLE_REFLECTION_BUFFERS UNITY_NO_SCREENSPACE_SHADOWS UNITY_PBS_USE_BRDF3 UNITY_SPECCUBE_BOX_PROJECTION SHADER_API_DESKTOP UNITY_COLORSPACE_GAMMA UNITY_LIGHTMAP_RGBM_ENCODING ok=1
Cmd: compileSnippet
  error: 1 plat 4 at (73): Output value 'vert' is not completely initialized\nCompiling Vertex program with UNITY_PASS_FORWARDBASE DIRECTIONAL
Platform defines: UNITY_ENABLE_REFLECTION_BUFFERS UNITY_NO_SCREENSPACE_SHADOWS UNITY_PBS_USE_BRDF3 UNITY_SPECCUBE_BOX_PROJECTION SHADER_API_DESKTOP UNITY_COLORSPACE_GAMMA UNITY_LIGHTMAP_RGBM_ENCODING
  api=4 type=0 insize=5616 outsize=1810 kw=UNITY_PASS_FORWARDBASE DIRECTIONAL pd=UNITY_ENABLE_REFLECTION_BUFFERS UNITY_NO_SCREENSPACE_SHADOWS UNITY_PBS_USE_BRDF3 UNITY_SPECCUBE_BOX_PROJECTION SHADER_API_DESKTOP UNITY_COLORSPACE_GAMMA UNITY_LIGHTMAP_RGBM_ENCODING ok=1
Cmd: compileSnippet
  api=4 type=1 insize=5616 outsize=2518 kw=UNITY_PASS_FORWARDBASE DIRECTIONAL pd=UNITY_ENABLE_REFLECTION_BUFFERS UNITY_NO_SCREENSPACE_SHADOWS UNITY_PBS_USE_BRDF3 UNITY_SPECCUBE_BOX_PROJECTION SHADER_API_DESKTOP UNITY_COLORSPACE_GAMMA UNITY_LIGHTMAP_RGBM_ENCODING ok=1
Cmd: compileSnippet
  error: 1 plat 4 at (73): Output value 'vert' is not completely initialized\nCompiling Vertex program with UNITY_PASS_FORWARDBASE DIRECTIONAL LIGHTPROBE_SH
Platform defines: UNITY_ENABLE_REFLECTION_BUFFERS UNITY_NO_SCREENSPACE_SHADOWS UNITY_PBS_USE_BRDF3 UNITY_SPECCUBE_BOX_PROJECTION SHADER_API_DESKTOP UNITY_COLORSPACE_GAMMA UNITY_LIGHTMAP_RGBM_ENCODING
  api=4 type=0 insize=5616 outsize=1810 kw=UNITY_PASS_FORWARDBASE DIRECTIONAL LIGHTPROBE_SH pd=UNITY_ENABLE_REFLECTION_BUFFERS UNITY_NO_SCREENSPACE_SHADOWS UNITY_PBS_USE_BRDF3 UNITY_SPECCUBE_BOX_PROJECTION SHADER_API_DESKTOP UNITY_COLORSPACE_GAMMA UNITY_LIGHTMAP_RGBM_ENCODING ok=1
Cmd: compileSnippet
  api=4 type=1 insize=5616 outsize=2518 kw=UNITY_PASS_FORWARDBASE DIRECTIONAL LIGHTPROBE_SH pd=UNITY_ENABLE_REFLECTION_BUFFERS UNITY_NO_SCREENSPACE_SHADOWS UNITY_PBS_USE_BRDF3 UNITY_SPECCUBE_BOX_PROJECTION SHADER_API_DESKTOP UNITY_COLORSPACE_GAMMA UNITY_LIGHTMAP_RGBM_ENCODING ok=1
Cmd: preprocess
  insize=7100 outsize=1581 ok=1
Cmd: compileSnippet
  error: 1 plat 4 at (73): Output value 'vert' is not completely initialized\nCompiling Vertex program with UNITY_PASS_FORWARDBASE DIRECTIONAL
Platform defines: UNITY_ENABLE_REFLECTION_BUFFERS UNITY_USE_DITHER_MASK_FOR_ALPHABLENDED_SHADOWS UNITY_PBS_USE_BRDF1 UNITY_SPECCUBE_BOX_PROJECTION UNITY_SPECCUBE_BLENDING UNITY_ENABLE_DETAIL_NORMALMAP SHADER_API_DESKTOP UNITY_COLORSPACE_GAMMA UNITY_LIGHT_PROBE_PROXY_VOLUME UNITY_LIGHTMAP_RGBM_ENCODING
  api=4 type=0 insize=5602 outsize=1810 kw=UNITY_PASS_FORWARDBASE DIRECTIONAL pd=UNITY_ENABLE_REFLECTION_BUFFERS UNITY_USE_DITHER_MASK_FOR_ALPHABLENDED_SHADOWS UNITY_PBS_USE_BRDF1 UNITY_SPECCUBE_BOX_PROJECTION UNITY_SPECCUBE_BLENDING UNITY_ENABLE_DETAIL_NORMALMAP SHADER_API_DESKTOP UNITY_COLORSPACE_GAMMA UNITY_LIGHT_PROBE_PROXY_VOLUME UNITY_LIGHTMAP_RGBM_ENCODING ok=1
Cmd: compileSnippet
  api=4 type=1 insize=5602 outsize=2518 kw=UNITY_PASS_FORWARDBASE DIRECTIONAL pd=UNITY_ENABLE_REFLECTION_BUFFERS UNITY_USE_DITHER_MASK_FOR_ALPHABLENDED_SHADOWS UNITY_PBS_USE_BRDF1 UNITY_SPECCUBE_BOX_PROJECTION UNITY_SPECCUBE_BLENDING UNITY_ENABLE_DETAIL_NORMALMAP SHADER_API_DESKTOP UNITY_COLORSPACE_GAMMA UNITY_LIGHT_PROBE_PROXY_VOLUME UNITY_LIGHTMAP_RGBM_ENCODING ok=1
Cmd: compileSnippet
  api=4 type=0 insize=5602 outsize=2030 kw=UNITY_PASS_FORWARDBASE DIRECTIONAL SHADOWS_SCREEN LIGHTMAP_ON LIGHTMAP_SHADOW_MIXING pd=UNITY_ENABLE_REFLECTION_BUFFERS UNITY_NO_SCREENSPACE_SHADOWS UNITY_PBS_USE_BRDF3 UNITY_SPECCUBE_BOX_PROJECTION SHADER_API_DESKTOP UNITY_COLORSPACE_GAMMA UNITY_LIGHTMAP_RGBM_ENCODING ok=1
Cmd: compileSnippet
  api=4 type=1 insize=5602 outsize=2518 kw=UNITY_PASS_FORWARDBASE DIRECTIONAL SHADOWS_SCREEN LIGHTMAP_ON LIGHTMAP_SHADOW_MIXING pd=UNITY_ENABLE_REFLECTION_BUFFERS UNITY_NO_SCREENSPACE_SHADOWS UNITY_PBS_USE_BRDF3 UNITY_SPECCUBE_BOX_PROJECTION SHADER_API_DESKTOP UNITY_COLORSPACE_GAMMA UNITY_LIGHTMAP_RGBM_ENCODING ok=1
Cmd: compileSnippet
  error: 1 plat 4 at (73): Output value 'vert' is not completely initialized\nCompiling Vertex program with UNITY_PASS_FORWARDBASE DIRECTIONAL
Platform defines: UNITY_ENABLE_REFLECTION_BUFFERS UNITY_NO_SCREENSPACE_SHADOWS UNITY_PBS_USE_BRDF3 UNITY_SPECCUBE_BOX_PROJECTION SHADER_API_DESKTOP UNITY_COLORSPACE_GAMMA UNITY_LIGHTMAP_RGBM_ENCODING
  api=4 type=0 insize=5602 outsize=1810 kw=UNITY_PASS_FORWARDBASE DIRECTIONAL pd=UNITY_ENABLE_REFLECTION_BUFFERS UNITY_NO_SCREENSPACE_SHADOWS UNITY_PBS_USE_BRDF3 UNITY_SPECCUBE_BOX_PROJECTION SHADER_API_DESKTOP UNITY_COLORSPACE_GAMMA UNITY_LIGHTMAP_RGBM_ENCODING ok=1
Cmd: compileSnippet
  api=4 type=1 insize=5602 outsize=2518 kw=UNITY_PASS_FORWARDBASE DIRECTIONAL pd=UNITY_ENABLE_REFLECTION_BUFFERS UNITY_NO_SCREENSPACE_SHADOWS UNITY_PBS_USE_BRDF3 UNITY_SPECCUBE_BOX_PROJECTION SHADER_API_DESKTOP UNITY_COLORSPACE_GAMMA UNITY_LIGHTMAP_RGBM_ENCODING ok=1
Cmd: compileSnippet
  error: 1 plat 4 at (73): Output value 'vert' is not completely initialized\nCompiling Vertex program with UNITY_PASS_FORWARDBASE DIRECTIONAL LIGHTPROBE_SH
Platform defines: UNITY_ENABLE_REFLECTION_BUFFERS UNITY_NO_SCREENSPACE_SHADOWS UNITY_PBS_USE_BRDF3 UNITY_SPECCUBE_BOX_PROJECTION SHADER_API_DESKTOP UNITY_COLORSPACE_GAMMA UNITY_LIGHTMAP_RGBM_ENCODING
  api=4 type=0 insize=5602 outsize=1810 kw=UNITY_PASS_FORWARDBASE DIRECTIONAL LIGHTPROBE_SH pd=UNITY_ENABLE_REFLECTION_BUFFERS UNITY_NO_SCREENSPACE_SHADOWS UNITY_PBS_USE_BRDF3 UNITY_SPECCUBE_BOX_PROJECTION SHADER_API_DESKTOP UNITY_COLORSPACE_GAMMA UNITY_LIGHTMAP_RGBM_ENCODING ok=1
Cmd: compileSnippet
  api=4 type=1 insize=5602 outsize=2518 kw=UNITY_PASS_FORWARDBASE DIRECTIONAL LIGHTPROBE_SH pd=UNITY_ENABLE_REFLECTION_BUFFERS UNITY_NO_SCREENSPACE_SHADOWS UNITY_PBS_USE_BRDF3 UNITY_SPECCUBE_BOX_PROJECTION SHADER_API_DESKTOP UNITY_COLORSPACE_GAMMA UNITY_LIGHTMAP_RGBM_ENCODING ok=1
Cmd: compileSnippet
  error: 1 plat 4 at (73): Output value 'vert' is not completely initialized\nCompiling Vertex program with UNITY_PASS_FORWARDBASE DIRECTIONAL LIGHTMAP_ON
Platform defines: UNITY_ENABLE_REFLECTION_BUFFERS UNITY_NO_SCREENSPACE_SHADOWS UNITY_PBS_USE_BRDF3 UNITY_SPECCUBE_BOX_PROJECTION SHADER_API_DESKTOP UNITY_COLORSPACE_GAMMA UNITY_LIGHTMAP_RGBM_ENCODING
  api=4 type=0 insize=5602 outsize=1810 kw=UNITY_PASS_FORWARDBASE DIRECTIONAL LIGHTMAP_ON pd=UNITY_ENABLE_REFLECTION_BUFFERS UNITY_NO_SCREENSPACE_SHADOWS UNITY_PBS_USE_BRDF3 UNITY_SPECCUBE_BOX_PROJECTION SHADER_API_DESKTOP UNITY_COLORSPACE_GAMMA UNITY_LIGHTMAP_RGBM_ENCODING ok=1
Cmd: compileSnippet
  api=4 type=1 insize=5602 outsize=2518 kw=UNITY_PASS_FORWARDBASE DIRECTIONAL LIGHTMAP_ON pd=UNITY_ENABLE_REFLECTION_BUFFERS UNITY_NO_SCREENSPACE_SHADOWS UNITY_PBS_USE_BRDF3 UNITY_SPECCUBE_BOX_PROJECTION SHADER_API_DESKTOP UNITY_COLORSPACE_GAMMA UNITY_LIGHTMAP_RGBM_ENCODING ok=1
Cmd: compileSnippet
  api=4 type=0 insize=836 outsize=1050 kw=UNITY_PASS_META _METALLICGLOSSMAP pd=UNITY_ENABLE_REFLECTION_BUFFERS UNITY_NO_SCREENSPACE_SHADOWS UNITY_PBS_USE_BRDF3 UNITY_SPECCUBE_BOX_PROJECTION SHADER_API_DESKTOP UNITY_COLORSPACE_GAMMA UNITY_LIGHTMAP_RGBM_ENCODING ok=1
Cmd: compileSnippet
  api=4 type=1 insize=836 outsize=826 kw=UNITY_PASS_META _METALLICGLOSSMAP pd=UNITY_ENABLE_REFLECTION_BUFFERS UNITY_NO_SCREENSPACE_SHADOWS UNITY_PBS_USE_BRDF3 UNITY_SPECCUBE_BOX_PROJECTION SHADER_API_DESKTOP UNITY_COLORSPACE_GAMMA UNITY_LIGHTMAP_RGBM_ENCODING ok=1
Cmd: initializeCompiler
Cmd: preprocess
  insize=7100 outsize=1581 ok=1
Cmd: compileSnippet
  error: 1 plat 4 at (73): Output value 'vert' is not completely initialized\nCompiling Vertex program with UNITY_PASS_FORWARDBASE DIRECTIONAL
Platform defines: UNITY_ENABLE_REFLECTION_BUFFERS UNITY_USE_DITHER_MASK_FOR_ALPHABLENDED_SHADOWS UNITY_PBS_USE_BRDF1 UNITY_SPECCUBE_BOX_PROJECTION UNITY_SPECCUBE_BLENDING UNITY_ENABLE_DETAIL_NORMALMAP SHADER_API_DESKTOP UNITY_COLORSPACE_GAMMA UNITY_LIGHT_PROBE_PROXY_VOLUME UNITY_LIGHTMAP_RGBM_ENCODING
  api=4 type=0 insize=5602 outsize=1810 kw=UNITY_PASS_FORWARDBASE DIRECTIONAL pd=UNITY_ENABLE_REFLECTION_BUFFERS UNITY_USE_DITHER_MASK_FOR_ALPHABLENDED_SHADOWS UNITY_PBS_USE_BRDF1 UNITY_SPECCUBE_BOX_PROJECTION UNITY_SPECCUBE_BLENDING UNITY_ENABLE_DETAIL_NORMALMAP SHADER_API_DESKTOP UNITY_COLORSPACE_GAMMA UNITY_LIGHT_PROBE_PROXY_VOLUME UNITY_LIGHTMAP_RGBM_ENCODING ok=1
Cmd: compileSnippet
  api=4 type=1 insize=5602 outsize=2526 kw=UNITY_PASS_FORWARDBASE DIRECTIONAL pd=UNITY_ENABLE_REFLECTION_BUFFERS UNITY_USE_DITHER_MASK_FOR_ALPHABLENDED_SHADOWS UNITY_PBS_USE_BRDF1 UNITY_SPECCUBE_BOX_PROJECTION UNITY_SPECCUBE_BLENDING UNITY_ENABLE_DETAIL_NORMALMAP SHADER_API_DESKTOP UNITY_COLORSPACE_GAMMA UNITY_LIGHT_PROBE_PROXY_VOLUME UNITY_LIGHTMAP_RGBM_ENCODING ok=1
Cmd: compileSnippet
  api=4 type=0 insize=5602 outsize=2030 kw=UNITY_PASS_FORWARDBASE DIRECTIONAL SHADOWS_SCREEN LIGHTMAP_ON LIGHTMAP_SHADOW_MIXING pd=UNITY_ENABLE_REFLECTION_BUFFERS UNITY_NO_SCREENSPACE_SHADOWS UNITY_PBS_USE_BRDF3 UNITY_SPECCUBE_BOX_PROJECTION SHADER_API_DESKTOP UNITY_COLORSPACE_GAMMA UNITY_LIGHTMAP_RGBM_ENCODING ok=1
Cmd: compileSnippet
  api=4 type=1 insize=5602 outsize=2526 kw=UNITY_PASS_FORWARDBASE DIRECTIONAL SHADOWS_SCREEN LIGHTMAP_ON LIGHTMAP_SHADOW_MIXING pd=UNITY_ENABLE_REFLECTION_BUFFERS UNITY_NO_SCREENSPACE_SHADOWS UNITY_PBS_USE_BRDF3 UNITY_SPECCUBE_BOX_PROJECTION SHADER_API_DESKTOP UNITY_COLORSPACE_GAMMA UNITY_LIGHTMAP_RGBM_ENCODING ok=1
Cmd: preprocess
  insize=7105 outsize=1581 ok=1
Cmd: compileSnippet
  error: 1 plat 4 at (73): Output value 'vert' is not completely initialized\nCompiling Vertex program with UNITY_PASS_FORWARDBASE DIRECTIONAL
Platform defines: UNITY_ENABLE_REFLECTION_BUFFERS UNITY_USE_DITHER_MASK_FOR_ALPHABLENDED_SHADOWS UNITY_PBS_USE_BRDF1 UNITY_SPECCUBE_BOX_PROJECTION UNITY_SPECCUBE_BLENDING UNITY_ENABLE_DETAIL_NORMALMAP SHADER_API_DESKTOP UNITY_COLORSPACE_GAMMA UNITY_LIGHT_PROBE_PROXY_VOLUME UNITY_LIGHTMAP_RGBM_ENCODING
  api=4 type=0 insize=5607 outsize=1810 kw=UNITY_PASS_FORWARDBASE DIRECTIONAL pd=UNITY_ENABLE_REFLECTION_BUFFERS UNITY_USE_DITHER_MASK_FOR_ALPHABLENDED_SHADOWS UNITY_PBS_USE_BRDF1 UNITY_SPECCUBE_BOX_PROJECTION UNITY_SPECCUBE_BLENDING UNITY_ENABLE_DETAIL_NORMALMAP SHADER_API_DESKTOP UNITY_COLORSPACE_GAMMA UNITY_LIGHT_PROBE_PROXY_VOLUME UNITY_LIGHTMAP_RGBM_ENCODING ok=1
Cmd: compileSnippet
  api=4 type=1 insize=5607 outsize=2506 kw=UNITY_PASS_FORWARDBASE DIRECTIONAL pd=UNITY_ENABLE_REFLECTION_BUFFERS UNITY_USE_DITHER_MASK_FOR_ALPHABLENDED_SHADOWS UNITY_PBS_USE_BRDF1 UNITY_SPECCUBE_BOX_PROJECTION UNITY_SPECCUBE_BLENDING UNITY_ENABLE_DETAIL_NORMALMAP SHADER_API_DESKTOP UNITY_COLORSPACE_GAMMA UNITY_LIGHT_PROBE_PROXY_VOLUME UNITY_LIGHTMAP_RGBM_ENCODING ok=1
Cmd: compileSnippet
  api=4 type=0 insize=5607 outsize=2030 kw=UNITY_PASS_FORWARDBASE DIRECTIONAL SHADOWS_SCREEN LIGHTMAP_ON LIGHTMAP_SHADOW_MIXING pd=UNITY_ENABLE_REFLECTION_BUFFERS UNITY_NO_SCREENSPACE_SHADOWS UNITY_PBS_USE_BRDF3 UNITY_SPECCUBE_BOX_PROJECTION SHADER_API_DESKTOP UNITY_COLORSPACE_GAMMA UNITY_LIGHTMAP_RGBM_ENCODING ok=1
Cmd: compileSnippet
  api=4 type=1 insize=5607 outsize=2506 kw=UNITY_PASS_FORWARDBASE DIRECTIONAL SHADOWS_SCREEN LIGHTMAP_ON LIGHTMAP_SHADOW_MIXING pd=UNITY_ENABLE_REFLECTION_BUFFERS UNITY_NO_SCREENSPACE_SHADOWS UNITY_PBS_USE_BRDF3 UNITY_SPECCUBE_BOX_PROJECTION SHADER_API_DESKTOP UNITY_COLORSPACE_GAMMA UNITY_LIGHTMAP_RGBM_ENCODING ok=1
Cmd: compileSnippet
  error: 1 plat 4 at (73): Output value 'vert' is not completely initialized\nCompiling Vertex program with UNITY_PASS_FORWARDBASE DIRECTIONAL
Platform defines: UNITY_ENABLE_REFLECTION_BUFFERS UNITY_NO_SCREENSPACE_SHADOWS UNITY_PBS_USE_BRDF3 UNITY_SPECCUBE_BOX_PROJECTION SHADER_API_DESKTOP UNITY_COLORSPACE_GAMMA UNITY_LIGHTMAP_RGBM_ENCODING
  api=4 type=0 insize=5607 outsize=1810 kw=UNITY_PASS_FORWARDBASE DIRECTIONAL pd=UNITY_ENABLE_REFLECTION_BUFFERS UNITY_NO_SCREENSPACE_SHADOWS UNITY_PBS_USE_BRDF3 UNITY_SPECCUBE_BOX_PROJECTION SHADER_API_DESKTOP UNITY_COLORSPACE_GAMMA UNITY_LIGHTMAP_RGBM_ENCODING ok=1
Cmd: compileSnippet
  api=4 type=1 insize=5607 outsize=2506 kw=UNITY_PASS_FORWARDBASE DIRECTIONAL pd=UNITY_ENABLE_REFLECTION_BUFFERS UNITY_NO_SCREENSPACE_SHADOWS UNITY_PBS_USE_BRDF3 UNITY_SPECCUBE_BOX_PROJECTION SHADER_API_DESKTOP UNITY_COLORSPACE_GAMMA UNITY_LIGHTMAP_RGBM_ENCODING ok=1
Cmd: compileSnippet
  error: 1 plat 4 at (73): Output value 'vert' is not completely initialized\nCompiling Vertex program with UNITY_PASS_FORWARDBASE DIRECTIONAL LIGHTPROBE_SH
Platform defines: UNITY_ENABLE_REFLECTION_BUFFERS UNITY_NO_SCREENSPACE_SHADOWS UNITY_PBS_USE_BRDF3 UNITY_SPECCUBE_BOX_PROJECTION SHADER_API_DESKTOP UNITY_COLORSPACE_GAMMA UNITY_LIGHTMAP_RGBM_ENCODING
  api=4 type=0 insize=5607 outsize=1810 kw=UNITY_PASS_FORWARDBASE DIRECTIONAL LIGHTPROBE_SH pd=UNITY_ENABLE_REFLECTION_BUFFERS UNITY_NO_SCREENSPACE_SHADOWS UNITY_PBS_USE_BRDF3 UNITY_SPECCUBE_BOX_PROJECTION SHADER_API_DESKTOP UNITY_COLORSPACE_GAMMA UNITY_LIGHTMAP_RGBM_ENCODING ok=1
Cmd: compileSnippet
  api=4 type=1 insize=5607 outsize=2506 kw=UNITY_PASS_FORWARDBASE DIRECTIONAL LIGHTPROBE_SH pd=UNITY_ENABLE_REFLECTION_BUFFERS UNITY_NO_SCREENSPACE_SHADOWS UNITY_PBS_USE_BRDF3 UNITY_SPECCUBE_BOX_PROJECTION SHADER_API_DESKTOP UNITY_COLORSPACE_GAMMA UNITY_LIGHTMAP_RGBM_ENCODING ok=1
Cmd: preprocess
  insize=7105 outsize=1581 ok=1
Cmd: compileSnippet
  error: 1 plat 4 at (73): Output value 'vert' is not completely initialized\nCompiling Vertex program with UNITY_PASS_FORWARDBASE DIRECTIONAL
Platform defines: UNITY_ENABLE_REFLECTION_BUFFERS UNITY_USE_DITHER_MASK_FOR_ALPHABLENDED_SHADOWS UNITY_PBS_USE_BRDF1 UNITY_SPECCUBE_BOX_PROJECTION UNITY_SPECCUBE_BLENDING UNITY_ENABLE_DETAIL_NORMALMAP SHADER_API_DESKTOP UNITY_COLORSPACE_GAMMA UNITY_LIGHT_PROBE_PROXY_VOLUME UNITY_LIGHTMAP_RGBM_ENCODING
  api=4 type=0 insize=5607 outsize=1810 kw=UNITY_PASS_FORWARDBASE DIRECTIONAL pd=UNITY_ENABLE_REFLECTION_BUFFERS UNITY_USE_DITHER_MASK_FOR_ALPHABLENDED_SHADOWS UNITY_PBS_USE_BRDF1 UNITY_SPECCUBE_BOX_PROJECTION UNITY_SPECCUBE_BLENDING UNITY_ENABLE_DETAIL_NORMALMAP SHADER_API_DESKTOP UNITY_COLORSPACE_GAMMA UNITY_LIGHT_PROBE_PROXY_VOLUME UNITY_LIGHTMAP_RGBM_ENCODING ok=1
Cmd: compileSnippet
  api=4 type=1 insize=5607 outsize=2506 kw=UNITY_PASS_FORWARDBASE DIRECTIONAL pd=UNITY_ENABLE_REFLECTION_BUFFERS UNITY_USE_DITHER_MASK_FOR_ALPHABLENDED_SHADOWS UNITY_PBS_USE_BRDF1 UNITY_SPECCUBE_BOX_PROJECTION UNITY_SPECCUBE_BLENDING UNITY_ENABLE_DETAIL_NORMALMAP SHADER_API_DESKTOP UNITY_COLORSPACE_GAMMA UNITY_LIGHT_PROBE_PROXY_VOLUME UNITY_LIGHTMAP_RGBM_ENCODING ok=1
Cmd: compileSnippet
  api=4 type=0 insize=5607 outsize=2030 kw=UNITY_PASS_FORWARDBASE DIRECTIONAL SHADOWS_SCREEN LIGHTMAP_ON LIGHTMAP_SHADOW_MIXING pd=UNITY_ENABLE_REFLECTION_BUFFERS UNITY_NO_SCREENSPACE_SHADOWS UNITY_PBS_USE_BRDF3 UNITY_SPECCUBE_BOX_PROJECTION SHADER_API_DESKTOP UNITY_COLORSPACE_GAMMA UNITY_LIGHTMAP_RGBM_ENCODING ok=1
Cmd: compileSnippet
  api=4 type=1 insize=5607 outsize=2506 kw=UNITY_PASS_FORWARDBASE DIRECTIONAL SHADOWS_SCREEN LIGHTMAP_ON LIGHTMAP_SHADOW_MIXING pd=UNITY_ENABLE_REFLECTION_BUFFERS UNITY_NO_SCREENSPACE_SHADOWS UNITY_PBS_USE_BRDF3 UNITY_SPECCUBE_BOX_PROJECTION SHADER_API_DESKTOP UNITY_COLORSPACE_GAMMA UNITY_LIGHTMAP_RGBM_ENCODING ok=1
Cmd: compileSnippet
  error: 1 plat 4 at (73): Output value 'vert' is not completely initialized\nCompiling Vertex program with UNITY_PASS_FORWARDBASE DIRECTIONAL
Platform defines: UNITY_ENABLE_REFLECTION_BUFFERS UNITY_NO_SCREENSPACE_SHADOWS UNITY_PBS_USE_BRDF3 UNITY_SPECCUBE_BOX_PROJECTION SHADER_API_DESKTOP UNITY_COLORSPACE_GAMMA UNITY_LIGHTMAP_RGBM_ENCODING
  api=4 type=0 insize=5607 outsize=1810 kw=UNITY_PASS_FORWARDBASE DIRECTIONAL pd=UNITY_ENABLE_REFLECTION_BUFFERS UNITY_NO_SCREENSPACE_SHADOWS UNITY_PBS_USE_BRDF3 UNITY_SPECCUBE_BOX_PROJECTION SHADER_API_DESKTOP UNITY_COLORSPACE_GAMMA UNITY_LIGHTMAP_RGBM_ENCODING ok=1
Cmd: compileSnippet
  api=4 type=1 insize=5607 outsize=2506 kw=UNITY_PASS_FORWARDBASE DIRECTIONAL pd=UNITY_ENABLE_REFLECTION_BUFFERS UNITY_NO_SCREENSPACE_SHADOWS UNITY_PBS_USE_BRDF3 UNITY_SPECCUBE_BOX_PROJECTION SHADER_API_DESKTOP UNITY_COLORSPACE_GAMMA UNITY_LIGHTMAP_RGBM_ENCODING ok=1
Cmd: compileSnippet
  error: 1 plat 4 at (73): Output value 'vert' is not completely initialized\nCompiling Vertex program with UNITY_PASS_FORWARDBASE DIRECTIONAL LIGHTPROBE_SH
Platform defines: UNITY_ENABLE_REFLECTION_BUFFERS UNITY_NO_SCREENSPACE_SHADOWS UNITY_PBS_USE_BRDF3 UNITY_SPECCUBE_BOX_PROJECTION SHADER_API_DESKTOP UNITY_COLORSPACE_GAMMA UNITY_LIGHTMAP_RGBM_ENCODING
  api=4 type=0 insize=5607 outsize=1810 kw=UNITY_PASS_FORWARDBASE DIRECTIONAL LIGHTPROBE_SH pd=UNITY_ENABLE_REFLECTION_BUFFERS UNITY_NO_SCREENSPACE_SHADOWS UNITY_PBS_USE_BRDF3 UNITY_SPECCUBE_BOX_PROJECTION SHADER_API_DESKTOP UNITY_COLORSPACE_GAMMA UNITY_LIGHTMAP_RGBM_ENCODING ok=1
Cmd: compileSnippet
  api=4 type=1 insize=5607 outsize=2506 kw=UNITY_PASS_FORWARDBASE DIRECTIONAL LIGHTPROBE_SH pd=UNITY_ENABLE_REFLECTION_BUFFERS UNITY_NO_SCREENSPACE_SHADOWS UNITY_PBS_USE_BRDF3 UNITY_SPECCUBE_BOX_PROJECTION SHADER_API_DESKTOP UNITY_COLORSPACE_GAMMA UNITY_LIGHTMAP_RGBM_ENCODING ok=1
Cmd: preprocess
  insize=7104 outsize=1581 ok=1
Cmd: compileSnippet
  error: 1 plat 4 at (73): Output value 'vert' is not completely initialized\nCompiling Vertex program with UNITY_PASS_FORWARDBASE DIRECTIONAL
Platform defines: UNITY_ENABLE_REFLECTION_BUFFERS UNITY_USE_DITHER_MASK_FOR_ALPHABLENDED_SHADOWS UNITY_PBS_USE_BRDF1 UNITY_SPECCUBE_BOX_PROJECTION UNITY_SPECCUBE_BLENDING UNITY_ENABLE_DETAIL_NORMALMAP SHADER_API_DESKTOP UNITY_COLORSPACE_GAMMA UNITY_LIGHT_PROBE_PROXY_VOLUME UNITY_LIGHTMAP_RGBM_ENCODING
  api=4 type=0 insize=5606 outsize=1810 kw=UNITY_PASS_FORWARDBASE DIRECTIONAL pd=UNITY_ENABLE_REFLECTION_BUFFERS UNITY_USE_DITHER_MASK_FOR_ALPHABLENDED_SHADOWS UNITY_PBS_USE_BRDF1 UNITY_SPECCUBE_BOX_PROJECTION UNITY_SPECCUBE_BLENDING UNITY_ENABLE_DETAIL_NORMALMAP SHADER_API_DESKTOP UNITY_COLORSPACE_GAMMA UNITY_LIGHT_PROBE_PROXY_VOLUME UNITY_LIGHTMAP_RGBM_ENCODING ok=1
Cmd: compileSnippet
  api=4 type=1 insize=5606 outsize=2506 kw=UNITY_PASS_FORWARDBASE DIRECTIONAL pd=UNITY_ENABLE_REFLECTION_BUFFERS UNITY_USE_DITHER_MASK_FOR_ALPHABLENDED_SHADOWS UNITY_PBS_USE_BRDF1 UNITY_SPECCUBE_BOX_PROJECTION UNITY_SPECCUBE_BLENDING UNITY_ENABLE_DETAIL_NORMALMAP SHADER_API_DESKTOP UNITY_COLORSPACE_GAMMA UNITY_LIGHT_PROBE_PROXY_VOLUME UNITY_LIGHTMAP_RGBM_ENCODING ok=1
Cmd: compileSnippet
  api=4 type=0 insize=5606 outsize=2030 kw=UNITY_PASS_FORWARDBASE DIRECTIONAL SHADOWS_SCREEN LIGHTMAP_ON LIGHTMAP_SHADOW_MIXING pd=UNITY_ENABLE_REFLECTION_BUFFERS UNITY_NO_SCREENSPACE_SHADOWS UNITY_PBS_USE_BRDF3 UNITY_SPECCUBE_BOX_PROJECTION SHADER_API_DESKTOP UNITY_COLORSPACE_GAMMA UNITY_LIGHTMAP_RGBM_ENCODING ok=1
Cmd: compileSnippet
  api=4 type=1 insize=5606 outsize=2506 kw=UNITY_PASS_FORWARDBASE DIRECTIONAL SHADOWS_SCREEN LIGHTMAP_ON LIGHTMAP_SHADOW_MIXING pd=UNITY_ENABLE_REFLECTION_BUFFERS UNITY_NO_SCREENSPACE_SHADOWS UNITY_PBS_USE_BRDF3 UNITY_SPECCUBE_BOX_PROJECTION SHADER_API_DESKTOP UNITY_COLORSPACE_GAMMA UNITY_LIGHTMAP_RGBM_ENCODING ok=1
Cmd: preprocess
  insize=7105 outsize=1581 ok=1
Cmd: preprocess
  insize=7104 outsize=1581 ok=1
Cmd: compileSnippet
  error: 1 plat 4 at (73): Output value 'vert' is not completely initialized\nCompiling Vertex program with UNITY_PASS_FORWARDBASE DIRECTIONAL
Platform defines: UNITY_ENABLE_REFLECTION_BUFFERS UNITY_USE_DITHER_MASK_FOR_ALPHABLENDED_SHADOWS UNITY_PBS_USE_BRDF1 UNITY_SPECCUBE_BOX_PROJECTION UNITY_SPECCUBE_BLENDING UNITY_ENABLE_DETAIL_NORMALMAP SHADER_API_DESKTOP UNITY_COLORSPACE_GAMMA UNITY_LIGHT_PROBE_PROXY_VOLUME UNITY_LIGHTMAP_RGBM_ENCODING
  api=4 type=0 insize=5606 outsize=1810 kw=UNITY_PASS_FORWARDBASE DIRECTIONAL pd=UNITY_ENABLE_REFLECTION_BUFFERS UNITY_USE_DITHER_MASK_FOR_ALPHABLENDED_SHADOWS UNITY_PBS_USE_BRDF1 UNITY_SPECCUBE_BOX_PROJECTION UNITY_SPECCUBE_BLENDING UNITY_ENABLE_DETAIL_NORMALMAP SHADER_API_DESKTOP UNITY_COLORSPACE_GAMMA UNITY_LIGHT_PROBE_PROXY_VOLUME UNITY_LIGHTMAP_RGBM_ENCODING ok=1
Cmd: compileSnippet
  api=4 type=1 insize=5606 outsize=2506 kw=UNITY_PASS_FORWARDBASE DIRECTIONAL pd=UNITY_ENABLE_REFLECTION_BUFFERS UNITY_USE_DITHER_MASK_FOR_ALPHABLENDED_SHADOWS UNITY_PBS_USE_BRDF1 UNITY_SPECCUBE_BOX_PROJECTION UNITY_SPECCUBE_BLENDING UNITY_ENABLE_DETAIL_NORMALMAP SHADER_API_DESKTOP UNITY_COLORSPACE_GAMMA UNITY_LIGHT_PROBE_PROXY_VOLUME UNITY_LIGHTMAP_RGBM_ENCODING ok=1
Cmd: compileSnippet
  api=4 type=0 insize=5606 outsize=2030 kw=UNITY_PASS_FORWARDBASE DIRECTIONAL SHADOWS_SCREEN LIGHTMAP_ON LIGHTMAP_SHADOW_MIXING pd=UNITY_ENABLE_REFLECTION_BUFFERS UNITY_NO_SCREENSPACE_SHADOWS UNITY_PBS_USE_BRDF3 UNITY_SPECCUBE_BOX_PROJECTION SHADER_API_DESKTOP UNITY_COLORSPACE_GAMMA UNITY_LIGHTMAP_RGBM_ENCODING ok=1
Cmd: compileSnippet
  api=4 type=1 insize=5606 outsize=2506 kw=UNITY_PASS_FORWARDBASE DIRECTIONAL SHADOWS_SCREEN LIGHTMAP_ON LIGHTMAP_SHADOW_MIXING pd=UNITY_ENABLE_REFLECTION_BUFFERS UNITY_NO_SCREENSPACE_SHADOWS UNITY_PBS_USE_BRDF3 UNITY_SPECCUBE_BOX_PROJECTION SHADER_API_DESKTOP UNITY_COLORSPACE_GAMMA UNITY_LIGHTMAP_RGBM_ENCODING ok=1
Cmd: compileSnippet
  error: 1 plat 4 at (73): Output value 'vert' is not completely initialized\nCompiling Vertex program with UNITY_PASS_FORWARDBASE DIRECTIONAL
Platform defines: UNITY_ENABLE_REFLECTION_BUFFERS UNITY_NO_SCREENSPACE_SHADOWS UNITY_PBS_USE_BRDF3 UNITY_SPECCUBE_BOX_PROJECTION SHADER_API_DESKTOP UNITY_COLORSPACE_GAMMA UNITY_LIGHTMAP_RGBM_ENCODING
  api=4 type=0 insize=5606 outsize=1810 kw=UNITY_PASS_FORWARDBASE DIRECTIONAL pd=UNITY_ENABLE_REFLECTION_BUFFERS UNITY_NO_SCREENSPACE_SHADOWS UNITY_PBS_USE_BRDF3 UNITY_SPECCUBE_BOX_PROJECTION SHADER_API_DESKTOP UNITY_COLORSPACE_GAMMA UNITY_LIGHTMAP_RGBM_ENCODING ok=1
Cmd: compileSnippet
  api=4 type=1 insize=5606 outsize=2506 kw=UNITY_PASS_FORWARDBASE DIRECTIONAL pd=UNITY_ENABLE_REFLECTION_BUFFERS UNITY_NO_SCREENSPACE_SHADOWS UNITY_PBS_USE_BRDF3 UNITY_SPECCUBE_BOX_PROJECTION SHADER_API_DESKTOP UNITY_COLORSPACE_GAMMA UNITY_LIGHTMAP_RGBM_ENCODING ok=1
Cmd: compileSnippet
  error: 1 plat 4 at (73): Output value 'vert' is not completely initialized\nCompiling Vertex program with UNITY_PASS_FORWARDBASE DIRECTIONAL LIGHTPROBE_SH
Platform defines: UNITY_ENABLE_REFLECTION_BUFFERS UNITY_NO_SCREENSPACE_SHADOWS UNITY_PBS_USE_BRDF3 UNITY_SPECCUBE_BOX_PROJECTION SHADER_API_DESKTOP UNITY_COLORSPACE_GAMMA UNITY_LIGHTMAP_RGBM_ENCODING
  api=4 type=0 insize=5606 outsize=1810 kw=UNITY_PASS_FORWARDBASE DIRECTIONAL LIGHTPROBE_SH pd=UNITY_ENABLE_REFLECTION_BUFFERS UNITY_NO_SCREENSPACE_SHADOWS UNITY_PBS_USE_BRDF3 UNITY_SPECCUBE_BOX_PROJECTION SHADER_API_DESKTOP UNITY_COLORSPACE_GAMMA UNITY_LIGHTMAP_RGBM_ENCODING ok=1
Cmd: compileSnippet
  api=4 type=1 insize=5606 outsize=2506 kw=UNITY_PASS_FORWARDBASE DIRECTIONAL LIGHTPROBE_SH pd=UNITY_ENABLE_REFLECTION_BUFFERS UNITY_NO_SCREENSPACE_SHADOWS UNITY_PBS_USE_BRDF3 UNITY_SPECCUBE_BOX_PROJECTION SHADER_API_DESKTOP UNITY_COLORSPACE_GAMMA UNITY_LIGHTMAP_RGBM_ENCODING ok=1
Cmd: preprocess
  insize=7102 outsize=1581 ok=1
Cmd: compileSnippet
  error: 1 plat 4 at (73): Output value 'vert' is not completely initialized\nCompiling Vertex program with UNITY_PASS_FORWARDBASE DIRECTIONAL
Platform defines: UNITY_ENABLE_REFLECTION_BUFFERS UNITY_USE_DITHER_MASK_FOR_ALPHABLENDED_SHADOWS UNITY_PBS_USE_BRDF1 UNITY_SPECCUBE_BOX_PROJECTION UNITY_SPECCUBE_BLENDING UNITY_ENABLE_DETAIL_NORMALMAP SHADER_API_DESKTOP UNITY_COLORSPACE_GAMMA UNITY_LIGHT_PROBE_PROXY_VOLUME UNITY_LIGHTMAP_RGBM_ENCODING
  api=4 type=0 insize=5604 outsize=1810 kw=UNITY_PASS_FORWARDBASE DIRECTIONAL pd=UNITY_ENABLE_REFLECTION_BUFFERS UNITY_USE_DITHER_MASK_FOR_ALPHABLENDED_SHADOWS UNITY_PBS_USE_BRDF1 UNITY_SPECCUBE_BOX_PROJECTION UNITY_SPECCUBE_BLENDING UNITY_ENABLE_DETAIL_NORMALMAP SHADER_API_DESKTOP UNITY_COLORSPACE_GAMMA UNITY_LIGHT_PROBE_PROXY_VOLUME UNITY_LIGHTMAP_RGBM_ENCODING ok=1
Cmd: compileSnippet
  api=4 type=1 insize=5604 outsize=2526 kw=UNITY_PASS_FORWARDBASE DIRECTIONAL pd=UNITY_ENABLE_REFLECTION_BUFFERS UNITY_USE_DITHER_MASK_FOR_ALPHABLENDED_SHADOWS UNITY_PBS_USE_BRDF1 UNITY_SPECCUBE_BOX_PROJECTION UNITY_SPECCUBE_BLENDING UNITY_ENABLE_DETAIL_NORMALMAP SHADER_API_DESKTOP UNITY_COLORSPACE_GAMMA UNITY_LIGHT_PROBE_PROXY_VOLUME UNITY_LIGHTMAP_RGBM_ENCODING ok=1
Cmd: compileSnippet
  api=4 type=0 insize=5604 outsize=2030 kw=UNITY_PASS_FORWARDBASE DIRECTIONAL SHADOWS_SCREEN LIGHTMAP_ON LIGHTMAP_SHADOW_MIXING pd=UNITY_ENABLE_REFLECTION_BUFFERS UNITY_NO_SCREENSPACE_SHADOWS UNITY_PBS_USE_BRDF3 UNITY_SPECCUBE_BOX_PROJECTION SHADER_API_DESKTOP UNITY_COLORSPACE_GAMMA UNITY_LIGHTMAP_RGBM_ENCODING ok=1
Cmd: compileSnippet
  api=4 type=1 insize=5604 outsize=2526 kw=UNITY_PASS_FORWARDBASE DIRECTIONAL SHADOWS_SCREEN LIGHTMAP_ON LIGHTMAP_SHADOW_MIXING pd=UNITY_ENABLE_REFLECTION_BUFFERS UNITY_NO_SCREENSPACE_SHADOWS UNITY_PBS_USE_BRDF3 UNITY_SPECCUBE_BOX_PROJECTION SHADER_API_DESKTOP UNITY_COLORSPACE_GAMMA UNITY_LIGHTMAP_RGBM_ENCODING ok=1
Cmd: compileSnippet
  error: 1 plat 4 at (73): Output value 'vert' is not completely initialized\nCompiling Vertex program with UNITY_PASS_FORWARDBASE DIRECTIONAL LIGHTPROBE_SH
Platform defines: UNITY_ENABLE_REFLECTION_BUFFERS UNITY_NO_SCREENSPACE_SHADOWS UNITY_PBS_USE_BRDF3 UNITY_SPECCUBE_BOX_PROJECTION SHADER_API_DESKTOP UNITY_COLORSPACE_GAMMA UNITY_LIGHTMAP_RGBM_ENCODING
  api=4 type=0 insize=5604 outsize=1810 kw=UNITY_PASS_FORWARDBASE DIRECTIONAL LIGHTPROBE_SH pd=UNITY_ENABLE_REFLECTION_BUFFERS UNITY_NO_SCREENSPACE_SHADOWS UNITY_PBS_USE_BRDF3 UNITY_SPECCUBE_BOX_PROJECTION SHADER_API_DESKTOP UNITY_COLORSPACE_GAMMA UNITY_LIGHTMAP_RGBM_ENCODING ok=1
Cmd: compileSnippet
  api=4 type=1 insize=5604 outsize=2526 kw=UNITY_PASS_FORWARDBASE DIRECTIONAL LIGHTPROBE_SH pd=UNITY_ENABLE_REFLECTION_BUFFERS UNITY_NO_SCREENSPACE_SHADOWS UNITY_PBS_USE_BRDF3 UNITY_SPECCUBE_BOX_PROJECTION SHADER_API_DESKTOP UNITY_COLORSPACE_GAMMA UNITY_LIGHTMAP_RGBM_ENCODING ok=1
Cmd: preprocess
  insize=7036 outsize=1581 ok=1
Cmd: compileSnippet
  error: 2 plat 4 at (67): not enough actual parameters for macro 'UNITY_LIGHTING_COORDS' unrecognized identifier 'UNITY_LIGHTING_COORDS'\nCompiling Vertex program with UNITY_PASS_FORWARDBASE DIRECTIONAL
Platform defines: UNITY_ENABLE_REFLECTION_BUFFERS UNITY_USE_DITHER_MASK_FOR_ALPHABLENDED_SHADOWS UNITY_PBS_USE_BRDF1 UNITY_SPECCUBE_BOX_PROJECTION UNITY_SPECCUBE_BLENDING UNITY_ENABLE_DETAIL_NORMALMAP SHADER_API_DESKTOP UNITY_COLORSPACE_GAMMA UNITY_LIGHT_PROBE_PROXY_VOLUME UNITY_LIGHTMAP_RGBM_ENCODING
  api=4 type=0 insize=5538 outsize=0 kw=UNITY_PASS_FORWARDBASE DIRECTIONAL pd=UNITY_ENABLE_REFLECTION_BUFFERS UNITY_USE_DITHER_MASK_FOR_ALPHABLENDED_SHADOWS UNITY_PBS_USE_BRDF1 UNITY_SPECCUBE_BOX_PROJECTION UNITY_SPECCUBE_BLENDING UNITY_ENABLE_DETAIL_NORMALMAP SHADER_API_DESKTOP UNITY_COLORSPACE_GAMMA UNITY_LIGHT_PROBE_PROXY_VOLUME UNITY_LIGHTMAP_RGBM_ENCODING ok=0
Cmd: compileSnippet
  error: 2 plat 4 at (67): not enough actual parameters for macro 'UNITY_LIGHTING_COORDS' unrecognized identifier 'UNITY_LIGHTING_COORDS'\nCompiling Vertex program with UNITY_PASS_FORWARDBASE DIRECTIONAL SHADOWS_SCREEN LIGHTMAP_ON LIGHTMAP_SHADOW_MIXING
Platform defines: UNITY_ENABLE_REFLECTION_BUFFERS UNITY_NO_SCREENSPACE_SHADOWS UNITY_PBS_USE_BRDF3 UNITY_SPECCUBE_BOX_PROJECTION SHADER_API_DESKTOP UNITY_COLORSPACE_GAMMA UNITY_LIGHTMAP_RGBM_ENCODING
  api=4 type=0 insize=5538 outsize=0 kw=UNITY_PASS_FORWARDBASE DIRECTIONAL SHADOWS_SCREEN LIGHTMAP_ON LIGHTMAP_SHADOW_MIXING pd=UNITY_ENABLE_REFLECTION_BUFFERS UNITY_NO_SCREENSPACE_SHADOWS UNITY_PBS_USE_BRDF3 UNITY_SPECCUBE_BOX_PROJECTION SHADER_API_DESKTOP UNITY_COLORSPACE_GAMMA UNITY_LIGHTMAP_RGBM_ENCODING ok=0
Cmd: compileSnippet
  error: 2 plat 4 at (67): not enough actual parameters for macro 'UNITY_LIGHTING_COORDS' unrecognized identifier 'UNITY_LIGHTING_COORDS'\nCompiling Fragment program with UNITY_PASS_FORWARDBASE DIRECTIONAL SHADOWS_SCREEN LIGHTMAP_ON LIGHTMAP_SHADOW_MIXING
Platform defines: UNITY_ENABLE_REFLECTION_BUFFERS UNITY_NO_SCREENSPACE_SHADOWS UNITY_PBS_USE_BRDF3 UNITY_SPECCUBE_BOX_PROJECTION SHADER_API_DESKTOP UNITY_COLORSPACE_GAMMA UNITY_LIGHTMAP_RGBM_ENCODING
  api=4 type=1 insize=5538 outsize=0 kw=UNITY_PASS_FORWARDBASE DIRECTIONAL SHADOWS_SCREEN LIGHTMAP_ON LIGHTMAP_SHADOW_MIXING pd=UNITY_ENABLE_REFLECTION_BUFFERS UNITY_NO_SCREENSPACE_SHADOWS UNITY_PBS_USE_BRDF3 UNITY_SPECCUBE_BOX_PROJECTION SHADER_API_DESKTOP UNITY_COLORSPACE_GAMMA UNITY_LIGHTMAP_RGBM_ENCODING ok=0
Cmd: preprocess
  insize=7038 outsize=1581 ok=1
Cmd: compileSnippet
  error: 1 plat 4 at (73): Output value 'vert' is not completely initialized\nCompiling Vertex program with UNITY_PASS_FORWARDBASE DIRECTIONAL
Platform defines: UNITY_ENABLE_REFLECTION_BUFFERS UNITY_USE_DITHER_MASK_FOR_ALPHABLENDED_SHADOWS UNITY_PBS_USE_BRDF1 UNITY_SPECCUBE_BOX_PROJECTION UNITY_SPECCUBE_BLENDING UNITY_ENABLE_DETAIL_NORMALMAP SHADER_API_DESKTOP UNITY_COLORSPACE_GAMMA UNITY_LIGHT_PROBE_PROXY_VOLUME UNITY_LIGHTMAP_RGBM_ENCODING
  api=4 type=0 insize=5540 outsize=1810 kw=UNITY_PASS_FORWARDBASE DIRECTIONAL pd=UNITY_ENABLE_REFLECTION_BUFFERS UNITY_USE_DITHER_MASK_FOR_ALPHABLENDED_SHADOWS UNITY_PBS_USE_BRDF1 UNITY_SPECCUBE_BOX_PROJECTION UNITY_SPECCUBE_BLENDING UNITY_ENABLE_DETAIL_NORMALMAP SHADER_API_DESKTOP UNITY_COLORSPACE_GAMMA UNITY_LIGHT_PROBE_PROXY_VOLUME UNITY_LIGHTMAP_RGBM_ENCODING ok=1
Cmd: compileSnippet
  api=4 type=1 insize=5540 outsize=2650 kw=UNITY_PASS_FORWARDBASE DIRECTIONAL pd=UNITY_ENABLE_REFLECTION_BUFFERS UNITY_USE_DITHER_MASK_FOR_ALPHABLENDED_SHADOWS UNITY_PBS_USE_BRDF1 UNITY_SPECCUBE_BOX_PROJECTION UNITY_SPECCUBE_BLENDING UNITY_ENABLE_DETAIL_NORMALMAP SHADER_API_DESKTOP UNITY_COLORSPACE_GAMMA UNITY_LIGHT_PROBE_PROXY_VOLUME UNITY_LIGHTMAP_RGBM_ENCODING ok=1
Cmd: compileSnippet
  api=4 type=0 insize=836 outsize=1050 kw=UNITY_PASS_META pd=UNITY_ENABLE_REFLECTION_BUFFERS UNITY_USE_DITHER_MASK_FOR_ALPHABLENDED_SHADOWS UNITY_PBS_USE_BRDF1 UNITY_SPECCUBE_BOX_PROJECTION UNITY_SPECCUBE_BLENDING UNITY_ENABLE_DETAIL_NORMALMAP SHADER_API_DESKTOP UNITY_COLORSPACE_GAMMA UNITY_LIGHT_PROBE_PROXY_VOLUME UNITY_LIGHTMAP_RGBM_ENCODING ok=1
Cmd: compileSnippet
  api=4 type=1 insize=836 outsize=826 kw=UNITY_PASS_META pd=UNITY_ENABLE_REFLECTION_BUFFERS UNITY_USE_DITHER_MASK_FOR_ALPHABLENDED_SHADOWS UNITY_PBS_USE_BRDF1 UNITY_SPECCUBE_BOX_PROJECTION UNITY_SPECCUBE_BLENDING UNITY_ENABLE_DETAIL_NORMALMAP SHADER_API_DESKTOP UNITY_COLORSPACE_GAMMA UNITY_LIGHT_PROBE_PROXY_VOLUME UNITY_LIGHTMAP_RGBM_ENCODING ok=1
Cmd: compileSnippet
  api=4 type=0 insize=5540 outsize=2030 kw=UNITY_PASS_FORWARDBASE DIRECTIONAL SHADOWS_SCREEN LIGHTMAP_ON LIGHTMAP_SHADOW_MIXING pd=UNITY_ENABLE_REFLECTION_BUFFERS UNITY_NO_SCREENSPACE_SHADOWS UNITY_PBS_USE_BRDF3 UNITY_SPECCUBE_BOX_PROJECTION SHADER_API_DESKTOP UNITY_COLORSPACE_GAMMA UNITY_LIGHTMAP_RGBM_ENCODING ok=1
Cmd: compileSnippet
  api=4 type=1 insize=5540 outsize=2650 kw=UNITY_PASS_FORWARDBASE DIRECTIONAL SHADOWS_SCREEN LIGHTMAP_ON LIGHTMAP_SHADOW_MIXING pd=UNITY_ENABLE_REFLECTION_BUFFERS UNITY_NO_SCREENSPACE_SHADOWS UNITY_PBS_USE_BRDF3 UNITY_SPECCUBE_BOX_PROJECTION SHADER_API_DESKTOP UNITY_COLORSPACE_GAMMA UNITY_LIGHTMAP_RGBM_ENCODING ok=1
Cmd: compileSnippet
  error: 1 plat 4 at (73): Output value 'vert' is not completely initialized\nCompiling Vertex program with UNITY_PASS_FORWARDBASE DIRECTIONAL
Platform defines: UNITY_ENABLE_REFLECTION_BUFFERS UNITY_NO_SCREENSPACE_SHADOWS UNITY_PBS_USE_BRDF3 UNITY_SPECCUBE_BOX_PROJECTION SHADER_API_DESKTOP UNITY_COLORSPACE_GAMMA UNITY_LIGHTMAP_RGBM_ENCODING
  api=4 type=0 insize=5540 outsize=1810 kw=UNITY_PASS_FORWARDBASE DIRECTIONAL pd=UNITY_ENABLE_REFLECTION_BUFFERS UNITY_NO_SCREENSPACE_SHADOWS UNITY_PBS_USE_BRDF3 UNITY_SPECCUBE_BOX_PROJECTION SHADER_API_DESKTOP UNITY_COLORSPACE_GAMMA UNITY_LIGHTMAP_RGBM_ENCODING ok=1
Cmd: compileSnippet
  api=4 type=1 insize=5540 outsize=2650 kw=UNITY_PASS_FORWARDBASE DIRECTIONAL pd=UNITY_ENABLE_REFLECTION_BUFFERS UNITY_NO_SCREENSPACE_SHADOWS UNITY_PBS_USE_BRDF3 UNITY_SPECCUBE_BOX_PROJECTION SHADER_API_DESKTOP UNITY_COLORSPACE_GAMMA UNITY_LIGHTMAP_RGBM_ENCODING ok=1
Cmd: compileSnippet
  api=4 type=0 insize=836 outsize=1050 kw=UNITY_PASS_META _METALLICGLOSSMAP pd=UNITY_ENABLE_REFLECTION_BUFFERS UNITY_NO_SCREENSPACE_SHADOWS UNITY_PBS_USE_BRDF3 UNITY_SPECCUBE_BOX_PROJECTION SHADER_API_DESKTOP UNITY_COLORSPACE_GAMMA UNITY_LIGHTMAP_RGBM_ENCODING ok=1
Cmd: compileSnippet
  api=4 type=1 insize=836 outsize=826 kw=UNITY_PASS_META _METALLICGLOSSMAP pd=UNITY_ENABLE_REFLECTION_BUFFERS UNITY_NO_SCREENSPACE_SHADOWS UNITY_PBS_USE_BRDF3 UNITY_SPECCUBE_BOX_PROJECTION SHADER_API_DESKTOP UNITY_COLORSPACE_GAMMA UNITY_LIGHTMAP_RGBM_ENCODING ok=1
Cmd: compileSnippet
  error: 1 plat 4 at (73): Output value 'vert' is not completely initialized\nCompiling Vertex program with UNITY_PASS_FORWARDBASE DIRECTIONAL LIGHTMAP_ON
Platform defines: UNITY_ENABLE_REFLECTION_BUFFERS UNITY_NO_SCREENSPACE_SHADOWS UNITY_PBS_USE_BRDF3 UNITY_SPECCUBE_BOX_PROJECTION SHADER_API_DESKTOP UNITY_COLORSPACE_GAMMA UNITY_LIGHTMAP_RGBM_ENCODING
  api=4 type=0 insize=5540 outsize=1810 kw=UNITY_PASS_FORWARDBASE DIRECTIONAL LIGHTMAP_ON pd=UNITY_ENABLE_REFLECTION_BUFFERS UNITY_NO_SCREENSPACE_SHADOWS UNITY_PBS_USE_BRDF3 UNITY_SPECCUBE_BOX_PROJECTION SHADER_API_DESKTOP UNITY_COLORSPACE_GAMMA UNITY_LIGHTMAP_RGBM_ENCODING ok=1
Cmd: compileSnippet
  api=4 type=1 insize=5540 outsize=2650 kw=UNITY_PASS_FORWARDBASE DIRECTIONAL LIGHTMAP_ON pd=UNITY_ENABLE_REFLECTION_BUFFERS UNITY_NO_SCREENSPACE_SHADOWS UNITY_PBS_USE_BRDF3 UNITY_SPECCUBE_BOX_PROJECTION SHADER_API_DESKTOP UNITY_COLORSPACE_GAMMA UNITY_LIGHTMAP_RGBM_ENCODING ok=1
Cmd: compileSnippet
  error: 1 plat 4 at (73): Output value 'vert' is not completely initialized\nCompiling Vertex program with UNITY_PASS_FORWARDBASE DIRECTIONAL LIGHTPROBE_SH
Platform defines: UNITY_ENABLE_REFLECTION_BUFFERS UNITY_NO_SCREENSPACE_SHADOWS UNITY_PBS_USE_BRDF3 UNITY_SPECCUBE_BOX_PROJECTION SHADER_API_DESKTOP UNITY_COLORSPACE_GAMMA UNITY_LIGHTMAP_RGBM_ENCODING
  api=4 type=0 insize=5540 outsize=1810 kw=UNITY_PASS_FORWARDBASE DIRECTIONAL LIGHTPROBE_SH pd=UNITY_ENABLE_REFLECTION_BUFFERS UNITY_NO_SCREENSPACE_SHADOWS UNITY_PBS_USE_BRDF3 UNITY_SPECCUBE_BOX_PROJECTION SHADER_API_DESKTOP UNITY_COLORSPACE_GAMMA UNITY_LIGHTMAP_RGBM_ENCODING ok=1
Cmd: compileSnippet
  api=4 type=1 insize=5540 outsize=2650 kw=UNITY_PASS_FORWARDBASE DIRECTIONAL LIGHTPROBE_SH pd=UNITY_ENABLE_REFLECTION_BUFFERS UNITY_NO_SCREENSPACE_SHADOWS UNITY_PBS_USE_BRDF3 UNITY_SPECCUBE_BOX_PROJECTION SHADER_API_DESKTOP UNITY_COLORSPACE_GAMMA UNITY_LIGHTMAP_RGBM_ENCODING ok=1
Cmd: initializeCompiler
Cmd: preprocess
  insize=7034 outsize=1581 ok=1
Cmd: compileSnippet
  error: 1 plat 4 at (73): Output value 'vert' is not completely initialized\nCompiling Vertex program with UNITY_PASS_FORWARDBASE DIRECTIONAL
Platform defines: UNITY_ENABLE_REFLECTION_BUFFERS UNITY_USE_DITHER_MASK_FOR_ALPHABLENDED_SHADOWS UNITY_PBS_USE_BRDF1 UNITY_SPECCUBE_BOX_PROJECTION UNITY_SPECCUBE_BLENDING UNITY_ENABLE_DETAIL_NORMALMAP SHADER_API_DESKTOP UNITY_COLORSPACE_GAMMA UNITY_LIGHT_PROBE_PROXY_VOLUME UNITY_LIGHTMAP_RGBM_ENCODING
  api=4 type=0 insize=5536 outsize=1810 kw=UNITY_PASS_FORWARDBASE DIRECTIONAL pd=UNITY_ENABLE_REFLECTION_BUFFERS UNITY_USE_DITHER_MASK_FOR_ALPHABLENDED_SHADOWS UNITY_PBS_USE_BRDF1 UNITY_SPECCUBE_BOX_PROJECTION UNITY_SPECCUBE_BLENDING UNITY_ENABLE_DETAIL_NORMALMAP SHADER_API_DESKTOP UNITY_COLORSPACE_GAMMA UNITY_LIGHT_PROBE_PROXY_VOLUME UNITY_LIGHTMAP_RGBM_ENCODING ok=1
Cmd: compileSnippet
  api=4 type=1 insize=5536 outsize=2622 kw=UNITY_PASS_FORWARDBASE DIRECTIONAL pd=UNITY_ENABLE_REFLECTION_BUFFERS UNITY_USE_DITHER_MASK_FOR_ALPHABLENDED_SHADOWS UNITY_PBS_USE_BRDF1 UNITY_SPECCUBE_BOX_PROJECTION UNITY_SPECCUBE_BLENDING UNITY_ENABLE_DETAIL_NORMALMAP SHADER_API_DESKTOP UNITY_COLORSPACE_GAMMA UNITY_LIGHT_PROBE_PROXY_VOLUME UNITY_LIGHTMAP_RGBM_ENCODING ok=1
Cmd: compileSnippet
  api=4 type=0 insize=5536 outsize=2030 kw=UNITY_PASS_FORWARDBASE DIRECTIONAL SHADOWS_SCREEN LIGHTMAP_ON LIGHTMAP_SHADOW_MIXING pd=UNITY_ENABLE_REFLECTION_BUFFERS UNITY_NO_SCREENSPACE_SHADOWS UNITY_PBS_USE_BRDF3 UNITY_SPECCUBE_BOX_PROJECTION SHADER_API_DESKTOP UNITY_COLORSPACE_GAMMA UNITY_LIGHTMAP_RGBM_ENCODING ok=1
Cmd: compileSnippet
  api=4 type=1 insize=5536 outsize=2622 kw=UNITY_PASS_FORWARDBASE DIRECTIONAL SHADOWS_SCREEN LIGHTMAP_ON LIGHTMAP_SHADOW_MIXING pd=UNITY_ENABLE_REFLECTION_BUFFERS UNITY_NO_SCREENSPACE_SHADOWS UNITY_PBS_USE_BRDF3 UNITY_SPECCUBE_BOX_PROJECTION SHADER_API_DESKTOP UNITY_COLORSPACE_GAMMA UNITY_LIGHTMAP_RGBM_ENCODING ok=1
Cmd: compileSnippet
  error: 1 plat 4 at (73): Output value 'vert' is not completely initialized\nCompiling Vertex program with UNITY_PASS_FORWARDBASE DIRECTIONAL
Platform defines: UNITY_ENABLE_REFLECTION_BUFFERS UNITY_NO_SCREENSPACE_SHADOWS UNITY_PBS_USE_BRDF3 UNITY_SPECCUBE_BOX_PROJECTION SHADER_API_DESKTOP UNITY_COLORSPACE_GAMMA UNITY_LIGHTMAP_RGBM_ENCODING
  api=4 type=0 insize=5536 outsize=1810 kw=UNITY_PASS_FORWARDBASE DIRECTIONAL pd=UNITY_ENABLE_REFLECTION_BUFFERS UNITY_NO_SCREENSPACE_SHADOWS UNITY_PBS_USE_BRDF3 UNITY_SPECCUBE_BOX_PROJECTION SHADER_API_DESKTOP UNITY_COLORSPACE_GAMMA UNITY_LIGHTMAP_RGBM_ENCODING ok=1
Cmd: compileSnippet
  api=4 type=1 insize=5536 outsize=2622 kw=UNITY_PASS_FORWARDBASE DIRECTIONAL pd=UNITY_ENABLE_REFLECTION_BUFFERS UNITY_NO_SCREENSPACE_SHADOWS UNITY_PBS_USE_BRDF3 UNITY_SPECCUBE_BOX_PROJECTION SHADER_API_DESKTOP UNITY_COLORSPACE_GAMMA UNITY_LIGHTMAP_RGBM_ENCODING ok=1
Cmd: compileSnippet
  error: 1 plat 4 at (73): Output value 'vert' is not completely initialized\nCompiling Vertex program with UNITY_PASS_FORWARDBASE DIRECTIONAL LIGHTPROBE_SH
Platform defines: UNITY_ENABLE_REFLECTION_BUFFERS UNITY_NO_SCREENSPACE_SHADOWS UNITY_PBS_USE_BRDF3 UNITY_SPECCUBE_BOX_PROJECTION SHADER_API_DESKTOP UNITY_COLORSPACE_GAMMA UNITY_LIGHTMAP_RGBM_ENCODING
  api=4 type=0 insize=5536 outsize=1810 kw=UNITY_PASS_FORWARDBASE DIRECTIONAL LIGHTPROBE_SH pd=UNITY_ENABLE_REFLECTION_BUFFERS UNITY_NO_SCREENSPACE_SHADOWS UNITY_PBS_USE_BRDF3 UNITY_SPECCUBE_BOX_PROJECTION SHADER_API_DESKTOP UNITY_COLORSPACE_GAMMA UNITY_LIGHTMAP_RGBM_ENCODING ok=1
Cmd: compileSnippet
  api=4 type=1 insize=5536 outsize=2622 kw=UNITY_PASS_FORWARDBASE DIRECTIONAL LIGHTPROBE_SH pd=UNITY_ENABLE_REFLECTION_BUFFERS UNITY_NO_SCREENSPACE_SHADOWS UNITY_PBS_USE_BRDF3 UNITY_SPECCUBE_BOX_PROJECTION SHADER_API_DESKTOP UNITY_COLORSPACE_GAMMA UNITY_LIGHTMAP_RGBM_ENCODING ok=1
Cmd: preprocess
  insize=7041 outsize=1581 ok=1
Cmd: compileSnippet
  error: 1 plat 4 at (73): Output value 'vert' is not completely initialized\nCompiling Vertex program with UNITY_PASS_FORWARDBASE DIRECTIONAL
Platform defines: UNITY_ENABLE_REFLECTION_BUFFERS UNITY_USE_DITHER_MASK_FOR_ALPHABLENDED_SHADOWS UNITY_PBS_USE_BRDF1 UNITY_SPECCUBE_BOX_PROJECTION UNITY_SPECCUBE_BLENDING UNITY_ENABLE_DETAIL_NORMALMAP SHADER_API_DESKTOP UNITY_COLORSPACE_GAMMA UNITY_LIGHT_PROBE_PROXY_VOLUME UNITY_LIGHTMAP_RGBM_ENCODING
  api=4 type=0 insize=5543 outsize=1810 kw=UNITY_PASS_FORWARDBASE DIRECTIONAL pd=UNITY_ENABLE_REFLECTION_BUFFERS UNITY_USE_DITHER_MASK_FOR_ALPHABLENDED_SHADOWS UNITY_PBS_USE_BRDF1 UNITY_SPECCUBE_BOX_PROJECTION UNITY_SPECCUBE_BLENDING UNITY_ENABLE_DETAIL_NORMALMAP SHADER_API_DESKTOP UNITY_COLORSPACE_GAMMA UNITY_LIGHT_PROBE_PROXY_VOLUME UNITY_LIGHTMAP_RGBM_ENCODING ok=1
Cmd: compileSnippet
  api=4 type=1 insize=5543 outsize=3314 kw=UNITY_PASS_FORWARDBASE DIRECTIONAL pd=UNITY_ENABLE_REFLECTION_BUFFERS UNITY_USE_DITHER_MASK_FOR_ALPHABLENDED_SHADOWS UNITY_PBS_USE_BRDF1 UNITY_SPECCUBE_BOX_PROJECTION UNITY_SPECCUBE_BLENDING UNITY_ENABLE_DETAIL_NORMALMAP SHADER_API_DESKTOP UNITY_COLORSPACE_GAMMA UNITY_LIGHT_PROBE_PROXY_VOLUME UNITY_LIGHTMAP_RGBM_ENCODING ok=1
Cmd: compileSnippet
  api=4 type=0 insize=5543 outsize=2030 kw=UNITY_PASS_FORWARDBASE DIRECTIONAL SHADOWS_SCREEN LIGHTMAP_ON LIGHTMAP_SHADOW_MIXING pd=UNITY_ENABLE_REFLECTION_BUFFERS UNITY_NO_SCREENSPACE_SHADOWS UNITY_PBS_USE_BRDF3 UNITY_SPECCUBE_BOX_PROJECTION SHADER_API_DESKTOP UNITY_COLORSPACE_GAMMA UNITY_LIGHTMAP_RGBM_ENCODING ok=1
Cmd: compileSnippet
  api=4 type=1 insize=5543 outsize=3314 kw=UNITY_PASS_FORWARDBASE DIRECTIONAL SHADOWS_SCREEN LIGHTMAP_ON LIGHTMAP_SHADOW_MIXING pd=UNITY_ENABLE_REFLECTION_BUFFERS UNITY_NO_SCREENSPACE_SHADOWS UNITY_PBS_USE_BRDF3 UNITY_SPECCUBE_BOX_PROJECTION SHADER_API_DESKTOP UNITY_COLORSPACE_GAMMA UNITY_LIGHTMAP_RGBM_ENCODING ok=1
Cmd: compileSnippet
  error: 1 plat 4 at (73): Output value 'vert' is not completely initialized\nCompiling Vertex program with UNITY_PASS_FORWARDBASE DIRECTIONAL
Platform defines: UNITY_ENABLE_REFLECTION_BUFFERS UNITY_NO_SCREENSPACE_SHADOWS UNITY_PBS_USE_BRDF3 UNITY_SPECCUBE_BOX_PROJECTION SHADER_API_DESKTOP UNITY_COLORSPACE_GAMMA UNITY_LIGHTMAP_RGBM_ENCODING
  api=4 type=0 insize=5543 outsize=1810 kw=UNITY_PASS_FORWARDBASE DIRECTIONAL pd=UNITY_ENABLE_REFLECTION_BUFFERS UNITY_NO_SCREENSPACE_SHADOWS UNITY_PBS_USE_BRDF3 UNITY_SPECCUBE_BOX_PROJECTION SHADER_API_DESKTOP UNITY_COLORSPACE_GAMMA UNITY_LIGHTMAP_RGBM_ENCODING ok=1
Cmd: compileSnippet
  api=4 type=1 insize=5543 outsize=3286 kw=UNITY_PASS_FORWARDBASE DIRECTIONAL pd=UNITY_ENABLE_REFLECTION_BUFFERS UNITY_NO_SCREENSPACE_SHADOWS UNITY_PBS_USE_BRDF3 UNITY_SPECCUBE_BOX_PROJECTION SHADER_API_DESKTOP UNITY_COLORSPACE_GAMMA UNITY_LIGHTMAP_RGBM_ENCODING ok=1
Cmd: compileSnippet
  error: 1 plat 4 at (73): Output value 'vert' is not completely initialized\nCompiling Vertex program with UNITY_PASS_FORWARDBASE DIRECTIONAL LIGHTPROBE_SH
Platform defines: UNITY_ENABLE_REFLECTION_BUFFERS UNITY_NO_SCREENSPACE_SHADOWS UNITY_PBS_USE_BRDF3 UNITY_SPECCUBE_BOX_PROJECTION SHADER_API_DESKTOP UNITY_COLORSPACE_GAMMA UNITY_LIGHTMAP_RGBM_ENCODING
  api=4 type=0 insize=5543 outsize=1810 kw=UNITY_PASS_FORWARDBASE DIRECTIONAL LIGHTPROBE_SH pd=UNITY_ENABLE_REFLECTION_BUFFERS UNITY_NO_SCREENSPACE_SHADOWS UNITY_PBS_USE_BRDF3 UNITY_SPECCUBE_BOX_PROJECTION SHADER_API_DESKTOP UNITY_COLORSPACE_GAMMA UNITY_LIGHTMAP_RGBM_ENCODING ok=1
Cmd: compileSnippet
  api=4 type=1 insize=5543 outsize=3286 kw=UNITY_PASS_FORWARDBASE DIRECTIONAL LIGHTPROBE_SH pd=UNITY_ENABLE_REFLECTION_BUFFERS UNITY_NO_SCREENSPACE_SHADOWS UNITY_PBS_USE_BRDF3 UNITY_SPECCUBE_BOX_PROJECTION SHADER_API_DESKTOP UNITY_COLORSPACE_GAMMA UNITY_LIGHTMAP_RGBM_ENCODING ok=1
Cmd: preprocess
  insize=7043 outsize=1581 ok=1
Cmd: compileSnippet
  error: 1 plat 4 at (73): Output value 'vert' is not completely initialized\nCompiling Vertex program with UNITY_PASS_FORWARDBASE DIRECTIONAL
Platform defines: UNITY_ENABLE_REFLECTION_BUFFERS UNITY_USE_DITHER_MASK_FOR_ALPHABLENDED_SHADOWS UNITY_PBS_USE_BRDF1 UNITY_SPECCUBE_BOX_PROJECTION UNITY_SPECCUBE_BLENDING UNITY_ENABLE_DETAIL_NORMALMAP SHADER_API_DESKTOP UNITY_COLORSPACE_GAMMA UNITY_LIGHT_PROBE_PROXY_VOLUME UNITY_LIGHTMAP_RGBM_ENCODING
  api=4 type=0 insize=5545 outsize=1810 kw=UNITY_PASS_FORWARDBASE DIRECTIONAL pd=UNITY_ENABLE_REFLECTION_BUFFERS UNITY_USE_DITHER_MASK_FOR_ALPHABLENDED_SHADOWS UNITY_PBS_USE_BRDF1 UNITY_SPECCUBE_BOX_PROJECTION UNITY_SPECCUBE_BLENDING UNITY_ENABLE_DETAIL_NORMALMAP SHADER_API_DESKTOP UNITY_COLORSPACE_GAMMA UNITY_LIGHT_PROBE_PROXY_VOLUME UNITY_LIGHTMAP_RGBM_ENCODING ok=1
Cmd: compileSnippet
  api=4 type=1 insize=5545 outsize=3294 kw=UNITY_PASS_FORWARDBASE DIRECTIONAL pd=UNITY_ENABLE_REFLECTION_BUFFERS UNITY_USE_DITHER_MASK_FOR_ALPHABLENDED_SHADOWS UNITY_PBS_USE_BRDF1 UNITY_SPECCUBE_BOX_PROJECTION UNITY_SPECCUBE_BLENDING UNITY_ENABLE_DETAIL_NORMALMAP SHADER_API_DESKTOP UNITY_COLORSPACE_GAMMA UNITY_LIGHT_PROBE_PROXY_VOLUME UNITY_LIGHTMAP_RGBM_ENCODING ok=1
Cmd: compileSnippet
  api=4 type=0 insize=5545 outsize=2030 kw=UNITY_PASS_FORWARDBASE DIRECTIONAL SHADOWS_SCREEN LIGHTMAP_ON LIGHTMAP_SHADOW_MIXING pd=UNITY_ENABLE_REFLECTION_BUFFERS UNITY_NO_SCREENSPACE_SHADOWS UNITY_PBS_USE_BRDF3 UNITY_SPECCUBE_BOX_PROJECTION SHADER_API_DESKTOP UNITY_COLORSPACE_GAMMA UNITY_LIGHTMAP_RGBM_ENCODING ok=1
Cmd: compileSnippet
  api=4 type=1 insize=5545 outsize=3294 kw=UNITY_PASS_FORWARDBASE DIRECTIONAL SHADOWS_SCREEN LIGHTMAP_ON LIGHTMAP_SHADOW_MIXING pd=UNITY_ENABLE_REFLECTION_BUFFERS UNITY_NO_SCREENSPACE_SHADOWS UNITY_PBS_USE_BRDF3 UNITY_SPECCUBE_BOX_PROJECTION SHADER_API_DESKTOP UNITY_COLORSPACE_GAMMA UNITY_LIGHTMAP_RGBM_ENCODING ok=1
Cmd: compileSnippet
  error: 1 plat 4 at (73): Output value 'vert' is not completely initialized\nCompiling Vertex program with UNITY_PASS_FORWARDBASE DIRECTIONAL
Platform defines: UNITY_ENABLE_REFLECTION_BUFFERS UNITY_NO_SCREENSPACE_SHADOWS UNITY_PBS_USE_BRDF3 UNITY_SPECCUBE_BOX_PROJECTION SHADER_API_DESKTOP UNITY_COLORSPACE_GAMMA UNITY_LIGHTMAP_RGBM_ENCODING
  api=4 type=0 insize=5545 outsize=1810 kw=UNITY_PASS_FORWARDBASE DIRECTIONAL pd=UNITY_ENABLE_REFLECTION_BUFFERS UNITY_NO_SCREENSPACE_SHADOWS UNITY_PBS_USE_BRDF3 UNITY_SPECCUBE_BOX_PROJECTION SHADER_API_DESKTOP UNITY_COLORSPACE_GAMMA UNITY_LIGHTMAP_RGBM_ENCODING ok=1
Cmd: compileSnippet
  api=4 type=1 insize=5545 outsize=3266 kw=UNITY_PASS_FORWARDBASE DIRECTIONAL pd=UNITY_ENABLE_REFLECTION_BUFFERS UNITY_NO_SCREENSPACE_SHADOWS UNITY_PBS_USE_BRDF3 UNITY_SPECCUBE_BOX_PROJECTION SHADER_API_DESKTOP UNITY_COLORSPACE_GAMMA UNITY_LIGHTMAP_RGBM_ENCODING ok=1
Cmd: compileSnippet
  error: 1 plat 4 at (73): Output value 'vert' is not completely initialized\nCompiling Vertex program with UNITY_PASS_FORWARDBASE DIRECTIONAL LIGHTPROBE_SH
Platform defines: UNITY_ENABLE_REFLECTION_BUFFERS UNITY_NO_SCREENSPACE_SHADOWS UNITY_PBS_USE_BRDF3 UNITY_SPECCUBE_BOX_PROJECTION SHADER_API_DESKTOP UNITY_COLORSPACE_GAMMA UNITY_LIGHTMAP_RGBM_ENCODING
  api=4 type=0 insize=5545 outsize=1810 kw=UNITY_PASS_FORWARDBASE DIRECTIONAL LIGHTPROBE_SH pd=UNITY_ENABLE_REFLECTION_BUFFERS UNITY_NO_SCREENSPACE_SHADOWS UNITY_PBS_USE_BRDF3 UNITY_SPECCUBE_BOX_PROJECTION SHADER_API_DESKTOP UNITY_COLORSPACE_GAMMA UNITY_LIGHTMAP_RGBM_ENCODING ok=1
Cmd: compileSnippet
  api=4 type=1 insize=5545 outsize=3266 kw=UNITY_PASS_FORWARDBASE DIRECTIONAL LIGHTPROBE_SH pd=UNITY_ENABLE_REFLECTION_BUFFERS UNITY_NO_SCREENSPACE_SHADOWS UNITY_PBS_USE_BRDF3 UNITY_SPECCUBE_BOX_PROJECTION SHADER_API_DESKTOP UNITY_COLORSPACE_GAMMA UNITY_LIGHTMAP_RGBM_ENCODING ok=1
Cmd: preprocess
  insize=7212 outsize=1581 ok=1
Cmd: compileSnippet
  error: 1 plat 4 at (73): Output value 'vert' is not completely initialized\nCompiling Vertex program with UNITY_PASS_FORWARDBASE DIRECTIONAL
Platform defines: UNITY_ENABLE_REFLECTION_BUFFERS UNITY_USE_DITHER_MASK_FOR_ALPHABLENDED_SHADOWS UNITY_PBS_USE_BRDF1 UNITY_SPECCUBE_BOX_PROJECTION UNITY_SPECCUBE_BLENDING UNITY_ENABLE_DETAIL_NORMALMAP SHADER_API_DESKTOP UNITY_COLORSPACE_GAMMA UNITY_LIGHT_PROBE_PROXY_VOLUME UNITY_LIGHTMAP_RGBM_ENCODING
  api=4 type=0 insize=5714 outsize=1810 kw=UNITY_PASS_FORWARDBASE DIRECTIONAL pd=UNITY_ENABLE_REFLECTION_BUFFERS UNITY_USE_DITHER_MASK_FOR_ALPHABLENDED_SHADOWS UNITY_PBS_USE_BRDF1 UNITY_SPECCUBE_BOX_PROJECTION UNITY_SPECCUBE_BLENDING UNITY_ENABLE_DETAIL_NORMALMAP SHADER_API_DESKTOP UNITY_COLORSPACE_GAMMA UNITY_LIGHT_PROBE_PROXY_VOLUME UNITY_LIGHTMAP_RGBM_ENCODING ok=1
Cmd: compileSnippet
  api=4 type=1 insize=5714 outsize=3386 kw=UNITY_PASS_FORWARDBASE DIRECTIONAL pd=UNITY_ENABLE_REFLECTION_BUFFERS UNITY_USE_DITHER_MASK_FOR_ALPHABLENDED_SHADOWS UNITY_PBS_USE_BRDF1 UNITY_SPECCUBE_BOX_PROJECTION UNITY_SPECCUBE_BLENDING UNITY_ENABLE_DETAIL_NORMALMAP SHADER_API_DESKTOP UNITY_COLORSPACE_GAMMA UNITY_LIGHT_PROBE_PROXY_VOLUME UNITY_LIGHTMAP_RGBM_ENCODING ok=1
Cmd: compileSnippet
  api=4 type=0 insize=5714 outsize=2030 kw=UNITY_PASS_FORWARDBASE DIRECTIONAL SHADOWS_SCREEN LIGHTMAP_ON LIGHTMAP_SHADOW_MIXING pd=UNITY_ENABLE_REFLECTION_BUFFERS UNITY_NO_SCREENSPACE_SHADOWS UNITY_PBS_USE_BRDF3 UNITY_SPECCUBE_BOX_PROJECTION SHADER_API_DESKTOP UNITY_COLORSPACE_GAMMA UNITY_LIGHTMAP_RGBM_ENCODING ok=1
Cmd: compileSnippet
  api=4 type=1 insize=5714 outsize=3386 kw=UNITY_PASS_FORWARDBASE DIRECTIONAL SHADOWS_SCREEN LIGHTMAP_ON LIGHTMAP_SHADOW_MIXING pd=UNITY_ENABLE_REFLECTION_BUFFERS UNITY_NO_SCREENSPACE_SHADOWS UNITY_PBS_USE_BRDF3 UNITY_SPECCUBE_BOX_PROJECTION SHADER_API_DESKTOP UNITY_COLORSPACE_GAMMA UNITY_LIGHTMAP_RGBM_ENCODING ok=1
Cmd: compileSnippet
  error: 1 plat 4 at (73): Output value 'vert' is not completely initialized\nCompiling Vertex program with UNITY_PASS_FORWARDBASE DIRECTIONAL
Platform defines: UNITY_ENABLE_REFLECTION_BUFFERS UNITY_NO_SCREENSPACE_SHADOWS UNITY_PBS_USE_BRDF3 UNITY_SPECCUBE_BOX_PROJECTION SHADER_API_DESKTOP UNITY_COLORSPACE_GAMMA UNITY_LIGHTMAP_RGBM_ENCODING
  api=4 type=0 insize=5714 outsize=1810 kw=UNITY_PASS_FORWARDBASE DIRECTIONAL pd=UNITY_ENABLE_REFLECTION_BUFFERS UNITY_NO_SCREENSPACE_SHADOWS UNITY_PBS_USE_BRDF3 UNITY_SPECCUBE_BOX_PROJECTION SHADER_API_DESKTOP UNITY_COLORSPACE_GAMMA UNITY_LIGHTMAP_RGBM_ENCODING ok=1
Cmd: compileSnippet
  api=4 type=1 insize=5714 outsize=3358 kw=UNITY_PASS_FORWARDBASE DIRECTIONAL pd=UNITY_ENABLE_REFLECTION_BUFFERS UNITY_NO_SCREENSPACE_SHADOWS UNITY_PBS_USE_BRDF3 UNITY_SPECCUBE_BOX_PROJECTION SHADER_API_DESKTOP UNITY_COLORSPACE_GAMMA UNITY_LIGHTMAP_RGBM_ENCODING ok=1
Cmd: compileSnippet
  error: 1 plat 4 at (73): Output value 'vert' is not completely initialized\nCompiling Vertex program with UNITY_PASS_FORWARDBASE DIRECTIONAL LIGHTPROBE_SH
Platform defines: UNITY_ENABLE_REFLECTION_BUFFERS UNITY_NO_SCREENSPACE_SHADOWS UNITY_PBS_USE_BRDF3 UNITY_SPECCUBE_BOX_PROJECTION SHADER_API_DESKTOP UNITY_COLORSPACE_GAMMA UNITY_LIGHTMAP_RGBM_ENCODING
  api=4 type=0 insize=5714 outsize=1810 kw=UNITY_PASS_FORWARDBASE DIRECTIONAL LIGHTPROBE_SH pd=UNITY_ENABLE_REFLECTION_BUFFERS UNITY_NO_SCREENSPACE_SHADOWS UNITY_PBS_USE_BRDF3 UNITY_SPECCUBE_BOX_PROJECTION SHADER_API_DESKTOP UNITY_COLORSPACE_GAMMA UNITY_LIGHTMAP_RGBM_ENCODING ok=1
Cmd: compileSnippet
  api=4 type=1 insize=5714 outsize=3358 kw=UNITY_PASS_FORWARDBASE DIRECTIONAL LIGHTPROBE_SH pd=UNITY_ENABLE_REFLECTION_BUFFERS UNITY_NO_SCREENSPACE_SHADOWS UNITY_PBS_USE_BRDF3 UNITY_SPECCUBE_BOX_PROJECTION SHADER_API_DESKTOP UNITY_COLORSPACE_GAMMA UNITY_LIGHTMAP_RGBM_ENCODING ok=1
Cmd: preprocess
  insize=7230 outsize=1581 ok=1
Cmd: compileSnippet
  error: 1 plat 4 at (73): Output value 'vert' is not completely initialized\nCompiling Vertex program with UNITY_PASS_FORWARDBASE DIRECTIONAL
Platform defines: UNITY_ENABLE_REFLECTION_BUFFERS UNITY_USE_DITHER_MASK_FOR_ALPHABLENDED_SHADOWS UNITY_PBS_USE_BRDF1 UNITY_SPECCUBE_BOX_PROJECTION UNITY_SPECCUBE_BLENDING UNITY_ENABLE_DETAIL_NORMALMAP SHADER_API_DESKTOP UNITY_COLORSPACE_GAMMA UNITY_LIGHT_PROBE_PROXY_VOLUME UNITY_LIGHTMAP_RGBM_ENCODING
  api=4 type=0 insize=5732 outsize=1810 kw=UNITY_PASS_FORWARDBASE DIRECTIONAL pd=UNITY_ENABLE_REFLECTION_BUFFERS UNITY_USE_DITHER_MASK_FOR_ALPHABLENDED_SHADOWS UNITY_PBS_USE_BRDF1 UNITY_SPECCUBE_BOX_PROJECTION UNITY_SPECCUBE_BLENDING UNITY_ENABLE_DETAIL_NORMALMAP SHADER_API_DESKTOP UNITY_COLORSPACE_GAMMA UNITY_LIGHT_PROBE_PROXY_VOLUME UNITY_LIGHTMAP_RGBM_ENCODING ok=1
Cmd: compileSnippet
  api=4 type=1 insize=5732 outsize=1522 kw=UNITY_PASS_FORWARDBASE DIRECTIONAL pd=UNITY_ENABLE_REFLECTION_BUFFERS UNITY_USE_DITHER_MASK_FOR_ALPHABLENDED_SHADOWS UNITY_PBS_USE_BRDF1 UNITY_SPECCUBE_BOX_PROJECTION UNITY_SPECCUBE_BLENDING UNITY_ENABLE_DETAIL_NORMALMAP SHADER_API_DESKTOP UNITY_COLORSPACE_GAMMA UNITY_LIGHT_PROBE_PROXY_VOLUME UNITY_LIGHTMAP_RGBM_ENCODING ok=1
Cmd: compileSnippet
  api=4 type=0 insize=5732 outsize=2030 kw=UNITY_PASS_FORWARDBASE DIRECTIONAL SHADOWS_SCREEN LIGHTMAP_ON LIGHTMAP_SHADOW_MIXING pd=UNITY_ENABLE_REFLECTION_BUFFERS UNITY_NO_SCREENSPACE_SHADOWS UNITY_PBS_USE_BRDF3 UNITY_SPECCUBE_BOX_PROJECTION SHADER_API_DESKTOP UNITY_COLORSPACE_GAMMA UNITY_LIGHTMAP_RGBM_ENCODING ok=1
Cmd: compileSnippet
  api=4 type=1 insize=5732 outsize=1522 kw=UNITY_PASS_FORWARDBASE DIRECTIONAL SHADOWS_SCREEN LIGHTMAP_ON LIGHTMAP_SHADOW_MIXING pd=UNITY_ENABLE_REFLECTION_BUFFERS UNITY_NO_SCREENSPACE_SHADOWS UNITY_PBS_USE_BRDF3 UNITY_SPECCUBE_BOX_PROJECTION SHADER_API_DESKTOP UNITY_COLORSPACE_GAMMA UNITY_LIGHTMAP_RGBM_ENCODING ok=1
Cmd: compileSnippet
  error: 1 plat 4 at (73): Output value 'vert' is not completely initialized\nCompiling Vertex program with UNITY_PASS_FORWARDBASE DIRECTIONAL
Platform defines: UNITY_ENABLE_REFLECTION_BUFFERS UNITY_NO_SCREENSPACE_SHADOWS UNITY_PBS_USE_BRDF3 UNITY_SPECCUBE_BOX_PROJECTION SHADER_API_DESKTOP UNITY_COLORSPACE_GAMMA UNITY_LIGHTMAP_RGBM_ENCODING
  api=4 type=0 insize=5732 outsize=1810 kw=UNITY_PASS_FORWARDBASE DIRECTIONAL pd=UNITY_ENABLE_REFLECTION_BUFFERS UNITY_NO_SCREENSPACE_SHADOWS UNITY_PBS_USE_BRDF3 UNITY_SPECCUBE_BOX_PROJECTION SHADER_API_DESKTOP UNITY_COLORSPACE_GAMMA UNITY_LIGHTMAP_RGBM_ENCODING ok=1
Cmd: compileSnippet
  api=4 type=1 insize=5732 outsize=1522 kw=UNITY_PASS_FORWARDBASE DIRECTIONAL pd=UNITY_ENABLE_REFLECTION_BUFFERS UNITY_NO_SCREENSPACE_SHADOWS UNITY_PBS_USE_BRDF3 UNITY_SPECCUBE_BOX_PROJECTION SHADER_API_DESKTOP UNITY_COLORSPACE_GAMMA UNITY_LIGHTMAP_RGBM_ENCODING ok=1
Cmd: compileSnippet
  error: 1 plat 4 at (73): Output value 'vert' is not completely initialized\nCompiling Vertex program with UNITY_PASS_FORWARDBASE DIRECTIONAL LIGHTPROBE_SH
Platform defines: UNITY_ENABLE_REFLECTION_BUFFERS UNITY_NO_SCREENSPACE_SHADOWS UNITY_PBS_USE_BRDF3 UNITY_SPECCUBE_BOX_PROJECTION SHADER_API_DESKTOP UNITY_COLORSPACE_GAMMA UNITY_LIGHTMAP_RGBM_ENCODING
  api=4 type=0 insize=5732 outsize=1810 kw=UNITY_PASS_FORWARDBASE DIRECTIONAL LIGHTPROBE_SH pd=UNITY_ENABLE_REFLECTION_BUFFERS UNITY_NO_SCREENSPACE_SHADOWS UNITY_PBS_USE_BRDF3 UNITY_SPECCUBE_BOX_PROJECTION SHADER_API_DESKTOP UNITY_COLORSPACE_GAMMA UNITY_LIGHTMAP_RGBM_ENCODING ok=1
Cmd: compileSnippet
  api=4 type=1 insize=5732 outsize=1522 kw=UNITY_PASS_FORWARDBASE DIRECTIONAL LIGHTPROBE_SH pd=UNITY_ENABLE_REFLECTION_BUFFERS UNITY_NO_SCREENSPACE_SHADOWS UNITY_PBS_USE_BRDF3 UNITY_SPECCUBE_BOX_PROJECTION SHADER_API_DESKTOP UNITY_COLORSPACE_GAMMA UNITY_LIGHTMAP_RGBM_ENCODING ok=1
Cmd: compileSnippet
  error: 1 plat 4 at (73): Output value 'vert' is not completely initialized\nCompiling Vertex program with UNITY_PASS_FORWARDBASE DIRECTIONAL LIGHTMAP_ON LIGHTMAP_SHADOW_MIXING
Platform defines: UNITY_ENABLE_REFLECTION_BUFFERS UNITY_NO_SCREENSPACE_SHADOWS UNITY_PBS_USE_BRDF3 UNITY_SPECCUBE_BOX_PROJECTION SHADER_API_DESKTOP UNITY_COLORSPACE_GAMMA UNITY_LIGHTMAP_RGBM_ENCODING
  api=4 type=0 insize=5732 outsize=1810 kw=UNITY_PASS_FORWARDBASE DIRECTIONAL LIGHTMAP_ON LIGHTMAP_SHADOW_MIXING pd=UNITY_ENABLE_REFLECTION_BUFFERS UNITY_NO_SCREENSPACE_SHADOWS UNITY_PBS_USE_BRDF3 UNITY_SPECCUBE_BOX_PROJECTION SHADER_API_DESKTOP UNITY_COLORSPACE_GAMMA UNITY_LIGHTMAP_RGBM_ENCODING ok=1
Cmd: compileSnippet
  api=4 type=1 insize=5732 outsize=1522 kw=UNITY_PASS_FORWARDBASE DIRECTIONAL LIGHTMAP_ON LIGHTMAP_SHADOW_MIXING pd=UNITY_ENABLE_REFLECTION_BUFFERS UNITY_NO_SCREENSPACE_SHADOWS UNITY_PBS_USE_BRDF3 UNITY_SPECCUBE_BOX_PROJECTION SHADER_API_DESKTOP UNITY_COLORSPACE_GAMMA UNITY_LIGHTMAP_RGBM_ENCODING ok=1
Cmd: preprocess
  insize=7381 outsize=1582 ok=1
Cmd: compileSnippet
  error: 2 plat 4 at (146): 'GGXSpecular': no matching 8 parameter function\nCompiling Vertex program with UNITY_PASS_FORWARDBASE DIRECTIONAL
Platform defines: UNITY_ENABLE_REFLECTION_BUFFERS UNITY_USE_DITHER_MASK_FOR_ALPHABLENDED_SHADOWS UNITY_PBS_USE_BRDF1 UNITY_SPECCUBE_BOX_PROJECTION UNITY_SPECCUBE_BLENDING UNITY_ENABLE_DETAIL_NORMALMAP SHADER_API_DESKTOP UNITY_COLORSPACE_GAMMA UNITY_LIGHT_PROBE_PROXY_VOLUME UNITY_LIGHTMAP_RGBM_ENCODING
  error: 2 plat 4 at (149): undeclared identifier 'fresnel'\nCompiling Vertex program with UNITY_PASS_FORWARDBASE DIRECTIONAL
Platform defines: UNITY_ENABLE_REFLECTION_BUFFERS UNITY_USE_DITHER_MASK_FOR_ALPHABLENDED_SHADOWS UNITY_PBS_USE_BRDF1 UNITY_SPECCUBE_BOX_PROJECTION UNITY_SPECCUBE_BLENDING UNITY_ENABLE_DETAIL_NORMALMAP SHADER_API_DESKTOP UNITY_COLORSPACE_GAMMA UNITY_LIGHT_PROBE_PROXY_VOLUME UNITY_LIGHTMAP_RGBM_ENCODING
  api=4 type=0 insize=5883 outsize=0 kw=UNITY_PASS_FORWARDBASE DIRECTIONAL pd=UNITY_ENABLE_REFLECTION_BUFFERS UNITY_USE_DITHER_MASK_FOR_ALPHABLENDED_SHADOWS UNITY_PBS_USE_BRDF1 UNITY_SPECCUBE_BOX_PROJECTION UNITY_SPECCUBE_BLENDING UNITY_ENABLE_DETAIL_NORMALMAP SHADER_API_DESKTOP UNITY_COLORSPACE_GAMMA UNITY_LIGHT_PROBE_PROXY_VOLUME UNITY_LIGHTMAP_RGBM_ENCODING ok=0
Cmd: compileSnippet
  error: 2 plat 4 at (146): 'GGXSpecular': no matching 8 parameter function\nCompiling Vertex program with UNITY_PASS_FORWARDBASE DIRECTIONAL SHADOWS_SCREEN LIGHTMAP_ON LIGHTMAP_SHADOW_MIXING
Platform defines: UNITY_ENABLE_REFLECTION_BUFFERS UNITY_NO_SCREENSPACE_SHADOWS UNITY_PBS_USE_BRDF3 UNITY_SPECCUBE_BOX_PROJECTION SHADER_API_DESKTOP UNITY_COLORSPACE_GAMMA UNITY_LIGHTMAP_RGBM_ENCODING
  error: 2 plat 4 at (149): undeclared identifier 'fresnel'\nCompiling Vertex program with UNITY_PASS_FORWARDBASE DIRECTIONAL SHADOWS_SCREEN LIGHTMAP_ON LIGHTMAP_SHADOW_MIXING
Platform defines: UNITY_ENABLE_REFLECTION_BUFFERS UNITY_NO_SCREENSPACE_SHADOWS UNITY_PBS_USE_BRDF3 UNITY_SPECCUBE_BOX_PROJECTION SHADER_API_DESKTOP UNITY_COLORSPACE_GAMMA UNITY_LIGHTMAP_RGBM_ENCODING
  api=4 type=0 insize=5883 outsize=0 kw=UNITY_PASS_FORWARDBASE DIRECTIONAL SHADOWS_SCREEN LIGHTMAP_ON LIGHTMAP_SHADOW_MIXING pd=UNITY_ENABLE_REFLECTION_BUFFERS UNITY_NO_SCREENSPACE_SHADOWS UNITY_PBS_USE_BRDF3 UNITY_SPECCUBE_BOX_PROJECTION SHADER_API_DESKTOP UNITY_COLORSPACE_GAMMA UNITY_LIGHTMAP_RGBM_ENCODING ok=0
Cmd: compileSnippet
  error: 2 plat 4 at (146): 'GGXSpecular': no matching 8 parameter function\nCompiling Fragment program with UNITY_PASS_FORWARDBASE DIRECTIONAL SHADOWS_SCREEN LIGHTMAP_ON LIGHTMAP_SHADOW_MIXING
Platform defines: UNITY_ENABLE_REFLECTION_BUFFERS UNITY_NO_SCREENSPACE_SHADOWS UNITY_PBS_USE_BRDF3 UNITY_SPECCUBE_BOX_PROJECTION SHADER_API_DESKTOP UNITY_COLORSPACE_GAMMA UNITY_LIGHTMAP_RGBM_ENCODING
  error: 2 plat 4 at (149): undeclared identifier 'fresnel'\nCompiling Fragment program with UNITY_PASS_FORWARDBASE DIRECTIONAL SHADOWS_SCREEN LIGHTMAP_ON LIGHTMAP_SHADOW_MIXING
Platform defines: UNITY_ENABLE_REFLECTION_BUFFERS UNITY_NO_SCREENSPACE_SHADOWS UNITY_PBS_USE_BRDF3 UNITY_SPECCUBE_BOX_PROJECTION SHADER_API_DESKTOP UNITY_COLORSPACE_GAMMA UNITY_LIGHTMAP_RGBM_ENCODING
  api=4 type=1 insize=5883 outsize=0 kw=UNITY_PASS_FORWARDBASE DIRECTIONAL SHADOWS_SCREEN LIGHTMAP_ON LIGHTMAP_SHADOW_MIXING pd=UNITY_ENABLE_REFLECTION_BUFFERS UNITY_NO_SCREENSPACE_SHADOWS UNITY_PBS_USE_BRDF3 UNITY_SPECCUBE_BOX_PROJECTION SHADER_API_DESKTOP UNITY_COLORSPACE_GAMMA UNITY_LIGHTMAP_RGBM_ENCODING ok=0
Cmd: compileSnippet
  error: 2 plat 4 at (146): 'GGXSpecular': no matching 8 parameter function\nCompiling Vertex program with UNITY_PASS_FORWARDBASE DIRECTIONAL LIGHTMAP_ON LIGHTMAP_SHADOW_MIXING
Platform defines: UNITY_ENABLE_REFLECTION_BUFFERS UNITY_NO_SCREENSPACE_SHADOWS UNITY_PBS_USE_BRDF3 UNITY_SPECCUBE_BOX_PROJECTION SHADER_API_DESKTOP UNITY_COLORSPACE_GAMMA UNITY_LIGHTMAP_RGBM_ENCODING
  error: 2 plat 4 at (149): undeclared identifier 'fresnel'\nCompiling Vertex program with UNITY_PASS_FORWARDBASE DIRECTIONAL LIGHTMAP_ON LIGHTMAP_SHADOW_MIXING
Platform defines: UNITY_ENABLE_REFLECTION_BUFFERS UNITY_NO_SCREENSPACE_SHADOWS UNITY_PBS_USE_BRDF3 UNITY_SPECCUBE_BOX_PROJECTION SHADER_API_DESKTOP UNITY_COLORSPACE_GAMMA UNITY_LIGHTMAP_RGBM_ENCODING
  api=4 type=0 insize=5883 outsize=0 kw=UNITY_PASS_FORWARDBASE DIRECTIONAL LIGHTMAP_ON LIGHTMAP_SHADOW_MIXING pd=UNITY_ENABLE_REFLECTION_BUFFERS UNITY_NO_SCREENSPACE_SHADOWS UNITY_PBS_USE_BRDF3 UNITY_SPECCUBE_BOX_PROJECTION SHADER_API_DESKTOP UNITY_COLORSPACE_GAMMA UNITY_LIGHTMAP_RGBM_ENCODING ok=0
Cmd: compileSnippet
  error: 2 plat 4 at (146): 'GGXSpecular': no matching 8 parameter function\nCompiling Fragment program with UNITY_PASS_FORWARDBASE DIRECTIONAL LIGHTMAP_ON LIGHTMAP_SHADOW_MIXING
Platform defines: UNITY_ENABLE_REFLECTION_BUFFERS UNITY_NO_SCREENSPACE_SHADOWS UNITY_PBS_USE_BRDF3 UNITY_SPECCUBE_BOX_PROJECTION SHADER_API_DESKTOP UNITY_COLORSPACE_GAMMA UNITY_LIGHTMAP_RGBM_ENCODING
  error: 2 plat 4 at (149): undeclared identifier 'fresnel'\nCompiling Fragment program with UNITY_PASS_FORWARDBASE DIRECTIONAL LIGHTMAP_ON LIGHTMAP_SHADOW_MIXING
Platform defines: UNITY_ENABLE_REFLECTION_BUFFERS UNITY_NO_SCREENSPACE_SHADOWS UNITY_PBS_USE_BRDF3 UNITY_SPECCUBE_BOX_PROJECTION SHADER_API_DESKTOP UNITY_COLORSPACE_GAMMA UNITY_LIGHTMAP_RGBM_ENCODING
  api=4 type=1 insize=5883 outsize=0 kw=UNITY_PASS_FORWARDBASE DIRECTIONAL LIGHTMAP_ON LIGHTMAP_SHADOW_MIXING pd=UNITY_ENABLE_REFLECTION_BUFFERS UNITY_NO_SCREENSPACE_SHADOWS UNITY_PBS_USE_BRDF3 UNITY_SPECCUBE_BOX_PROJECTION SHADER_API_DESKTOP UNITY_COLORSPACE_GAMMA UNITY_LIGHTMAP_RGBM_ENCODING ok=0
Cmd: preprocess
  insize=7386 outsize=1582 ok=1
Cmd: compileSnippet
  error: 1 plat 4 at (73): Output value 'vert' is not completely initialized\nCompiling Vertex program with UNITY_PASS_FORWARDBASE DIRECTIONAL
Platform defines: UNITY_ENABLE_REFLECTION_BUFFERS UNITY_USE_DITHER_MASK_FOR_ALPHABLENDED_SHADOWS UNITY_PBS_USE_BRDF1 UNITY_SPECCUBE_BOX_PROJECTION UNITY_SPECCUBE_BLENDING UNITY_ENABLE_DETAIL_NORMALMAP SHADER_API_DESKTOP UNITY_COLORSPACE_GAMMA UNITY_LIGHT_PROBE_PROXY_VOLUME UNITY_LIGHTMAP_RGBM_ENCODING
  api=4 type=0 insize=5888 outsize=1810 kw=UNITY_PASS_FORWARDBASE DIRECTIONAL pd=UNITY_ENABLE_REFLECTION_BUFFERS UNITY_USE_DITHER_MASK_FOR_ALPHABLENDED_SHADOWS UNITY_PBS_USE_BRDF1 UNITY_SPECCUBE_BOX_PROJECTION UNITY_SPECCUBE_BLENDING UNITY_ENABLE_DETAIL_NORMALMAP SHADER_API_DESKTOP UNITY_COLORSPACE_GAMMA UNITY_LIGHT_PROBE_PROXY_VOLUME UNITY_LIGHTMAP_RGBM_ENCODING ok=1
Cmd: compileSnippet
  api=4 type=1 insize=5888 outsize=1350 kw=UNITY_PASS_FORWARDBASE DIRECTIONAL pd=UNITY_ENABLE_REFLECTION_BUFFERS UNITY_USE_DITHER_MASK_FOR_ALPHABLENDED_SHADOWS UNITY_PBS_USE_BRDF1 UNITY_SPECCUBE_BOX_PROJECTION UNITY_SPECCUBE_BLENDING UNITY_ENABLE_DETAIL_NORMALMAP SHADER_API_DESKTOP UNITY_COLORSPACE_GAMMA UNITY_LIGHT_PROBE_PROXY_VOLUME UNITY_LIGHTMAP_RGBM_ENCODING ok=1
Cmd: compileSnippet
  api=4 type=0 insize=836 outsize=1050 kw=UNITY_PASS_META pd=UNITY_ENABLE_REFLECTION_BUFFERS UNITY_USE_DITHER_MASK_FOR_ALPHABLENDED_SHADOWS UNITY_PBS_USE_BRDF1 UNITY_SPECCUBE_BOX_PROJECTION UNITY_SPECCUBE_BLENDING UNITY_ENABLE_DETAIL_NORMALMAP SHADER_API_DESKTOP UNITY_COLORSPACE_GAMMA UNITY_LIGHT_PROBE_PROXY_VOLUME UNITY_LIGHTMAP_RGBM_ENCODING ok=1
Cmd: compileSnippet
  api=4 type=1 insize=836 outsize=826 kw=UNITY_PASS_META pd=UNITY_ENABLE_REFLECTION_BUFFERS UNITY_USE_DITHER_MASK_FOR_ALPHABLENDED_SHADOWS UNITY_PBS_USE_BRDF1 UNITY_SPECCUBE_BOX_PROJECTION UNITY_SPECCUBE_BLENDING UNITY_ENABLE_DETAIL_NORMALMAP SHADER_API_DESKTOP UNITY_COLORSPACE_GAMMA UNITY_LIGHT_PROBE_PROXY_VOLUME UNITY_LIGHTMAP_RGBM_ENCODING ok=1
Cmd: compileSnippet
  api=4 type=0 insize=5888 outsize=2030 kw=UNITY_PASS_FORWARDBASE DIRECTIONAL SHADOWS_SCREEN LIGHTMAP_ON LIGHTMAP_SHADOW_MIXING pd=UNITY_ENABLE_REFLECTION_BUFFERS UNITY_NO_SCREENSPACE_SHADOWS UNITY_PBS_USE_BRDF3 UNITY_SPECCUBE_BOX_PROJECTION SHADER_API_DESKTOP UNITY_COLORSPACE_GAMMA UNITY_LIGHTMAP_RGBM_ENCODING ok=1
Cmd: compileSnippet
  api=4 type=1 insize=5888 outsize=1350 kw=UNITY_PASS_FORWARDBASE DIRECTIONAL SHADOWS_SCREEN LIGHTMAP_ON LIGHTMAP_SHADOW_MIXING pd=UNITY_ENABLE_REFLECTION_BUFFERS UNITY_NO_SCREENSPACE_SHADOWS UNITY_PBS_USE_BRDF3 UNITY_SPECCUBE_BOX_PROJECTION SHADER_API_DESKTOP UNITY_COLORSPACE_GAMMA UNITY_LIGHTMAP_RGBM_ENCODING ok=1
Cmd: compileSnippet
  error: 1 plat 4 at (73): Output value 'vert' is not completely initialized\nCompiling Vertex program with UNITY_PASS_FORWARDBASE DIRECTIONAL LIGHTMAP_ON LIGHTMAP_SHADOW_MIXING
Platform defines: UNITY_ENABLE_REFLECTION_BUFFERS UNITY_NO_SCREENSPACE_SHADOWS UNITY_PBS_USE_BRDF3 UNITY_SPECCUBE_BOX_PROJECTION SHADER_API_DESKTOP UNITY_COLORSPACE_GAMMA UNITY_LIGHTMAP_RGBM_ENCODING
  api=4 type=0 insize=5888 outsize=1810 kw=UNITY_PASS_FORWARDBASE DIRECTIONAL LIGHTMAP_ON LIGHTMAP_SHADOW_MIXING pd=UNITY_ENABLE_REFLECTION_BUFFERS UNITY_NO_SCREENSPACE_SHADOWS UNITY_PBS_USE_BRDF3 UNITY_SPECCUBE_BOX_PROJECTION SHADER_API_DESKTOP UNITY_COLORSPACE_GAMMA UNITY_LIGHTMAP_RGBM_ENCODING ok=1
Cmd: compileSnippet
  api=4 type=1 insize=5888 outsize=1350 kw=UNITY_PASS_FORWARDBASE DIRECTIONAL LIGHTMAP_ON LIGHTMAP_SHADOW_MIXING pd=UNITY_ENABLE_REFLECTION_BUFFERS UNITY_NO_SCREENSPACE_SHADOWS UNITY_PBS_USE_BRDF3 UNITY_SPECCUBE_BOX_PROJECTION SHADER_API_DESKTOP UNITY_COLORSPACE_GAMMA UNITY_LIGHTMAP_RGBM_ENCODING ok=1
Cmd: preprocess
  insize=7391 outsize=1582 ok=1
Cmd: compileSnippet
  error: 1 plat 4 at (73): Output value 'vert' is not completely initialized\nCompiling Vertex program with UNITY_PASS_FORWARDBASE DIRECTIONAL
Platform defines: UNITY_ENABLE_REFLECTION_BUFFERS UNITY_USE_DITHER_MASK_FOR_ALPHABLENDED_SHADOWS UNITY_PBS_USE_BRDF1 UNITY_SPECCUBE_BOX_PROJECTION UNITY_SPECCUBE_BLENDING UNITY_ENABLE_DETAIL_NORMALMAP SHADER_API_DESKTOP UNITY_COLORSPACE_GAMMA UNITY_LIGHT_PROBE_PROXY_VOLUME UNITY_LIGHTMAP_RGBM_ENCODING
  api=4 type=0 insize=5893 outsize=1810 kw=UNITY_PASS_FORWARDBASE DIRECTIONAL pd=UNITY_ENABLE_REFLECTION_BUFFERS UNITY_USE_DITHER_MASK_FOR_ALPHABLENDED_SHADOWS UNITY_PBS_USE_BRDF1 UNITY_SPECCUBE_BOX_PROJECTION UNITY_SPECCUBE_BLENDING UNITY_ENABLE_DETAIL_NORMALMAP SHADER_API_DESKTOP UNITY_COLORSPACE_GAMMA UNITY_LIGHT_PROBE_PROXY_VOLUME UNITY_LIGHTMAP_RGBM_ENCODING ok=1
Cmd: compileSnippet
  api=4 type=1 insize=5893 outsize=1050 kw=UNITY_PASS_FORWARDBASE DIRECTIONAL pd=UNITY_ENABLE_REFLECTION_BUFFERS UNITY_USE_DITHER_MASK_FOR_ALPHABLENDED_SHADOWS UNITY_PBS_USE_BRDF1 UNITY_SPECCUBE_BOX_PROJECTION UNITY_SPECCUBE_BLENDING UNITY_ENABLE_DETAIL_NORMALMAP SHADER_API_DESKTOP UNITY_COLORSPACE_GAMMA UNITY_LIGHT_PROBE_PROXY_VOLUME UNITY_LIGHTMAP_RGBM_ENCODING ok=1
Cmd: compileSnippet
  api=4 type=0 insize=5893 outsize=2030 kw=UNITY_PASS_FORWARDBASE DIRECTIONAL SHADOWS_SCREEN LIGHTMAP_ON LIGHTMAP_SHADOW_MIXING pd=UNITY_ENABLE_REFLECTION_BUFFERS UNITY_NO_SCREENSPACE_SHADOWS UNITY_PBS_USE_BRDF3 UNITY_SPECCUBE_BOX_PROJECTION SHADER_API_DESKTOP UNITY_COLORSPACE_GAMMA UNITY_LIGHTMAP_RGBM_ENCODING ok=1
Cmd: compileSnippet
  api=4 type=1 insize=5893 outsize=1050 kw=UNITY_PASS_FORWARDBASE DIRECTIONAL SHADOWS_SCREEN LIGHTMAP_ON LIGHTMAP_SHADOW_MIXING pd=UNITY_ENABLE_REFLECTION_BUFFERS UNITY_NO_SCREENSPACE_SHADOWS UNITY_PBS_USE_BRDF3 UNITY_SPECCUBE_BOX_PROJECTION SHADER_API_DESKTOP UNITY_COLORSPACE_GAMMA UNITY_LIGHTMAP_RGBM_ENCODING ok=1
Cmd: compileSnippet
  error: 1 plat 4 at (73): Output value 'vert' is not completely initialized\nCompiling Vertex program with UNITY_PASS_FORWARDBASE DIRECTIONAL LIGHTMAP_ON LIGHTMAP_SHADOW_MIXING
Platform defines: UNITY_ENABLE_REFLECTION_BUFFERS UNITY_NO_SCREENSPACE_SHADOWS UNITY_PBS_USE_BRDF3 UNITY_SPECCUBE_BOX_PROJECTION SHADER_API_DESKTOP UNITY_COLORSPACE_GAMMA UNITY_LIGHTMAP_RGBM_ENCODING
  api=4 type=0 insize=5893 outsize=1810 kw=UNITY_PASS_FORWARDBASE DIRECTIONAL LIGHTMAP_ON LIGHTMAP_SHADOW_MIXING pd=UNITY_ENABLE_REFLECTION_BUFFERS UNITY_NO_SCREENSPACE_SHADOWS UNITY_PBS_USE_BRDF3 UNITY_SPECCUBE_BOX_PROJECTION SHADER_API_DESKTOP UNITY_COLORSPACE_GAMMA UNITY_LIGHTMAP_RGBM_ENCODING ok=1
Cmd: compileSnippet
  api=4 type=1 insize=5893 outsize=1050 kw=UNITY_PASS_FORWARDBASE DIRECTIONAL LIGHTMAP_ON LIGHTMAP_SHADOW_MIXING pd=UNITY_ENABLE_REFLECTION_BUFFERS UNITY_NO_SCREENSPACE_SHADOWS UNITY_PBS_USE_BRDF3 UNITY_SPECCUBE_BOX_PROJECTION SHADER_API_DESKTOP UNITY_COLORSPACE_GAMMA UNITY_LIGHTMAP_RGBM_ENCODING ok=1
Cmd: preprocess
  insize=7501 outsize=1581 ok=1
Cmd: compileSnippet
  error: 2 plat 4 at (154): undeclared identifier 'reflection'\nCompiling Vertex program with UNITY_PASS_FORWARDBASE DIRECTIONAL
Platform defines: UNITY_ENABLE_REFLECTION_BUFFERS UNITY_USE_DITHER_MASK_FOR_ALPHABLENDED_SHADOWS UNITY_PBS_USE_BRDF1 UNITY_SPECCUBE_BOX_PROJECTION UNITY_SPECCUBE_BLENDING UNITY_ENABLE_DETAIL_NORMALMAP SHADER_API_DESKTOP UNITY_COLORSPACE_GAMMA UNITY_LIGHT_PROBE_PROXY_VOLUME UNITY_LIGHTMAP_RGBM_ENCODING
  api=4 type=0 insize=6003 outsize=0 kw=UNITY_PASS_FORWARDBASE DIRECTIONAL pd=UNITY_ENABLE_REFLECTION_BUFFERS UNITY_USE_DITHER_MASK_FOR_ALPHABLENDED_SHADOWS UNITY_PBS_USE_BRDF1 UNITY_SPECCUBE_BOX_PROJECTION UNITY_SPECCUBE_BLENDING UNITY_ENABLE_DETAIL_NORMALMAP SHADER_API_DESKTOP UNITY_COLORSPACE_GAMMA UNITY_LIGHT_PROBE_PROXY_VOLUME UNITY_LIGHTMAP_RGBM_ENCODING ok=0
Cmd: compileSnippet
  error: 2 plat 4 at (154): undeclared identifier 'reflection'\nCompiling Vertex program with UNITY_PASS_FORWARDBASE DIRECTIONAL SHADOWS_SCREEN LIGHTMAP_ON LIGHTMAP_SHADOW_MIXING
Platform defines: UNITY_ENABLE_REFLECTION_BUFFERS UNITY_NO_SCREENSPACE_SHADOWS UNITY_PBS_USE_BRDF3 UNITY_SPECCUBE_BOX_PROJECTION SHADER_API_DESKTOP UNITY_COLORSPACE_GAMMA UNITY_LIGHTMAP_RGBM_ENCODING
  api=4 type=0 insize=6003 outsize=0 kw=UNITY_PASS_FORWARDBASE DIRECTIONAL SHADOWS_SCREEN LIGHTMAP_ON LIGHTMAP_SHADOW_MIXING pd=UNITY_ENABLE_REFLECTION_BUFFERS UNITY_NO_SCREENSPACE_SHADOWS UNITY_PBS_USE_BRDF3 UNITY_SPECCUBE_BOX_PROJECTION SHADER_API_DESKTOP UNITY_COLORSPACE_GAMMA UNITY_LIGHTMAP_RGBM_ENCODING ok=0
Cmd: compileSnippet
  error: 2 plat 4 at (154): undeclared identifier 'reflection'\nCompiling Fragment program with UNITY_PASS_FORWARDBASE DIRECTIONAL SHADOWS_SCREEN LIGHTMAP_ON LIGHTMAP_SHADOW_MIXING
Platform defines: UNITY_ENABLE_REFLECTION_BUFFERS UNITY_NO_SCREENSPACE_SHADOWS UNITY_PBS_USE_BRDF3 UNITY_SPECCUBE_BOX_PROJECTION SHADER_API_DESKTOP UNITY_COLORSPACE_GAMMA UNITY_LIGHTMAP_RGBM_ENCODING
  api=4 type=1 insize=6003 outsize=0 kw=UNITY_PASS_FORWARDBASE DIRECTIONAL SHADOWS_SCREEN LIGHTMAP_ON LIGHTMAP_SHADOW_MIXING pd=UNITY_ENABLE_REFLECTION_BUFFERS UNITY_NO_SCREENSPACE_SHADOWS UNITY_PBS_USE_BRDF3 UNITY_SPECCUBE_BOX_PROJECTION SHADER_API_DESKTOP UNITY_COLORSPACE_GAMMA UNITY_LIGHTMAP_RGBM_ENCODING ok=0
Cmd: preprocess
  insize=7613 outsize=1581 ok=1
Cmd: compileSnippet
  error: 1 plat 4 at (73): Output value 'vert' is not completely initialized\nCompiling Vertex program with UNITY_PASS_FORWARDBASE DIRECTIONAL
Platform defines: UNITY_ENABLE_REFLECTION_BUFFERS UNITY_USE_DITHER_MASK_FOR_ALPHABLENDED_SHADOWS UNITY_PBS_USE_BRDF1 UNITY_SPECCUBE_BOX_PROJECTION UNITY_SPECCUBE_BLENDING UNITY_ENABLE_DETAIL_NORMALMAP SHADER_API_DESKTOP UNITY_COLORSPACE_GAMMA UNITY_LIGHT_PROBE_PROXY_VOLUME UNITY_LIGHTMAP_RGBM_ENCODING
  api=4 type=0 insize=6115 outsize=1810 kw=UNITY_PASS_FORWARDBASE DIRECTIONAL pd=UNITY_ENABLE_REFLECTION_BUFFERS UNITY_USE_DITHER_MASK_FOR_ALPHABLENDED_SHADOWS UNITY_PBS_USE_BRDF1 UNITY_SPECCUBE_BOX_PROJECTION UNITY_SPECCUBE_BLENDING UNITY_ENABLE_DETAIL_NORMALMAP SHADER_API_DESKTOP UNITY_COLORSPACE_GAMMA UNITY_LIGHT_PROBE_PROXY_VOLUME UNITY_LIGHTMAP_RGBM_ENCODING ok=1
Cmd: compileSnippet
  api=4 type=1 insize=6115 outsize=1406 kw=UNITY_PASS_FORWARDBASE DIRECTIONAL pd=UNITY_ENABLE_REFLECTION_BUFFERS UNITY_USE_DITHER_MASK_FOR_ALPHABLENDED_SHADOWS UNITY_PBS_USE_BRDF1 UNITY_SPECCUBE_BOX_PROJECTION UNITY_SPECCUBE_BLENDING UNITY_ENABLE_DETAIL_NORMALMAP SHADER_API_DESKTOP UNITY_COLORSPACE_GAMMA UNITY_LIGHT_PROBE_PROXY_VOLUME UNITY_LIGHTMAP_RGBM_ENCODING ok=1
Cmd: compileSnippet
  api=4 type=0 insize=836 outsize=1050 kw=UNITY_PASS_META pd=UNITY_ENABLE_REFLECTION_BUFFERS UNITY_USE_DITHER_MASK_FOR_ALPHABLENDED_SHADOWS UNITY_PBS_USE_BRDF1 UNITY_SPECCUBE_BOX_PROJECTION UNITY_SPECCUBE_BLENDING UNITY_ENABLE_DETAIL_NORMALMAP SHADER_API_DESKTOP UNITY_COLORSPACE_GAMMA UNITY_LIGHT_PROBE_PROXY_VOLUME UNITY_LIGHTMAP_RGBM_ENCODING ok=1
Cmd: compileSnippet
  api=4 type=1 insize=836 outsize=826 kw=UNITY_PASS_META pd=UNITY_ENABLE_REFLECTION_BUFFERS UNITY_USE_DITHER_MASK_FOR_ALPHABLENDED_SHADOWS UNITY_PBS_USE_BRDF1 UNITY_SPECCUBE_BOX_PROJECTION UNITY_SPECCUBE_BLENDING UNITY_ENABLE_DETAIL_NORMALMAP SHADER_API_DESKTOP UNITY_COLORSPACE_GAMMA UNITY_LIGHT_PROBE_PROXY_VOLUME UNITY_LIGHTMAP_RGBM_ENCODING ok=1
Cmd: compileSnippet
  api=4 type=0 insize=6115 outsize=2030 kw=UNITY_PASS_FORWARDBASE DIRECTIONAL SHADOWS_SCREEN LIGHTMAP_ON LIGHTMAP_SHADOW_MIXING pd=UNITY_ENABLE_REFLECTION_BUFFERS UNITY_NO_SCREENSPACE_SHADOWS UNITY_PBS_USE_BRDF3 UNITY_SPECCUBE_BOX_PROJECTION SHADER_API_DESKTOP UNITY_COLORSPACE_GAMMA UNITY_LIGHTMAP_RGBM_ENCODING ok=1
Cmd: compileSnippet
  api=4 type=1 insize=6115 outsize=1406 kw=UNITY_PASS_FORWARDBASE DIRECTIONAL SHADOWS_SCREEN LIGHTMAP_ON LIGHTMAP_SHADOW_MIXING pd=UNITY_ENABLE_REFLECTION_BUFFERS UNITY_NO_SCREENSPACE_SHADOWS UNITY_PBS_USE_BRDF3 UNITY_SPECCUBE_BOX_PROJECTION SHADER_API_DESKTOP UNITY_COLORSPACE_GAMMA UNITY_LIGHTMAP_RGBM_ENCODING ok=1
Cmd: compileSnippet
  error: 1 plat 4 at (73): Output value 'vert' is not completely initialized\nCompiling Vertex program with UNITY_PASS_FORWARDBASE DIRECTIONAL
Platform defines: UNITY_ENABLE_REFLECTION_BUFFERS UNITY_NO_SCREENSPACE_SHADOWS UNITY_PBS_USE_BRDF3 UNITY_SPECCUBE_BOX_PROJECTION SHADER_API_DESKTOP UNITY_COLORSPACE_GAMMA UNITY_LIGHTMAP_RGBM_ENCODING
  api=4 type=0 insize=6115 outsize=1810 kw=UNITY_PASS_FORWARDBASE DIRECTIONAL pd=UNITY_ENABLE_REFLECTION_BUFFERS UNITY_NO_SCREENSPACE_SHADOWS UNITY_PBS_USE_BRDF3 UNITY_SPECCUBE_BOX_PROJECTION SHADER_API_DESKTOP UNITY_COLORSPACE_GAMMA UNITY_LIGHTMAP_RGBM_ENCODING ok=1
Cmd: compileSnippet
  api=4 type=1 insize=6115 outsize=1406 kw=UNITY_PASS_FORWARDBASE DIRECTIONAL pd=UNITY_ENABLE_REFLECTION_BUFFERS UNITY_NO_SCREENSPACE_SHADOWS UNITY_PBS_USE_BRDF3 UNITY_SPECCUBE_BOX_PROJECTION SHADER_API_DESKTOP UNITY_COLORSPACE_GAMMA UNITY_LIGHTMAP_RGBM_ENCODING ok=1
Cmd: compileSnippet
  error: 1 plat 4 at (73): Output value 'vert' is not completely initialized\nCompiling Vertex program with UNITY_PASS_FORWARDBASE DIRECTIONAL LIGHTPROBE_SH
Platform defines: UNITY_ENABLE_REFLECTION_BUFFERS UNITY_NO_SCREENSPACE_SHADOWS UNITY_PBS_USE_BRDF3 UNITY_SPECCUBE_BOX_PROJECTION SHADER_API_DESKTOP UNITY_COLORSPACE_GAMMA UNITY_LIGHTMAP_RGBM_ENCODING
  api=4 type=0 insize=6115 outsize=1810 kw=UNITY_PASS_FORWARDBASE DIRECTIONAL LIGHTPROBE_SH pd=UNITY_ENABLE_REFLECTION_BUFFERS UNITY_NO_SCREENSPACE_SHADOWS UNITY_PBS_USE_BRDF3 UNITY_SPECCUBE_BOX_PROJECTION SHADER_API_DESKTOP UNITY_COLORSPACE_GAMMA UNITY_LIGHTMAP_RGBM_ENCODING ok=1
Cmd: compileSnippet
  api=4 type=1 insize=6115 outsize=1406 kw=UNITY_PASS_FORWARDBASE DIRECTIONAL LIGHTPROBE_SH pd=UNITY_ENABLE_REFLECTION_BUFFERS UNITY_NO_SCREENSPACE_SHADOWS UNITY_PBS_USE_BRDF3 UNITY_SPECCUBE_BOX_PROJECTION SHADER_API_DESKTOP UNITY_COLORSPACE_GAMMA UNITY_LIGHTMAP_RGBM_ENCODING ok=1
Cmd: compileSnippet
  error: 1 plat 4 at (73): Output value 'vert' is not completely initialized\nCompiling Vertex program with UNITY_PASS_FORWARDBASE DIRECTIONAL LIGHTMAP_ON LIGHTMAP_SHADOW_MIXING
Platform defines: UNITY_ENABLE_REFLECTION_BUFFERS UNITY_NO_SCREENSPACE_SHADOWS UNITY_PBS_USE_BRDF3 UNITY_SPECCUBE_BOX_PROJECTION SHADER_API_DESKTOP UNITY_COLORSPACE_GAMMA UNITY_LIGHTMAP_RGBM_ENCODING
  api=4 type=0 insize=6115 outsize=1810 kw=UNITY_PASS_FORWARDBASE DIRECTIONAL LIGHTMAP_ON LIGHTMAP_SHADOW_MIXING pd=UNITY_ENABLE_REFLECTION_BUFFERS UNITY_NO_SCREENSPACE_SHADOWS UNITY_PBS_USE_BRDF3 UNITY_SPECCUBE_BOX_PROJECTION SHADER_API_DESKTOP UNITY_COLORSPACE_GAMMA UNITY_LIGHTMAP_RGBM_ENCODING ok=1
Cmd: compileSnippet
  api=4 type=1 insize=6115 outsize=1406 kw=UNITY_PASS_FORWARDBASE DIRECTIONAL LIGHTMAP_ON LIGHTMAP_SHADOW_MIXING pd=UNITY_ENABLE_REFLECTION_BUFFERS UNITY_NO_SCREENSPACE_SHADOWS UNITY_PBS_USE_BRDF3 UNITY_SPECCUBE_BOX_PROJECTION SHADER_API_DESKTOP UNITY_COLORSPACE_GAMMA UNITY_LIGHTMAP_RGBM_ENCODING ok=1
Cmd: preprocess
  insize=7607 outsize=1582 ok=1
Cmd: compileSnippet
  error: 1 plat 4 at (73): Output value 'vert' is not completely initialized\nCompiling Vertex program with UNITY_PASS_FORWARDBASE DIRECTIONAL
Platform defines: UNITY_ENABLE_REFLECTION_BUFFERS UNITY_USE_DITHER_MASK_FOR_ALPHABLENDED_SHADOWS UNITY_PBS_USE_BRDF1 UNITY_SPECCUBE_BOX_PROJECTION UNITY_SPECCUBE_BLENDING UNITY_ENABLE_DETAIL_NORMALMAP SHADER_API_DESKTOP UNITY_COLORSPACE_GAMMA UNITY_LIGHT_PROBE_PROXY_VOLUME UNITY_LIGHTMAP_RGBM_ENCODING
  api=4 type=0 insize=6109 outsize=1810 kw=UNITY_PASS_FORWARDBASE DIRECTIONAL pd=UNITY_ENABLE_REFLECTION_BUFFERS UNITY_USE_DITHER_MASK_FOR_ALPHABLENDED_SHADOWS UNITY_PBS_USE_BRDF1 UNITY_SPECCUBE_BOX_PROJECTION UNITY_SPECCUBE_BLENDING UNITY_ENABLE_DETAIL_NORMALMAP SHADER_API_DESKTOP UNITY_COLORSPACE_GAMMA UNITY_LIGHT_PROBE_PROXY_VOLUME UNITY_LIGHTMAP_RGBM_ENCODING ok=1
Cmd: compileSnippet
  api=4 type=1 insize=6109 outsize=1378 kw=UNITY_PASS_FORWARDBASE DIRECTIONAL pd=UNITY_ENABLE_REFLECTION_BUFFERS UNITY_USE_DITHER_MASK_FOR_ALPHABLENDED_SHADOWS UNITY_PBS_USE_BRDF1 UNITY_SPECCUBE_BOX_PROJECTION UNITY_SPECCUBE_BLENDING UNITY_ENABLE_DETAIL_NORMALMAP SHADER_API_DESKTOP UNITY_COLORSPACE_GAMMA UNITY_LIGHT_PROBE_PROXY_VOLUME UNITY_LIGHTMAP_RGBM_ENCODING ok=1
Cmd: compileSnippet
  api=4 type=0 insize=6109 outsize=2030 kw=UNITY_PASS_FORWARDBASE DIRECTIONAL SHADOWS_SCREEN LIGHTMAP_ON LIGHTMAP_SHADOW_MIXING pd=UNITY_ENABLE_REFLECTION_BUFFERS UNITY_NO_SCREENSPACE_SHADOWS UNITY_PBS_USE_BRDF3 UNITY_SPECCUBE_BOX_PROJECTION SHADER_API_DESKTOP UNITY_COLORSPACE_GAMMA UNITY_LIGHTMAP_RGBM_ENCODING ok=1
Cmd: compileSnippet
  api=4 type=1 insize=6109 outsize=1378 kw=UNITY_PASS_FORWARDBASE DIRECTIONAL SHADOWS_SCREEN LIGHTMAP_ON LIGHTMAP_SHADOW_MIXING pd=UNITY_ENABLE_REFLECTION_BUFFERS UNITY_NO_SCREENSPACE_SHADOWS UNITY_PBS_USE_BRDF3 UNITY_SPECCUBE_BOX_PROJECTION SHADER_API_DESKTOP UNITY_COLORSPACE_GAMMA UNITY_LIGHTMAP_RGBM_ENCODING ok=1
Cmd: compileSnippet
  error: 1 plat 4 at (73): Output value 'vert' is not completely initialized\nCompiling Vertex program with UNITY_PASS_FORWARDBASE DIRECTIONAL LIGHTMAP_ON LIGHTMAP_SHADOW_MIXING
Platform defines: UNITY_ENABLE_REFLECTION_BUFFERS UNITY_NO_SCREENSPACE_SHADOWS UNITY_PBS_USE_BRDF3 UNITY_SPECCUBE_BOX_PROJECTION SHADER_API_DESKTOP UNITY_COLORSPACE_GAMMA UNITY_LIGHTMAP_RGBM_ENCODING
  api=4 type=0 insize=6109 outsize=1810 kw=UNITY_PASS_FORWARDBASE DIRECTIONAL LIGHTMAP_ON LIGHTMAP_SHADOW_MIXING pd=UNITY_ENABLE_REFLECTION_BUFFERS UNITY_NO_SCREENSPACE_SHADOWS UNITY_PBS_USE_BRDF3 UNITY_SPECCUBE_BOX_PROJECTION SHADER_API_DESKTOP UNITY_COLORSPACE_GAMMA UNITY_LIGHTMAP_RGBM_ENCODING ok=1
Cmd: compileSnippet
  api=4 type=1 insize=6109 outsize=1378 kw=UNITY_PASS_FORWARDBASE DIRECTIONAL LIGHTMAP_ON LIGHTMAP_SHADOW_MIXING pd=UNITY_ENABLE_REFLECTION_BUFFERS UNITY_NO_SCREENSPACE_SHADOWS UNITY_PBS_USE_BRDF3 UNITY_SPECCUBE_BOX_PROJECTION SHADER_API_DESKTOP UNITY_COLORSPACE_GAMMA UNITY_LIGHTMAP_RGBM_ENCODING ok=1
Cmd: compileSnippet
  error: 1 plat 4 at (73): Output value 'vert' is not completely initialized\nCompiling Vertex program with UNITY_PASS_FORWARDBASE DIRECTIONAL
Platform defines: UNITY_ENABLE_REFLECTION_BUFFERS UNITY_NO_SCREENSPACE_SHADOWS UNITY_PBS_USE_BRDF3 UNITY_SPECCUBE_BOX_PROJECTION SHADER_API_DESKTOP UNITY_COLORSPACE_GAMMA UNITY_LIGHTMAP_RGBM_ENCODING
  api=4 type=0 insize=6109 outsize=1810 kw=UNITY_PASS_FORWARDBASE DIRECTIONAL pd=UNITY_ENABLE_REFLECTION_BUFFERS UNITY_NO_SCREENSPACE_SHADOWS UNITY_PBS_USE_BRDF3 UNITY_SPECCUBE_BOX_PROJECTION SHADER_API_DESKTOP UNITY_COLORSPACE_GAMMA UNITY_LIGHTMAP_RGBM_ENCODING ok=1
Cmd: compileSnippet
  api=4 type=1 insize=6109 outsize=1378 kw=UNITY_PASS_FORWARDBASE DIRECTIONAL pd=UNITY_ENABLE_REFLECTION_BUFFERS UNITY_NO_SCREENSPACE_SHADOWS UNITY_PBS_USE_BRDF3 UNITY_SPECCUBE_BOX_PROJECTION SHADER_API_DESKTOP UNITY_COLORSPACE_GAMMA UNITY_LIGHTMAP_RGBM_ENCODING ok=1
Cmd: compileSnippet
  error: 1 plat 4 at (73): Output value 'vert' is not completely initialized\nCompiling Vertex program with UNITY_PASS_FORWARDBASE DIRECTIONAL LIGHTPROBE_SH
Platform defines: UNITY_ENABLE_REFLECTION_BUFFERS UNITY_NO_SCREENSPACE_SHADOWS UNITY_PBS_USE_BRDF3 UNITY_SPECCUBE_BOX_PROJECTION SHADER_API_DESKTOP UNITY_COLORSPACE_GAMMA UNITY_LIGHTMAP_RGBM_ENCODING
  api=4 type=0 insize=6109 outsize=1810 kw=UNITY_PASS_FORWARDBASE DIRECTIONAL LIGHTPROBE_SH pd=UNITY_ENABLE_REFLECTION_BUFFERS UNITY_NO_SCREENSPACE_SHADOWS UNITY_PBS_USE_BRDF3 UNITY_SPECCUBE_BOX_PROJECTION SHADER_API_DESKTOP UNITY_COLORSPACE_GAMMA UNITY_LIGHTMAP_RGBM_ENCODING ok=1
Cmd: compileSnippet
  api=4 type=1 insize=6109 outsize=1378 kw=UNITY_PASS_FORWARDBASE DIRECTIONAL LIGHTPROBE_SH pd=UNITY_ENABLE_REFLECTION_BUFFERS UNITY_NO_SCREENSPACE_SHADOWS UNITY_PBS_USE_BRDF3 UNITY_SPECCUBE_BOX_PROJECTION SHADER_API_DESKTOP UNITY_COLORSPACE_GAMMA UNITY_LIGHTMAP_RGBM_ENCODING ok=1
Cmd: compileSnippet
  error: 1 plat 4 at (73): Output value 'vert' is not completely initialized\nCompiling Vertex program with UNITY_PASS_FORWARDBASE DIRECTIONAL LIGHTMAP_ON
Platform defines: UNITY_ENABLE_REFLECTION_BUFFERS UNITY_NO_SCREENSPACE_SHADOWS UNITY_PBS_USE_BRDF3 UNITY_SPECCUBE_BOX_PROJECTION SHADER_API_DESKTOP UNITY_COLORSPACE_GAMMA UNITY_LIGHTMAP_RGBM_ENCODING
  api=4 type=0 insize=6109 outsize=1810 kw=UNITY_PASS_FORWARDBASE DIRECTIONAL LIGHTMAP_ON pd=UNITY_ENABLE_REFLECTION_BUFFERS UNITY_NO_SCREENSPACE_SHADOWS UNITY_PBS_USE_BRDF3 UNITY_SPECCUBE_BOX_PROJECTION SHADER_API_DESKTOP UNITY_COLORSPACE_GAMMA UNITY_LIGHTMAP_RGBM_ENCODING ok=1
Cmd: compileSnippet
  api=4 type=1 insize=6109 outsize=1378 kw=UNITY_PASS_FORWARDBASE DIRECTIONAL LIGHTMAP_ON pd=UNITY_ENABLE_REFLECTION_BUFFERS UNITY_NO_SCREENSPACE_SHADOWS UNITY_PBS_USE_BRDF3 UNITY_SPECCUBE_BOX_PROJECTION SHADER_API_DESKTOP UNITY_COLORSPACE_GAMMA UNITY_LIGHTMAP_RGBM_ENCODING ok=1
Cmd: preprocess
  insize=7611 outsize=1582 ok=1
Cmd: compileSnippet
  error: 1 plat 4 at (73): Output value 'vert' is not completely initialized\nCompiling Vertex program with UNITY_PASS_FORWARDBASE DIRECTIONAL
Platform defines: UNITY_ENABLE_REFLECTION_BUFFERS UNITY_USE_DITHER_MASK_FOR_ALPHABLENDED_SHADOWS UNITY_PBS_USE_BRDF1 UNITY_SPECCUBE_BOX_PROJECTION UNITY_SPECCUBE_BLENDING UNITY_ENABLE_DETAIL_NORMALMAP SHADER_API_DESKTOP UNITY_COLORSPACE_GAMMA UNITY_LIGHT_PROBE_PROXY_VOLUME UNITY_LIGHTMAP_RGBM_ENCODING
  api=4 type=0 insize=6113 outsize=1810 kw=UNITY_PASS_FORWARDBASE DIRECTIONAL pd=UNITY_ENABLE_REFLECTION_BUFFERS UNITY_USE_DITHER_MASK_FOR_ALPHABLENDED_SHADOWS UNITY_PBS_USE_BRDF1 UNITY_SPECCUBE_BOX_PROJECTION UNITY_SPECCUBE_BLENDING UNITY_ENABLE_DETAIL_NORMALMAP SHADER_API_DESKTOP UNITY_COLORSPACE_GAMMA UNITY_LIGHT_PROBE_PROXY_VOLUME UNITY_LIGHTMAP_RGBM_ENCODING ok=1
Cmd: compileSnippet
  api=4 type=1 insize=6113 outsize=1390 kw=UNITY_PASS_FORWARDBASE DIRECTIONAL pd=UNITY_ENABLE_REFLECTION_BUFFERS UNITY_USE_DITHER_MASK_FOR_ALPHABLENDED_SHADOWS UNITY_PBS_USE_BRDF1 UNITY_SPECCUBE_BOX_PROJECTION UNITY_SPECCUBE_BLENDING UNITY_ENABLE_DETAIL_NORMALMAP SHADER_API_DESKTOP UNITY_COLORSPACE_GAMMA UNITY_LIGHT_PROBE_PROXY_VOLUME UNITY_LIGHTMAP_RGBM_ENCODING ok=1
Cmd: compileSnippet
  error: 1 plat 4 at (73): Output value 'vert' is not completely initialized\nCompiling Vertex program with UNITY_PASS_FORWARDBASE DIRECTIONAL LIGHTMAP_ON
Platform defines: UNITY_ENABLE_REFLECTION_BUFFERS UNITY_NO_SCREENSPACE_SHADOWS UNITY_PBS_USE_BRDF3 UNITY_SPECCUBE_BOX_PROJECTION SHADER_API_DESKTOP UNITY_COLORSPACE_GAMMA UNITY_LIGHTMAP_RGBM_ENCODING
  api=4 type=0 insize=6113 outsize=1810 kw=UNITY_PASS_FORWARDBASE DIRECTIONAL LIGHTMAP_ON pd=UNITY_ENABLE_REFLECTION_BUFFERS UNITY_NO_SCREENSPACE_SHADOWS UNITY_PBS_USE_BRDF3 UNITY_SPECCUBE_BOX_PROJECTION SHADER_API_DESKTOP UNITY_COLORSPACE_GAMMA UNITY_LIGHTMAP_RGBM_ENCODING ok=1
Cmd: compileSnippet
  api=4 type=1 insize=6113 outsize=1390 kw=UNITY_PASS_FORWARDBASE DIRECTIONAL LIGHTMAP_ON pd=UNITY_ENABLE_REFLECTION_BUFFERS UNITY_NO_SCREENSPACE_SHADOWS UNITY_PBS_USE_BRDF3 UNITY_SPECCUBE_BOX_PROJECTION SHADER_API_DESKTOP UNITY_COLORSPACE_GAMMA UNITY_LIGHTMAP_RGBM_ENCODING ok=1
Cmd: compileSnippet
  error: 1 plat 4 at (73): Output value 'vert' is not completely initialized\nCompiling Vertex program with UNITY_PASS_FORWARDBASE DIRECTIONAL
Platform defines: UNITY_ENABLE_REFLECTION_BUFFERS UNITY_NO_SCREENSPACE_SHADOWS UNITY_PBS_USE_BRDF3 UNITY_SPECCUBE_BOX_PROJECTION SHADER_API_DESKTOP UNITY_COLORSPACE_GAMMA UNITY_LIGHTMAP_RGBM_ENCODING
  api=4 type=0 insize=6113 outsize=1810 kw=UNITY_PASS_FORWARDBASE DIRECTIONAL pd=UNITY_ENABLE_REFLECTION_BUFFERS UNITY_NO_SCREENSPACE_SHADOWS UNITY_PBS_USE_BRDF3 UNITY_SPECCUBE_BOX_PROJECTION SHADER_API_DESKTOP UNITY_COLORSPACE_GAMMA UNITY_LIGHTMAP_RGBM_ENCODING ok=1
Cmd: compileSnippet
  api=4 type=1 insize=6113 outsize=1390 kw=UNITY_PASS_FORWARDBASE DIRECTIONAL pd=UNITY_ENABLE_REFLECTION_BUFFERS UNITY_NO_SCREENSPACE_SHADOWS UNITY_PBS_USE_BRDF3 UNITY_SPECCUBE_BOX_PROJECTION SHADER_API_DESKTOP UNITY_COLORSPACE_GAMMA UNITY_LIGHTMAP_RGBM_ENCODING ok=1
Cmd: compileSnippet
  error: 1 plat 4 at (73): Output value 'vert' is not completely initialized\nCompiling Vertex program with UNITY_PASS_FORWARDBASE DIRECTIONAL LIGHTPROBE_SH
Platform defines: UNITY_ENABLE_REFLECTION_BUFFERS UNITY_NO_SCREENSPACE_SHADOWS UNITY_PBS_USE_BRDF3 UNITY_SPECCUBE_BOX_PROJECTION SHADER_API_DESKTOP UNITY_COLORSPACE_GAMMA UNITY_LIGHTMAP_RGBM_ENCODING
  api=4 type=0 insize=6113 outsize=1810 kw=UNITY_PASS_FORWARDBASE DIRECTIONAL LIGHTPROBE_SH pd=UNITY_ENABLE_REFLECTION_BUFFERS UNITY_NO_SCREENSPACE_SHADOWS UNITY_PBS_USE_BRDF3 UNITY_SPECCUBE_BOX_PROJECTION SHADER_API_DESKTOP UNITY_COLORSPACE_GAMMA UNITY_LIGHTMAP_RGBM_ENCODING ok=1
Cmd: compileSnippet
  api=4 type=1 insize=6113 outsize=1390 kw=UNITY_PASS_FORWARDBASE DIRECTIONAL LIGHTPROBE_SH pd=UNITY_ENABLE_REFLECTION_BUFFERS UNITY_NO_SCREENSPACE_SHADOWS UNITY_PBS_USE_BRDF3 UNITY_SPECCUBE_BOX_PROJECTION SHADER_API_DESKTOP UNITY_COLORSPACE_GAMMA UNITY_LIGHTMAP_RGBM_ENCODING ok=1
Cmd: preprocess
  insize=7391 outsize=1582 ok=1
Cmd: compileSnippet
  error: 1 plat 4 at (73): Output value 'vert' is not completely initialized\nCompiling Vertex program with UNITY_PASS_FORWARDBASE DIRECTIONAL LIGHTMAP_ON
Platform defines: UNITY_ENABLE_REFLECTION_BUFFERS UNITY_NO_SCREENSPACE_SHADOWS UNITY_PBS_USE_BRDF3 UNITY_SPECCUBE_BOX_PROJECTION SHADER_API_DESKTOP UNITY_COLORSPACE_GAMMA UNITY_LIGHTMAP_RGBM_ENCODING
  api=4 type=0 insize=5893 outsize=1810 kw=UNITY_PASS_FORWARDBASE DIRECTIONAL LIGHTMAP_ON pd=UNITY_ENABLE_REFLECTION_BUFFERS UNITY_NO_SCREENSPACE_SHADOWS UNITY_PBS_USE_BRDF3 UNITY_SPECCUBE_BOX_PROJECTION SHADER_API_DESKTOP UNITY_COLORSPACE_GAMMA UNITY_LIGHTMAP_RGBM_ENCODING ok=1
Cmd: compileSnippet
  api=4 type=1 insize=5893 outsize=1050 kw=UNITY_PASS_FORWARDBASE DIRECTIONAL LIGHTMAP_ON pd=UNITY_ENABLE_REFLECTION_BUFFERS UNITY_NO_SCREENSPACE_SHADOWS UNITY_PBS_USE_BRDF3 UNITY_SPECCUBE_BOX_PROJECTION SHADER_API_DESKTOP UNITY_COLORSPACE_GAMMA UNITY_LIGHTMAP_RGBM_ENCODING ok=1
Cmd: compileSnippet
  error: 1 plat 4 at (73): Output value 'vert' is not completely initialized\nCompiling Vertex program with UNITY_PASS_FORWARDBASE DIRECTIONAL
Platform defines: UNITY_ENABLE_REFLECTION_BUFFERS UNITY_NO_SCREENSPACE_SHADOWS UNITY_PBS_USE_BRDF3 UNITY_SPECCUBE_BOX_PROJECTION SHADER_API_DESKTOP UNITY_COLORSPACE_GAMMA UNITY_LIGHTMAP_RGBM_ENCODING
  api=4 type=0 insize=5893 outsize=1810 kw=UNITY_PASS_FORWARDBASE DIRECTIONAL pd=UNITY_ENABLE_REFLECTION_BUFFERS UNITY_NO_SCREENSPACE_SHADOWS UNITY_PBS_USE_BRDF3 UNITY_SPECCUBE_BOX_PROJECTION SHADER_API_DESKTOP UNITY_COLORSPACE_GAMMA UNITY_LIGHTMAP_RGBM_ENCODING ok=1
Cmd: compileSnippet
  api=4 type=1 insize=5893 outsize=1050 kw=UNITY_PASS_FORWARDBASE DIRECTIONAL pd=UNITY_ENABLE_REFLECTION_BUFFERS UNITY_NO_SCREENSPACE_SHADOWS UNITY_PBS_USE_BRDF3 UNITY_SPECCUBE_BOX_PROJECTION SHADER_API_DESKTOP UNITY_COLORSPACE_GAMMA UNITY_LIGHTMAP_RGBM_ENCODING ok=1
Cmd: compileSnippet
  error: 1 plat 4 at (73): Output value 'vert' is not completely initialized\nCompiling Vertex program with UNITY_PASS_FORWARDBASE DIRECTIONAL LIGHTPROBE_SH
Platform defines: UNITY_ENABLE_REFLECTION_BUFFERS UNITY_NO_SCREENSPACE_SHADOWS UNITY_PBS_USE_BRDF3 UNITY_SPECCUBE_BOX_PROJECTION SHADER_API_DESKTOP UNITY_COLORSPACE_GAMMA UNITY_LIGHTMAP_RGBM_ENCODING
  api=4 type=0 insize=5893 outsize=1810 kw=UNITY_PASS_FORWARDBASE DIRECTIONAL LIGHTPROBE_SH pd=UNITY_ENABLE_REFLECTION_BUFFERS UNITY_NO_SCREENSPACE_SHADOWS UNITY_PBS_USE_BRDF3 UNITY_SPECCUBE_BOX_PROJECTION SHADER_API_DESKTOP UNITY_COLORSPACE_GAMMA UNITY_LIGHTMAP_RGBM_ENCODING ok=1
Cmd: compileSnippet
  api=4 type=1 insize=5893 outsize=1050 kw=UNITY_PASS_FORWARDBASE DIRECTIONAL LIGHTPROBE_SH pd=UNITY_ENABLE_REFLECTION_BUFFERS UNITY_NO_SCREENSPACE_SHADOWS UNITY_PBS_USE_BRDF3 UNITY_SPECCUBE_BOX_PROJECTION SHADER_API_DESKTOP UNITY_COLORSPACE_GAMMA UNITY_LIGHTMAP_RGBM_ENCODING ok=1
Cmd: preprocess
  insize=7400 outsize=1582 ok=1
Cmd: compileSnippet
  error: 1 plat 4 at (73): Output value 'vert' is not completely initialized\nCompiling Vertex program with UNITY_PASS_FORWARDBASE DIRECTIONAL
Platform defines: UNITY_ENABLE_REFLECTION_BUFFERS UNITY_USE_DITHER_MASK_FOR_ALPHABLENDED_SHADOWS UNITY_PBS_USE_BRDF1 UNITY_SPECCUBE_BOX_PROJECTION UNITY_SPECCUBE_BLENDING UNITY_ENABLE_DETAIL_NORMALMAP SHADER_API_DESKTOP UNITY_COLORSPACE_GAMMA UNITY_LIGHT_PROBE_PROXY_VOLUME UNITY_LIGHTMAP_RGBM_ENCODING
  api=4 type=0 insize=5902 outsize=1810 kw=UNITY_PASS_FORWARDBASE DIRECTIONAL pd=UNITY_ENABLE_REFLECTION_BUFFERS UNITY_USE_DITHER_MASK_FOR_ALPHABLENDED_SHADOWS UNITY_PBS_USE_BRDF1 UNITY_SPECCUBE_BOX_PROJECTION UNITY_SPECCUBE_BLENDING UNITY_ENABLE_DETAIL_NORMALMAP SHADER_API_DESKTOP UNITY_COLORSPACE_GAMMA UNITY_LIGHT_PROBE_PROXY_VOLUME UNITY_LIGHTMAP_RGBM_ENCODING ok=1
Cmd: compileSnippet
  api=4 type=1 insize=5902 outsize=778 kw=UNITY_PASS_FORWARDBASE DIRECTIONAL pd=UNITY_ENABLE_REFLECTION_BUFFERS UNITY_USE_DITHER_MASK_FOR_ALPHABLENDED_SHADOWS UNITY_PBS_USE_BRDF1 UNITY_SPECCUBE_BOX_PROJECTION UNITY_SPECCUBE_BLENDING UNITY_ENABLE_DETAIL_NORMALMAP SHADER_API_DESKTOP UNITY_COLORSPACE_GAMMA UNITY_LIGHT_PROBE_PROXY_VOLUME UNITY_LIGHTMAP_RGBM_ENCODING ok=1
Cmd: compileSnippet
  error: 1 plat 4 at (73): Output value 'vert' is not completely initialized\nCompiling Vertex program with UNITY_PASS_FORWARDBASE DIRECTIONAL LIGHTMAP_ON
Platform defines: UNITY_ENABLE_REFLECTION_BUFFERS UNITY_NO_SCREENSPACE_SHADOWS UNITY_PBS_USE_BRDF3 UNITY_SPECCUBE_BOX_PROJECTION SHADER_API_DESKTOP UNITY_COLORSPACE_GAMMA UNITY_LIGHTMAP_RGBM_ENCODING
  api=4 type=0 insize=5902 outsize=1810 kw=UNITY_PASS_FORWARDBASE DIRECTIONAL LIGHTMAP_ON pd=UNITY_ENABLE_REFLECTION_BUFFERS UNITY_NO_SCREENSPACE_SHADOWS UNITY_PBS_USE_BRDF3 UNITY_SPECCUBE_BOX_PROJECTION SHADER_API_DESKTOP UNITY_COLORSPACE_GAMMA UNITY_LIGHTMAP_RGBM_ENCODING ok=1
Cmd: compileSnippet
  api=4 type=1 insize=5902 outsize=778 kw=UNITY_PASS_FORWARDBASE DIRECTIONAL LIGHTMAP_ON pd=UNITY_ENABLE_REFLECTION_BUFFERS UNITY_NO_SCREENSPACE_SHADOWS UNITY_PBS_USE_BRDF3 UNITY_SPECCUBE_BOX_PROJECTION SHADER_API_DESKTOP UNITY_COLORSPACE_GAMMA UNITY_LIGHTMAP_RGBM_ENCODING ok=1
Cmd: compileSnippet
  error: 1 plat 4 at (73): Output value 'vert' is not completely initialized\nCompiling Vertex program with UNITY_PASS_FORWARDBASE DIRECTIONAL
Platform defines: UNITY_ENABLE_REFLECTION_BUFFERS UNITY_NO_SCREENSPACE_SHADOWS UNITY_PBS_USE_BRDF3 UNITY_SPECCUBE_BOX_PROJECTION SHADER_API_DESKTOP UNITY_COLORSPACE_GAMMA UNITY_LIGHTMAP_RGBM_ENCODING
  api=4 type=0 insize=5902 outsize=1810 kw=UNITY_PASS_FORWARDBASE DIRECTIONAL pd=UNITY_ENABLE_REFLECTION_BUFFERS UNITY_NO_SCREENSPACE_SHADOWS UNITY_PBS_USE_BRDF3 UNITY_SPECCUBE_BOX_PROJECTION SHADER_API_DESKTOP UNITY_COLORSPACE_GAMMA UNITY_LIGHTMAP_RGBM_ENCODING ok=1
Cmd: compileSnippet
  api=4 type=1 insize=5902 outsize=778 kw=UNITY_PASS_FORWARDBASE DIRECTIONAL pd=UNITY_ENABLE_REFLECTION_BUFFERS UNITY_NO_SCREENSPACE_SHADOWS UNITY_PBS_USE_BRDF3 UNITY_SPECCUBE_BOX_PROJECTION SHADER_API_DESKTOP UNITY_COLORSPACE_GAMMA UNITY_LIGHTMAP_RGBM_ENCODING ok=1
Cmd: compileSnippet
  error: 1 plat 4 at (73): Output value 'vert' is not completely initialized\nCompiling Vertex program with UNITY_PASS_FORWARDBASE DIRECTIONAL LIGHTPROBE_SH
Platform defines: UNITY_ENABLE_REFLECTION_BUFFERS UNITY_NO_SCREENSPACE_SHADOWS UNITY_PBS_USE_BRDF3 UNITY_SPECCUBE_BOX_PROJECTION SHADER_API_DESKTOP UNITY_COLORSPACE_GAMMA UNITY_LIGHTMAP_RGBM_ENCODING
  api=4 type=0 insize=5902 outsize=1810 kw=UNITY_PASS_FORWARDBASE DIRECTIONAL LIGHTPROBE_SH pd=UNITY_ENABLE_REFLECTION_BUFFERS UNITY_NO_SCREENSPACE_SHADOWS UNITY_PBS_USE_BRDF3 UNITY_SPECCUBE_BOX_PROJECTION SHADER_API_DESKTOP UNITY_COLORSPACE_GAMMA UNITY_LIGHTMAP_RGBM_ENCODING ok=1
Cmd: compileSnippet
  api=4 type=1 insize=5902 outsize=778 kw=UNITY_PASS_FORWARDBASE DIRECTIONAL LIGHTPROBE_SH pd=UNITY_ENABLE_REFLECTION_BUFFERS UNITY_NO_SCREENSPACE_SHADOWS UNITY_PBS_USE_BRDF3 UNITY_SPECCUBE_BOX_PROJECTION SHADER_API_DESKTOP UNITY_COLORSPACE_GAMMA UNITY_LIGHTMAP_RGBM_ENCODING ok=1
Cmd: preprocess
  insize=7407 outsize=1581 ok=1
Cmd: compileSnippet
  error: 1 plat 4 at (73): Output value 'vert' is not completely initialized\nCompiling Vertex program with UNITY_PASS_FORWARDBASE DIRECTIONAL
Platform defines: UNITY_ENABLE_REFLECTION_BUFFERS UNITY_USE_DITHER_MASK_FOR_ALPHABLENDED_SHADOWS UNITY_PBS_USE_BRDF1 UNITY_SPECCUBE_BOX_PROJECTION UNITY_SPECCUBE_BLENDING UNITY_ENABLE_DETAIL_NORMALMAP SHADER_API_DESKTOP UNITY_COLORSPACE_GAMMA UNITY_LIGHT_PROBE_PROXY_VOLUME UNITY_LIGHTMAP_RGBM_ENCODING
  api=4 type=0 insize=5909 outsize=1810 kw=UNITY_PASS_FORWARDBASE DIRECTIONAL pd=UNITY_ENABLE_REFLECTION_BUFFERS UNITY_USE_DITHER_MASK_FOR_ALPHABLENDED_SHADOWS UNITY_PBS_USE_BRDF1 UNITY_SPECCUBE_BOX_PROJECTION UNITY_SPECCUBE_BLENDING UNITY_ENABLE_DETAIL_NORMALMAP SHADER_API_DESKTOP UNITY_COLORSPACE_GAMMA UNITY_LIGHT_PROBE_PROXY_VOLUME UNITY_LIGHTMAP_RGBM_ENCODING ok=1
Cmd: compileSnippet
  api=4 type=1 insize=5909 outsize=902 kw=UNITY_PASS_FORWARDBASE DIRECTIONAL pd=UNITY_ENABLE_REFLECTION_BUFFERS UNITY_USE_DITHER_MASK_FOR_ALPHABLENDED_SHADOWS UNITY_PBS_USE_BRDF1 UNITY_SPECCUBE_BOX_PROJECTION UNITY_SPECCUBE_BLENDING UNITY_ENABLE_DETAIL_NORMALMAP SHADER_API_DESKTOP UNITY_COLORSPACE_GAMMA UNITY_LIGHT_PROBE_PROXY_VOLUME UNITY_LIGHTMAP_RGBM_ENCODING ok=1
Cmd: compileSnippet
  error: 1 plat 4 at (73): Output value 'vert' is not completely initialized\nCompiling Vertex program with UNITY_PASS_FORWARDBASE DIRECTIONAL LIGHTMAP_ON
Platform defines: UNITY_ENABLE_REFLECTION_BUFFERS UNITY_NO_SCREENSPACE_SHADOWS UNITY_PBS_USE_BRDF3 UNITY_SPECCUBE_BOX_PROJECTION SHADER_API_DESKTOP UNITY_COLORSPACE_GAMMA UNITY_LIGHTMAP_RGBM_ENCODING
  api=4 type=0 insize=5909 outsize=1810 kw=UNITY_PASS_FORWARDBASE DIRECTIONAL LIGHTMAP_ON pd=UNITY_ENABLE_REFLECTION_BUFFERS UNITY_NO_SCREENSPACE_SHADOWS UNITY_PBS_USE_BRDF3 UNITY_SPECCUBE_BOX_PROJECTION SHADER_API_DESKTOP UNITY_COLORSPACE_GAMMA UNITY_LIGHTMAP_RGBM_ENCODING ok=1
Cmd: compileSnippet
  api=4 type=1 insize=5909 outsize=902 kw=UNITY_PASS_FORWARDBASE DIRECTIONAL LIGHTMAP_ON pd=UNITY_ENABLE_REFLECTION_BUFFERS UNITY_NO_SCREENSPACE_SHADOWS UNITY_PBS_USE_BRDF3 UNITY_SPECCUBE_BOX_PROJECTION SHADER_API_DESKTOP UNITY_COLORSPACE_GAMMA UNITY_LIGHTMAP_RGBM_ENCODING ok=1
Cmd: compileSnippet
  error: 1 plat 4 at (73): Output value 'vert' is not completely initialized\nCompiling Vertex program with UNITY_PASS_FORWARDBASE DIRECTIONAL
Platform defines: UNITY_ENABLE_REFLECTION_BUFFERS UNITY_NO_SCREENSPACE_SHADOWS UNITY_PBS_USE_BRDF3 UNITY_SPECCUBE_BOX_PROJECTION SHADER_API_DESKTOP UNITY_COLORSPACE_GAMMA UNITY_LIGHTMAP_RGBM_ENCODING
  api=4 type=0 insize=5909 outsize=1810 kw=UNITY_PASS_FORWARDBASE DIRECTIONAL pd=UNITY_ENABLE_REFLECTION_BUFFERS UNITY_NO_SCREENSPACE_SHADOWS UNITY_PBS_USE_BRDF3 UNITY_SPECCUBE_BOX_PROJECTION SHADER_API_DESKTOP UNITY_COLORSPACE_GAMMA UNITY_LIGHTMAP_RGBM_ENCODING ok=1
Cmd: compileSnippet
  api=4 type=1 insize=5909 outsize=902 kw=UNITY_PASS_FORWARDBASE DIRECTIONAL pd=UNITY_ENABLE_REFLECTION_BUFFERS UNITY_NO_SCREENSPACE_SHADOWS UNITY_PBS_USE_BRDF3 UNITY_SPECCUBE_BOX_PROJECTION SHADER_API_DESKTOP UNITY_COLORSPACE_GAMMA UNITY_LIGHTMAP_RGBM_ENCODING ok=1
Cmd: compileSnippet
  error: 1 plat 4 at (73): Output value 'vert' is not completely initialized\nCompiling Vertex program with UNITY_PASS_FORWARDBASE DIRECTIONAL LIGHTPROBE_SH
Platform defines: UNITY_ENABLE_REFLECTION_BUFFERS UNITY_NO_SCREENSPACE_SHADOWS UNITY_PBS_USE_BRDF3 UNITY_SPECCUBE_BOX_PROJECTION SHADER_API_DESKTOP UNITY_COLORSPACE_GAMMA UNITY_LIGHTMAP_RGBM_ENCODING
  api=4 type=0 insize=5909 outsize=1810 kw=UNITY_PASS_FORWARDBASE DIRECTIONAL LIGHTPROBE_SH pd=UNITY_ENABLE_REFLECTION_BUFFERS UNITY_NO_SCREENSPACE_SHADOWS UNITY_PBS_USE_BRDF3 UNITY_SPECCUBE_BOX_PROJECTION SHADER_API_DESKTOP UNITY_COLORSPACE_GAMMA UNITY_LIGHTMAP_RGBM_ENCODING ok=1
Cmd: compileSnippet
  api=4 type=1 insize=5909 outsize=902 kw=UNITY_PASS_FORWARDBASE DIRECTIONAL LIGHTPROBE_SH pd=UNITY_ENABLE_REFLECTION_BUFFERS UNITY_NO_SCREENSPACE_SHADOWS UNITY_PBS_USE_BRDF3 UNITY_SPECCUBE_BOX_PROJECTION SHADER_API_DESKTOP UNITY_COLORSPACE_GAMMA UNITY_LIGHTMAP_RGBM_ENCODING ok=1
Cmd: preprocess
  insize=7403 outsize=1582 ok=1
Cmd: compileSnippet
  error: 1 plat 4 at (73): Output value 'vert' is not completely initialized\nCompiling Vertex program with UNITY_PASS_FORWARDBASE DIRECTIONAL
Platform defines: UNITY_ENABLE_REFLECTION_BUFFERS UNITY_USE_DITHER_MASK_FOR_ALPHABLENDED_SHADOWS UNITY_PBS_USE_BRDF1 UNITY_SPECCUBE_BOX_PROJECTION UNITY_SPECCUBE_BLENDING UNITY_ENABLE_DETAIL_NORMALMAP SHADER_API_DESKTOP UNITY_COLORSPACE_GAMMA UNITY_LIGHT_PROBE_PROXY_VOLUME UNITY_LIGHTMAP_RGBM_ENCODING
  api=4 type=0 insize=5905 outsize=1810 kw=UNITY_PASS_FORWARDBASE DIRECTIONAL pd=UNITY_ENABLE_REFLECTION_BUFFERS UNITY_USE_DITHER_MASK_FOR_ALPHABLENDED_SHADOWS UNITY_PBS_USE_BRDF1 UNITY_SPECCUBE_BOX_PROJECTION UNITY_SPECCUBE_BLENDING UNITY_ENABLE_DETAIL_NORMALMAP SHADER_API_DESKTOP UNITY_COLORSPACE_GAMMA UNITY_LIGHT_PROBE_PROXY_VOLUME UNITY_LIGHTMAP_RGBM_ENCODING ok=1
Cmd: compileSnippet
  api=4 type=1 insize=5905 outsize=890 kw=UNITY_PASS_FORWARDBASE DIRECTIONAL pd=UNITY_ENABLE_REFLECTION_BUFFERS UNITY_USE_DITHER_MASK_FOR_ALPHABLENDED_SHADOWS UNITY_PBS_USE_BRDF1 UNITY_SPECCUBE_BOX_PROJECTION UNITY_SPECCUBE_BLENDING UNITY_ENABLE_DETAIL_NORMALMAP SHADER_API_DESKTOP UNITY_COLORSPACE_GAMMA UNITY_LIGHT_PROBE_PROXY_VOLUME UNITY_LIGHTMAP_RGBM_ENCODING ok=1
Cmd: compileSnippet
  error: 1 plat 4 at (73): Output value 'vert' is not completely initialized\nCompiling Vertex program with UNITY_PASS_FORWARDBASE DIRECTIONAL LIGHTMAP_ON
Platform defines: UNITY_ENABLE_REFLECTION_BUFFERS UNITY_NO_SCREENSPACE_SHADOWS UNITY_PBS_USE_BRDF3 UNITY_SPECCUBE_BOX_PROJECTION SHADER_API_DESKTOP UNITY_COLORSPACE_GAMMA UNITY_LIGHTMAP_RGBM_ENCODING
  api=4 type=0 insize=5905 outsize=1810 kw=UNITY_PASS_FORWARDBASE DIRECTIONAL LIGHTMAP_ON pd=UNITY_ENABLE_REFLECTION_BUFFERS UNITY_NO_SCREENSPACE_SHADOWS UNITY_PBS_USE_BRDF3 UNITY_SPECCUBE_BOX_PROJECTION SHADER_API_DESKTOP UNITY_COLORSPACE_GAMMA UNITY_LIGHTMAP_RGBM_ENCODING ok=1
Cmd: compileSnippet
  api=4 type=1 insize=5905 outsize=890 kw=UNITY_PASS_FORWARDBASE DIRECTIONAL LIGHTMAP_ON pd=UNITY_ENABLE_REFLECTION_BUFFERS UNITY_NO_SCREENSPACE_SHADOWS UNITY_PBS_USE_BRDF3 UNITY_SPECCUBE_BOX_PROJECTION SHADER_API_DESKTOP UNITY_COLORSPACE_GAMMA UNITY_LIGHTMAP_RGBM_ENCODING ok=1
Cmd: compileSnippet
  error: 1 plat 4 at (73): Output value 'vert' is not completely initialized\nCompiling Vertex program with UNITY_PASS_FORWARDBASE DIRECTIONAL
Platform defines: UNITY_ENABLE_REFLECTION_BUFFERS UNITY_NO_SCREENSPACE_SHADOWS UNITY_PBS_USE_BRDF3 UNITY_SPECCUBE_BOX_PROJECTION SHADER_API_DESKTOP UNITY_COLORSPACE_GAMMA UNITY_LIGHTMAP_RGBM_ENCODING
  api=4 type=0 insize=5905 outsize=1810 kw=UNITY_PASS_FORWARDBASE DIRECTIONAL pd=UNITY_ENABLE_REFLECTION_BUFFERS UNITY_NO_SCREENSPACE_SHADOWS UNITY_PBS_USE_BRDF3 UNITY_SPECCUBE_BOX_PROJECTION SHADER_API_DESKTOP UNITY_COLORSPACE_GAMMA UNITY_LIGHTMAP_RGBM_ENCODING ok=1
Cmd: compileSnippet
  api=4 type=1 insize=5905 outsize=890 kw=UNITY_PASS_FORWARDBASE DIRECTIONAL pd=UNITY_ENABLE_REFLECTION_BUFFERS UNITY_NO_SCREENSPACE_SHADOWS UNITY_PBS_USE_BRDF3 UNITY_SPECCUBE_BOX_PROJECTION SHADER_API_DESKTOP UNITY_COLORSPACE_GAMMA UNITY_LIGHTMAP_RGBM_ENCODING ok=1
Cmd: compileSnippet
  error: 1 plat 4 at (73): Output value 'vert' is not completely initialized\nCompiling Vertex program with UNITY_PASS_FORWARDBASE DIRECTIONAL LIGHTPROBE_SH
Platform defines: UNITY_ENABLE_REFLECTION_BUFFERS UNITY_NO_SCREENSPACE_SHADOWS UNITY_PBS_USE_BRDF3 UNITY_SPECCUBE_BOX_PROJECTION SHADER_API_DESKTOP UNITY_COLORSPACE_GAMMA UNITY_LIGHTMAP_RGBM_ENCODING
  api=4 type=0 insize=5905 outsize=1810 kw=UNITY_PASS_FORWARDBASE DIRECTIONAL LIGHTPROBE_SH pd=UNITY_ENABLE_REFLECTION_BUFFERS UNITY_NO_SCREENSPACE_SHADOWS UNITY_PBS_USE_BRDF3 UNITY_SPECCUBE_BOX_PROJECTION SHADER_API_DESKTOP UNITY_COLORSPACE_GAMMA UNITY_LIGHTMAP_RGBM_ENCODING ok=1
Cmd: compileSnippet
  api=4 type=1 insize=5905 outsize=890 kw=UNITY_PASS_FORWARDBASE DIRECTIONAL LIGHTPROBE_SH pd=UNITY_ENABLE_REFLECTION_BUFFERS UNITY_NO_SCREENSPACE_SHADOWS UNITY_PBS_USE_BRDF3 UNITY_SPECCUBE_BOX_PROJECTION SHADER_API_DESKTOP UNITY_COLORSPACE_GAMMA UNITY_LIGHTMAP_RGBM_ENCODING ok=1
Cmd: preprocess
  insize=7407 outsize=1581 ok=1
Cmd: compileSnippet
  error: 1 plat 4 at (73): Output value 'vert' is not completely initialized\nCompiling Vertex program with UNITY_PASS_FORWARDBASE DIRECTIONAL
Platform defines: UNITY_ENABLE_REFLECTION_BUFFERS UNITY_USE_DITHER_MASK_FOR_ALPHABLENDED_SHADOWS UNITY_PBS_USE_BRDF1 UNITY_SPECCUBE_BOX_PROJECTION UNITY_SPECCUBE_BLENDING UNITY_ENABLE_DETAIL_NORMALMAP SHADER_API_DESKTOP UNITY_COLORSPACE_GAMMA UNITY_LIGHT_PROBE_PROXY_VOLUME UNITY_LIGHTMAP_RGBM_ENCODING
  api=4 type=0 insize=5909 outsize=1810 kw=UNITY_PASS_FORWARDBASE DIRECTIONAL pd=UNITY_ENABLE_REFLECTION_BUFFERS UNITY_USE_DITHER_MASK_FOR_ALPHABLENDED_SHADOWS UNITY_PBS_USE_BRDF1 UNITY_SPECCUBE_BOX_PROJECTION UNITY_SPECCUBE_BLENDING UNITY_ENABLE_DETAIL_NORMALMAP SHADER_API_DESKTOP UNITY_COLORSPACE_GAMMA UNITY_LIGHT_PROBE_PROXY_VOLUME UNITY_LIGHTMAP_RGBM_ENCODING ok=1
Cmd: compileSnippet
  api=4 type=1 insize=5909 outsize=918 kw=UNITY_PASS_FORWARDBASE DIRECTIONAL pd=UNITY_ENABLE_REFLECTION_BUFFERS UNITY_USE_DITHER_MASK_FOR_ALPHABLENDED_SHADOWS UNITY_PBS_USE_BRDF1 UNITY_SPECCUBE_BOX_PROJECTION UNITY_SPECCUBE_BLENDING UNITY_ENABLE_DETAIL_NORMALMAP SHADER_API_DESKTOP UNITY_COLORSPACE_GAMMA UNITY_LIGHT_PROBE_PROXY_VOLUME UNITY_LIGHTMAP_RGBM_ENCODING ok=1
Cmd: compileSnippet
  error: 1 plat 4 at (73): Output value 'vert' is not completely initialized\nCompiling Vertex program with UNITY_PASS_FORWARDBASE DIRECTIONAL LIGHTMAP_ON
Platform defines: UNITY_ENABLE_REFLECTION_BUFFERS UNITY_NO_SCREENSPACE_SHADOWS UNITY_PBS_USE_BRDF3 UNITY_SPECCUBE_BOX_PROJECTION SHADER_API_DESKTOP UNITY_COLORSPACE_GAMMA UNITY_LIGHTMAP_RGBM_ENCODING
  api=4 type=0 insize=5909 outsize=1810 kw=UNITY_PASS_FORWARDBASE DIRECTIONAL LIGHTMAP_ON pd=UNITY_ENABLE_REFLECTION_BUFFERS UNITY_NO_SCREENSPACE_SHADOWS UNITY_PBS_USE_BRDF3 UNITY_SPECCUBE_BOX_PROJECTION SHADER_API_DESKTOP UNITY_COLORSPACE_GAMMA UNITY_LIGHTMAP_RGBM_ENCODING ok=1
Cmd: compileSnippet
  api=4 type=1 insize=5909 outsize=918 kw=UNITY_PASS_FORWARDBASE DIRECTIONAL LIGHTMAP_ON pd=UNITY_ENABLE_REFLECTION_BUFFERS UNITY_NO_SCREENSPACE_SHADOWS UNITY_PBS_USE_BRDF3 UNITY_SPECCUBE_BOX_PROJECTION SHADER_API_DESKTOP UNITY_COLORSPACE_GAMMA UNITY_LIGHTMAP_RGBM_ENCODING ok=1
Cmd: compileSnippet
  error: 1 plat 4 at (73): Output value 'vert' is not completely initialized\nCompiling Vertex program with UNITY_PASS_FORWARDBASE DIRECTIONAL
Platform defines: UNITY_ENABLE_REFLECTION_BUFFERS UNITY_NO_SCREENSPACE_SHADOWS UNITY_PBS_USE_BRDF3 UNITY_SPECCUBE_BOX_PROJECTION SHADER_API_DESKTOP UNITY_COLORSPACE_GAMMA UNITY_LIGHTMAP_RGBM_ENCODING
  api=4 type=0 insize=5909 outsize=1810 kw=UNITY_PASS_FORWARDBASE DIRECTIONAL pd=UNITY_ENABLE_REFLECTION_BUFFERS UNITY_NO_SCREENSPACE_SHADOWS UNITY_PBS_USE_BRDF3 UNITY_SPECCUBE_BOX_PROJECTION SHADER_API_DESKTOP UNITY_COLORSPACE_GAMMA UNITY_LIGHTMAP_RGBM_ENCODING ok=1
Cmd: compileSnippet
  api=4 type=1 insize=5909 outsize=918 kw=UNITY_PASS_FORWARDBASE DIRECTIONAL pd=UNITY_ENABLE_REFLECTION_BUFFERS UNITY_NO_SCREENSPACE_SHADOWS UNITY_PBS_USE_BRDF3 UNITY_SPECCUBE_BOX_PROJECTION SHADER_API_DESKTOP UNITY_COLORSPACE_GAMMA UNITY_LIGHTMAP_RGBM_ENCODING ok=1
Cmd: compileSnippet
  error: 1 plat 4 at (73): Output value 'vert' is not completely initialized\nCompiling Vertex program with UNITY_PASS_FORWARDBASE DIRECTIONAL LIGHTPROBE_SH
Platform defines: UNITY_ENABLE_REFLECTION_BUFFERS UNITY_NO_SCREENSPACE_SHADOWS UNITY_PBS_USE_BRDF3 UNITY_SPECCUBE_BOX_PROJECTION SHADER_API_DESKTOP UNITY_COLORSPACE_GAMMA UNITY_LIGHTMAP_RGBM_ENCODING
  api=4 type=0 insize=5909 outsize=1810 kw=UNITY_PASS_FORWARDBASE DIRECTIONAL LIGHTPROBE_SH pd=UNITY_ENABLE_REFLECTION_BUFFERS UNITY_NO_SCREENSPACE_SHADOWS UNITY_PBS_USE_BRDF3 UNITY_SPECCUBE_BOX_PROJECTION SHADER_API_DESKTOP UNITY_COLORSPACE_GAMMA UNITY_LIGHTMAP_RGBM_ENCODING ok=1
Cmd: compileSnippet
  api=4 type=1 insize=5909 outsize=918 kw=UNITY_PASS_FORWARDBASE DIRECTIONAL LIGHTPROBE_SH pd=UNITY_ENABLE_REFLECTION_BUFFERS UNITY_NO_SCREENSPACE_SHADOWS UNITY_PBS_USE_BRDF3 UNITY_SPECCUBE_BOX_PROJECTION SHADER_API_DESKTOP UNITY_COLORSPACE_GAMMA UNITY_LIGHTMAP_RGBM_ENCODING ok=1
Cmd: preprocess
  insize=7397 outsize=1582 ok=1
Cmd: compileSnippet
  error: 1 plat 4 at (73): Output value 'vert' is not completely initialized\nCompiling Vertex program with UNITY_PASS_FORWARDBASE DIRECTIONAL
Platform defines: UNITY_ENABLE_REFLECTION_BUFFERS UNITY_USE_DITHER_MASK_FOR_ALPHABLENDED_SHADOWS UNITY_PBS_USE_BRDF1 UNITY_SPECCUBE_BOX_PROJECTION UNITY_SPECCUBE_BLENDING UNITY_ENABLE_DETAIL_NORMALMAP SHADER_API_DESKTOP UNITY_COLORSPACE_GAMMA UNITY_LIGHT_PROBE_PROXY_VOLUME UNITY_LIGHTMAP_RGBM_ENCODING
  api=4 type=0 insize=5899 outsize=1810 kw=UNITY_PASS_FORWARDBASE DIRECTIONAL pd=UNITY_ENABLE_REFLECTION_BUFFERS UNITY_USE_DITHER_MASK_FOR_ALPHABLENDED_SHADOWS UNITY_PBS_USE_BRDF1 UNITY_SPECCUBE_BOX_PROJECTION UNITY_SPECCUBE_BLENDING UNITY_ENABLE_DETAIL_NORMALMAP SHADER_API_DESKTOP UNITY_COLORSPACE_GAMMA UNITY_LIGHT_PROBE_PROXY_VOLUME UNITY_LIGHTMAP_RGBM_ENCODING ok=1
Cmd: compileSnippet
  api=4 type=1 insize=5899 outsize=1050 kw=UNITY_PASS_FORWARDBASE DIRECTIONAL pd=UNITY_ENABLE_REFLECTION_BUFFERS UNITY_USE_DITHER_MASK_FOR_ALPHABLENDED_SHADOWS UNITY_PBS_USE_BRDF1 UNITY_SPECCUBE_BOX_PROJECTION UNITY_SPECCUBE_BLENDING UNITY_ENABLE_DETAIL_NORMALMAP SHADER_API_DESKTOP UNITY_COLORSPACE_GAMMA UNITY_LIGHT_PROBE_PROXY_VOLUME UNITY_LIGHTMAP_RGBM_ENCODING ok=1
Cmd: compileSnippet
  error: 1 plat 4 at (73): Output value 'vert' is not completely initialized\nCompiling Vertex program with UNITY_PASS_FORWARDBASE DIRECTIONAL LIGHTMAP_ON
Platform defines: UNITY_ENABLE_REFLECTION_BUFFERS UNITY_NO_SCREENSPACE_SHADOWS UNITY_PBS_USE_BRDF3 UNITY_SPECCUBE_BOX_PROJECTION SHADER_API_DESKTOP UNITY_COLORSPACE_GAMMA UNITY_LIGHTMAP_RGBM_ENCODING
  api=4 type=0 insize=5899 outsize=1810 kw=UNITY_PASS_FORWARDBASE DIRECTIONAL LIGHTMAP_ON pd=UNITY_ENABLE_REFLECTION_BUFFERS UNITY_NO_SCREENSPACE_SHADOWS UNITY_PBS_USE_BRDF3 UNITY_SPECCUBE_BOX_PROJECTION SHADER_API_DESKTOP UNITY_COLORSPACE_GAMMA UNITY_LIGHTMAP_RGBM_ENCODING ok=1
Cmd: compileSnippet
  api=4 type=1 insize=5899 outsize=1050 kw=UNITY_PASS_FORWARDBASE DIRECTIONAL LIGHTMAP_ON pd=UNITY_ENABLE_REFLECTION_BUFFERS UNITY_NO_SCREENSPACE_SHADOWS UNITY_PBS_USE_BRDF3 UNITY_SPECCUBE_BOX_PROJECTION SHADER_API_DESKTOP UNITY_COLORSPACE_GAMMA UNITY_LIGHTMAP_RGBM_ENCODING ok=1
Cmd: compileSnippet
  error: 1 plat 4 at (73): Output value 'vert' is not completely initialized\nCompiling Vertex program with UNITY_PASS_FORWARDBASE DIRECTIONAL
Platform defines: UNITY_ENABLE_REFLECTION_BUFFERS UNITY_NO_SCREENSPACE_SHADOWS UNITY_PBS_USE_BRDF3 UNITY_SPECCUBE_BOX_PROJECTION SHADER_API_DESKTOP UNITY_COLORSPACE_GAMMA UNITY_LIGHTMAP_RGBM_ENCODING
  api=4 type=0 insize=5899 outsize=1810 kw=UNITY_PASS_FORWARDBASE DIRECTIONAL pd=UNITY_ENABLE_REFLECTION_BUFFERS UNITY_NO_SCREENSPACE_SHADOWS UNITY_PBS_USE_BRDF3 UNITY_SPECCUBE_BOX_PROJECTION SHADER_API_DESKTOP UNITY_COLORSPACE_GAMMA UNITY_LIGHTMAP_RGBM_ENCODING ok=1
Cmd: compileSnippet
  api=4 type=1 insize=5899 outsize=1050 kw=UNITY_PASS_FORWARDBASE DIRECTIONAL pd=UNITY_ENABLE_REFLECTION_BUFFERS UNITY_NO_SCREENSPACE_SHADOWS UNITY_PBS_USE_BRDF3 UNITY_SPECCUBE_BOX_PROJECTION SHADER_API_DESKTOP UNITY_COLORSPACE_GAMMA UNITY_LIGHTMAP_RGBM_ENCODING ok=1
Cmd: compileSnippet
  error: 1 plat 4 at (73): Output value 'vert' is not completely initialized\nCompiling Vertex program with UNITY_PASS_FORWARDBASE DIRECTIONAL LIGHTPROBE_SH
Platform defines: UNITY_ENABLE_REFLECTION_BUFFERS UNITY_NO_SCREENSPACE_SHADOWS UNITY_PBS_USE_BRDF3 UNITY_SPECCUBE_BOX_PROJECTION SHADER_API_DESKTOP UNITY_COLORSPACE_GAMMA UNITY_LIGHTMAP_RGBM_ENCODING
  api=4 type=0 insize=5899 outsize=1810 kw=UNITY_PASS_FORWARDBASE DIRECTIONAL LIGHTPROBE_SH pd=UNITY_ENABLE_REFLECTION_BUFFERS UNITY_NO_SCREENSPACE_SHADOWS UNITY_PBS_USE_BRDF3 UNITY_SPECCUBE_BOX_PROJECTION SHADER_API_DESKTOP UNITY_COLORSPACE_GAMMA UNITY_LIGHTMAP_RGBM_ENCODING ok=1
Cmd: compileSnippet
  api=4 type=1 insize=5899 outsize=1050 kw=UNITY_PASS_FORWARDBASE DIRECTIONAL LIGHTPROBE_SH pd=UNITY_ENABLE_REFLECTION_BUFFERS UNITY_NO_SCREENSPACE_SHADOWS UNITY_PBS_USE_BRDF3 UNITY_SPECCUBE_BOX_PROJECTION SHADER_API_DESKTOP UNITY_COLORSPACE_GAMMA UNITY_LIGHTMAP_RGBM_ENCODING ok=1
Cmd: preprocess
  insize=7392 outsize=1581 ok=1
Cmd: compileSnippet
  error: 1 plat 4 at (73): Output value 'vert' is not completely initialized\nCompiling Vertex program with UNITY_PASS_FORWARDBASE DIRECTIONAL
Platform defines: UNITY_ENABLE_REFLECTION_BUFFERS UNITY_USE_DITHER_MASK_FOR_ALPHABLENDED_SHADOWS UNITY_PBS_USE_BRDF1 UNITY_SPECCUBE_BOX_PROJECTION UNITY_SPECCUBE_BLENDING UNITY_ENABLE_DETAIL_NORMALMAP SHADER_API_DESKTOP UNITY_COLORSPACE_GAMMA UNITY_LIGHT_PROBE_PROXY_VOLUME UNITY_LIGHTMAP_RGBM_ENCODING
  api=4 type=0 insize=5894 outsize=1810 kw=UNITY_PASS_FORWARDBASE DIRECTIONAL pd=UNITY_ENABLE_REFLECTION_BUFFERS UNITY_USE_DITHER_MASK_FOR_ALPHABLENDED_SHADOWS UNITY_PBS_USE_BRDF1 UNITY_SPECCUBE_BOX_PROJECTION UNITY_SPECCUBE_BLENDING UNITY_ENABLE_DETAIL_NORMALMAP SHADER_API_DESKTOP UNITY_COLORSPACE_GAMMA UNITY_LIGHT_PROBE_PROXY_VOLUME UNITY_LIGHTMAP_RGBM_ENCODING ok=1
Cmd: compileSnippet
  api=4 type=1 insize=5894 outsize=1366 kw=UNITY_PASS_FORWARDBASE DIRECTIONAL pd=UNITY_ENABLE_REFLECTION_BUFFERS UNITY_USE_DITHER_MASK_FOR_ALPHABLENDED_SHADOWS UNITY_PBS_USE_BRDF1 UNITY_SPECCUBE_BOX_PROJECTION UNITY_SPECCUBE_BLENDING UNITY_ENABLE_DETAIL_NORMALMAP SHADER_API_DESKTOP UNITY_COLORSPACE_GAMMA UNITY_LIGHT_PROBE_PROXY_VOLUME UNITY_LIGHTMAP_RGBM_ENCODING ok=1
Cmd: compileSnippet
  error: 1 plat 4 at (73): Output value 'vert' is not completely initialized\nCompiling Vertex program with UNITY_PASS_FORWARDBASE DIRECTIONAL LIGHTMAP_ON
Platform defines: UNITY_ENABLE_REFLECTION_BUFFERS UNITY_NO_SCREENSPACE_SHADOWS UNITY_PBS_USE_BRDF3 UNITY_SPECCUBE_BOX_PROJECTION SHADER_API_DESKTOP UNITY_COLORSPACE_GAMMA UNITY_LIGHTMAP_RGBM_ENCODING
  api=4 type=0 insize=5894 outsize=1810 kw=UNITY_PASS_FORWARDBASE DIRECTIONAL LIGHTMAP_ON pd=UNITY_ENABLE_REFLECTION_BUFFERS UNITY_NO_SCREENSPACE_SHADOWS UNITY_PBS_USE_BRDF3 UNITY_SPECCUBE_BOX_PROJECTION SHADER_API_DESKTOP UNITY_COLORSPACE_GAMMA UNITY_LIGHTMAP_RGBM_ENCODING ok=1
Cmd: compileSnippet
  api=4 type=1 insize=5894 outsize=1366 kw=UNITY_PASS_FORWARDBASE DIRECTIONAL LIGHTMAP_ON pd=UNITY_ENABLE_REFLECTION_BUFFERS UNITY_NO_SCREENSPACE_SHADOWS UNITY_PBS_USE_BRDF3 UNITY_SPECCUBE_BOX_PROJECTION SHADER_API_DESKTOP UNITY_COLORSPACE_GAMMA UNITY_LIGHTMAP_RGBM_ENCODING ok=1
Cmd: compileSnippet
  error: 1 plat 4 at (73): Output value 'vert' is not completely initialized\nCompiling Vertex program with UNITY_PASS_FORWARDBASE DIRECTIONAL
Platform defines: UNITY_ENABLE_REFLECTION_BUFFERS UNITY_NO_SCREENSPACE_SHADOWS UNITY_PBS_USE_BRDF3 UNITY_SPECCUBE_BOX_PROJECTION SHADER_API_DESKTOP UNITY_COLORSPACE_GAMMA UNITY_LIGHTMAP_RGBM_ENCODING
  api=4 type=0 insize=5894 outsize=1810 kw=UNITY_PASS_FORWARDBASE DIRECTIONAL pd=UNITY_ENABLE_REFLECTION_BUFFERS UNITY_NO_SCREENSPACE_SHADOWS UNITY_PBS_USE_BRDF3 UNITY_SPECCUBE_BOX_PROJECTION SHADER_API_DESKTOP UNITY_COLORSPACE_GAMMA UNITY_LIGHTMAP_RGBM_ENCODING ok=1
Cmd: compileSnippet
  api=4 type=1 insize=5894 outsize=1366 kw=UNITY_PASS_FORWARDBASE DIRECTIONAL pd=UNITY_ENABLE_REFLECTION_BUFFERS UNITY_NO_SCREENSPACE_SHADOWS UNITY_PBS_USE_BRDF3 UNITY_SPECCUBE_BOX_PROJECTION SHADER_API_DESKTOP UNITY_COLORSPACE_GAMMA UNITY_LIGHTMAP_RGBM_ENCODING ok=1
Cmd: compileSnippet
  error: 1 plat 4 at (73): Output value 'vert' is not completely initialized\nCompiling Vertex program with UNITY_PASS_FORWARDBASE DIRECTIONAL LIGHTPROBE_SH
Platform defines: UNITY_ENABLE_REFLECTION_BUFFERS UNITY_NO_SCREENSPACE_SHADOWS UNITY_PBS_USE_BRDF3 UNITY_SPECCUBE_BOX_PROJECTION SHADER_API_DESKTOP UNITY_COLORSPACE_GAMMA UNITY_LIGHTMAP_RGBM_ENCODING
  api=4 type=0 insize=5894 outsize=1810 kw=UNITY_PASS_FORWARDBASE DIRECTIONAL LIGHTPROBE_SH pd=UNITY_ENABLE_REFLECTION_BUFFERS UNITY_NO_SCREENSPACE_SHADOWS UNITY_PBS_USE_BRDF3 UNITY_SPECCUBE_BOX_PROJECTION SHADER_API_DESKTOP UNITY_COLORSPACE_GAMMA UNITY_LIGHTMAP_RGBM_ENCODING ok=1
Cmd: compileSnippet
  api=4 type=1 insize=5894 outsize=1366 kw=UNITY_PASS_FORWARDBASE DIRECTIONAL LIGHTPROBE_SH pd=UNITY_ENABLE_REFLECTION_BUFFERS UNITY_NO_SCREENSPACE_SHADOWS UNITY_PBS_USE_BRDF3 UNITY_SPECCUBE_BOX_PROJECTION SHADER_API_DESKTOP UNITY_COLORSPACE_GAMMA UNITY_LIGHTMAP_RGBM_ENCODING ok=1
Cmd: preprocess
  insize=7393 outsize=1582 ok=1
Cmd: compileSnippet
  error: 1 plat 4 at (73): Output value 'vert' is not completely initialized\nCompiling Vertex program with UNITY_PASS_FORWARDBASE DIRECTIONAL
Platform defines: UNITY_ENABLE_REFLECTION_BUFFERS UNITY_USE_DITHER_MASK_FOR_ALPHABLENDED_SHADOWS UNITY_PBS_USE_BRDF1 UNITY_SPECCUBE_BOX_PROJECTION UNITY_SPECCUBE_BLENDING UNITY_ENABLE_DETAIL_NORMALMAP SHADER_API_DESKTOP UNITY_COLORSPACE_GAMMA UNITY_LIGHT_PROBE_PROXY_VOLUME UNITY_LIGHTMAP_RGBM_ENCODING
  api=4 type=0 insize=5895 outsize=1810 kw=UNITY_PASS_FORWARDBASE DIRECTIONAL pd=UNITY_ENABLE_REFLECTION_BUFFERS UNITY_USE_DITHER_MASK_FOR_ALPHABLENDED_SHADOWS UNITY_PBS_USE_BRDF1 UNITY_SPECCUBE_BOX_PROJECTION UNITY_SPECCUBE_BLENDING UNITY_ENABLE_DETAIL_NORMALMAP SHADER_API_DESKTOP UNITY_COLORSPACE_GAMMA UNITY_LIGHT_PROBE_PROXY_VOLUME UNITY_LIGHTMAP_RGBM_ENCODING ok=1
Cmd: compileSnippet
  api=4 type=1 insize=5895 outsize=1366 kw=UNITY_PASS_FORWARDBASE DIRECTIONAL pd=UNITY_ENABLE_REFLECTION_BUFFERS UNITY_USE_DITHER_MASK_FOR_ALPHABLENDED_SHADOWS UNITY_PBS_USE_BRDF1 UNITY_SPECCUBE_BOX_PROJECTION UNITY_SPECCUBE_BLENDING UNITY_ENABLE_DETAIL_NORMALMAP SHADER_API_DESKTOP UNITY_COLORSPACE_GAMMA UNITY_LIGHT_PROBE_PROXY_VOLUME UNITY_LIGHTMAP_RGBM_ENCODING ok=1
Cmd: compileSnippet
  error: 1 plat 4 at (73): Output value 'vert' is not completely initialized\nCompiling Vertex program with UNITY_PASS_FORWARDBASE DIRECTIONAL LIGHTMAP_ON
Platform defines: UNITY_ENABLE_REFLECTION_BUFFERS UNITY_NO_SCREENSPACE_SHADOWS UNITY_PBS_USE_BRDF3 UNITY_SPECCUBE_BOX_PROJECTION SHADER_API_DESKTOP UNITY_COLORSPACE_GAMMA UNITY_LIGHTMAP_RGBM_ENCODING
  api=4 type=0 insize=5895 outsize=1810 kw=UNITY_PASS_FORWARDBASE DIRECTIONAL LIGHTMAP_ON pd=UNITY_ENABLE_REFLECTION_BUFFERS UNITY_NO_SCREENSPACE_SHADOWS UNITY_PBS_USE_BRDF3 UNITY_SPECCUBE_BOX_PROJECTION SHADER_API_DESKTOP UNITY_COLORSPACE_GAMMA UNITY_LIGHTMAP_RGBM_ENCODING ok=1
Cmd: compileSnippet
  api=4 type=1 insize=5895 outsize=1366 kw=UNITY_PASS_FORWARDBASE DIRECTIONAL LIGHTMAP_ON pd=UNITY_ENABLE_REFLECTION_BUFFERS UNITY_NO_SCREENSPACE_SHADOWS UNITY_PBS_USE_BRDF3 UNITY_SPECCUBE_BOX_PROJECTION SHADER_API_DESKTOP UNITY_COLORSPACE_GAMMA UNITY_LIGHTMAP_RGBM_ENCODING ok=1
Cmd: compileSnippet
  error: 1 plat 4 at (73): Output value 'vert' is not completely initialized\nCompiling Vertex program with UNITY_PASS_FORWARDBASE DIRECTIONAL
Platform defines: UNITY_ENABLE_REFLECTION_BUFFERS UNITY_NO_SCREENSPACE_SHADOWS UNITY_PBS_USE_BRDF3 UNITY_SPECCUBE_BOX_PROJECTION SHADER_API_DESKTOP UNITY_COLORSPACE_GAMMA UNITY_LIGHTMAP_RGBM_ENCODING
  api=4 type=0 insize=5895 outsize=1810 kw=UNITY_PASS_FORWARDBASE DIRECTIONAL pd=UNITY_ENABLE_REFLECTION_BUFFERS UNITY_NO_SCREENSPACE_SHADOWS UNITY_PBS_USE_BRDF3 UNITY_SPECCUBE_BOX_PROJECTION SHADER_API_DESKTOP UNITY_COLORSPACE_GAMMA UNITY_LIGHTMAP_RGBM_ENCODING ok=1
Cmd: compileSnippet
  api=4 type=1 insize=5895 outsize=1366 kw=UNITY_PASS_FORWARDBASE DIRECTIONAL pd=UNITY_ENABLE_REFLECTION_BUFFERS UNITY_NO_SCREENSPACE_SHADOWS UNITY_PBS_USE_BRDF3 UNITY_SPECCUBE_BOX_PROJECTION SHADER_API_DESKTOP UNITY_COLORSPACE_GAMMA UNITY_LIGHTMAP_RGBM_ENCODING ok=1
Cmd: compileSnippet
  error: 1 plat 4 at (73): Output value 'vert' is not completely initialized\nCompiling Vertex program with UNITY_PASS_FORWARDBASE DIRECTIONAL LIGHTPROBE_SH
Platform defines: UNITY_ENABLE_REFLECTION_BUFFERS UNITY_NO_SCREENSPACE_SHADOWS UNITY_PBS_USE_BRDF3 UNITY_SPECCUBE_BOX_PROJECTION SHADER_API_DESKTOP UNITY_COLORSPACE_GAMMA UNITY_LIGHTMAP_RGBM_ENCODING
  api=4 type=0 insize=5895 outsize=1810 kw=UNITY_PASS_FORWARDBASE DIRECTIONAL LIGHTPROBE_SH pd=UNITY_ENABLE_REFLECTION_BUFFERS UNITY_NO_SCREENSPACE_SHADOWS UNITY_PBS_USE_BRDF3 UNITY_SPECCUBE_BOX_PROJECTION SHADER_API_DESKTOP UNITY_COLORSPACE_GAMMA UNITY_LIGHTMAP_RGBM_ENCODING ok=1
Cmd: compileSnippet
  api=4 type=1 insize=5895 outsize=1366 kw=UNITY_PASS_FORWARDBASE DIRECTIONAL LIGHTPROBE_SH pd=UNITY_ENABLE_REFLECTION_BUFFERS UNITY_NO_SCREENSPACE_SHADOWS UNITY_PBS_USE_BRDF3 UNITY_SPECCUBE_BOX_PROJECTION SHADER_API_DESKTOP UNITY_COLORSPACE_GAMMA UNITY_LIGHTMAP_RGBM_ENCODING ok=1
Cmd: preprocess
  insize=7392 outsize=1581 ok=1
Cmd: preprocess
  insize=7374 outsize=1582 ok=1
Cmd: compileSnippet
  error: 1 plat 4 at (73): Output value 'vert' is not completely initialized\nCompiling Vertex program with UNITY_PASS_FORWARDBASE DIRECTIONAL
Platform defines: UNITY_ENABLE_REFLECTION_BUFFERS UNITY_USE_DITHER_MASK_FOR_ALPHABLENDED_SHADOWS UNITY_PBS_USE_BRDF1 UNITY_SPECCUBE_BOX_PROJECTION UNITY_SPECCUBE_BLENDING UNITY_ENABLE_DETAIL_NORMALMAP SHADER_API_DESKTOP UNITY_COLORSPACE_GAMMA UNITY_LIGHT_PROBE_PROXY_VOLUME UNITY_LIGHTMAP_RGBM_ENCODING
  api=4 type=0 insize=5876 outsize=1810 kw=UNITY_PASS_FORWARDBASE DIRECTIONAL pd=UNITY_ENABLE_REFLECTION_BUFFERS UNITY_USE_DITHER_MASK_FOR_ALPHABLENDED_SHADOWS UNITY_PBS_USE_BRDF1 UNITY_SPECCUBE_BOX_PROJECTION UNITY_SPECCUBE_BLENDING UNITY_ENABLE_DETAIL_NORMALMAP SHADER_API_DESKTOP UNITY_COLORSPACE_GAMMA UNITY_LIGHT_PROBE_PROXY_VOLUME UNITY_LIGHTMAP_RGBM_ENCODING ok=1
Cmd: compileSnippet
  api=4 type=1 insize=5876 outsize=3238 kw=UNITY_PASS_FORWARDBASE DIRECTIONAL pd=UNITY_ENABLE_REFLECTION_BUFFERS UNITY_USE_DITHER_MASK_FOR_ALPHABLENDED_SHADOWS UNITY_PBS_USE_BRDF1 UNITY_SPECCUBE_BOX_PROJECTION UNITY_SPECCUBE_BLENDING UNITY_ENABLE_DETAIL_NORMALMAP SHADER_API_DESKTOP UNITY_COLORSPACE_GAMMA UNITY_LIGHT_PROBE_PROXY_VOLUME UNITY_LIGHTMAP_RGBM_ENCODING ok=1
Cmd: compileSnippet
  error: 1 plat 4 at (73): Output value 'vert' is not completely initialized\nCompiling Vertex program with UNITY_PASS_FORWARDBASE DIRECTIONAL LIGHTMAP_ON
Platform defines: UNITY_ENABLE_REFLECTION_BUFFERS UNITY_NO_SCREENSPACE_SHADOWS UNITY_PBS_USE_BRDF3 UNITY_SPECCUBE_BOX_PROJECTION SHADER_API_DESKTOP UNITY_COLORSPACE_GAMMA UNITY_LIGHTMAP_RGBM_ENCODING
  api=4 type=0 insize=5876 outsize=1810 kw=UNITY_PASS_FORWARDBASE DIRECTIONAL LIGHTMAP_ON pd=UNITY_ENABLE_REFLECTION_BUFFERS UNITY_NO_SCREENSPACE_SHADOWS UNITY_PBS_USE_BRDF3 UNITY_SPECCUBE_BOX_PROJECTION SHADER_API_DESKTOP UNITY_COLORSPACE_GAMMA UNITY_LIGHTMAP_RGBM_ENCODING ok=1
Cmd: compileSnippet
  api=4 type=1 insize=5876 outsize=3238 kw=UNITY_PASS_FORWARDBASE DIRECTIONAL LIGHTMAP_ON pd=UNITY_ENABLE_REFLECTION_BUFFERS UNITY_NO_SCREENSPACE_SHADOWS UNITY_PBS_USE_BRDF3 UNITY_SPECCUBE_BOX_PROJECTION SHADER_API_DESKTOP UNITY_COLORSPACE_GAMMA UNITY_LIGHTMAP_RGBM_ENCODING ok=1
Cmd: compileSnippet
  api=4 type=0 insize=5876 outsize=2030 kw=UNITY_PASS_FORWARDBASE DIRECTIONAL SHADOWS_SCREEN LIGHTMAP_ON LIGHTMAP_SHADOW_MIXING pd=UNITY_ENABLE_REFLECTION_BUFFERS UNITY_NO_SCREENSPACE_SHADOWS UNITY_PBS_USE_BRDF3 UNITY_SPECCUBE_BOX_PROJECTION SHADER_API_DESKTOP UNITY_COLORSPACE_GAMMA UNITY_LIGHTMAP_RGBM_ENCODING ok=1
Cmd: compileSnippet
  api=4 type=1 insize=5876 outsize=3210 kw=UNITY_PASS_FORWARDBASE DIRECTIONAL SHADOWS_SCREEN LIGHTMAP_ON LIGHTMAP_SHADOW_MIXING pd=UNITY_ENABLE_REFLECTION_BUFFERS UNITY_NO_SCREENSPACE_SHADOWS UNITY_PBS_USE_BRDF3 UNITY_SPECCUBE_BOX_PROJECTION SHADER_API_DESKTOP UNITY_COLORSPACE_GAMMA UNITY_LIGHTMAP_RGBM_ENCODING ok=1
Cmd: compileSnippet
  error: 1 plat 4 at (73): Output value 'vert' is not completely initialized\nCompiling Vertex program with UNITY_PASS_FORWARDBASE DIRECTIONAL LIGHTMAP_ON LIGHTMAP_SHADOW_MIXING
Platform defines: UNITY_ENABLE_REFLECTION_BUFFERS UNITY_NO_SCREENSPACE_SHADOWS UNITY_PBS_USE_BRDF3 UNITY_SPECCUBE_BOX_PROJECTION SHADER_API_DESKTOP UNITY_COLORSPACE_GAMMA UNITY_LIGHTMAP_RGBM_ENCODING
  api=4 type=0 insize=5876 outsize=1810 kw=UNITY_PASS_FORWARDBASE DIRECTIONAL LIGHTMAP_ON LIGHTMAP_SHADOW_MIXING pd=UNITY_ENABLE_REFLECTION_BUFFERS UNITY_NO_SCREENSPACE_SHADOWS UNITY_PBS_USE_BRDF3 UNITY_SPECCUBE_BOX_PROJECTION SHADER_API_DESKTOP UNITY_COLORSPACE_GAMMA UNITY_LIGHTMAP_RGBM_ENCODING ok=1
Cmd: compileSnippet
  api=4 type=1 insize=5876 outsize=3238 kw=UNITY_PASS_FORWARDBASE DIRECTIONAL LIGHTMAP_ON LIGHTMAP_SHADOW_MIXING pd=UNITY_ENABLE_REFLECTION_BUFFERS UNITY_NO_SCREENSPACE_SHADOWS UNITY_PBS_USE_BRDF3 UNITY_SPECCUBE_BOX_PROJECTION SHADER_API_DESKTOP UNITY_COLORSPACE_GAMMA UNITY_LIGHTMAP_RGBM_ENCODING ok=1
Cmd: preprocess
  insize=7376 outsize=1582 ok=1
Cmd: compileSnippet
  error: 1 plat 4 at (73): Output value 'vert' is not completely initialized\nCompiling Vertex program with UNITY_PASS_FORWARDBASE DIRECTIONAL
Platform defines: UNITY_ENABLE_REFLECTION_BUFFERS UNITY_USE_DITHER_MASK_FOR_ALPHABLENDED_SHADOWS UNITY_PBS_USE_BRDF1 UNITY_SPECCUBE_BOX_PROJECTION UNITY_SPECCUBE_BLENDING UNITY_ENABLE_DETAIL_NORMALMAP SHADER_API_DESKTOP UNITY_COLORSPACE_GAMMA UNITY_LIGHT_PROBE_PROXY_VOLUME UNITY_LIGHTMAP_RGBM_ENCODING
  api=4 type=0 insize=5878 outsize=1810 kw=UNITY_PASS_FORWARDBASE DIRECTIONAL pd=UNITY_ENABLE_REFLECTION_BUFFERS UNITY_USE_DITHER_MASK_FOR_ALPHABLENDED_SHADOWS UNITY_PBS_USE_BRDF1 UNITY_SPECCUBE_BOX_PROJECTION UNITY_SPECCUBE_BLENDING UNITY_ENABLE_DETAIL_NORMALMAP SHADER_API_DESKTOP UNITY_COLORSPACE_GAMMA UNITY_LIGHT_PROBE_PROXY_VOLUME UNITY_LIGHTMAP_RGBM_ENCODING ok=1
Cmd: compileSnippet
  api=4 type=1 insize=5878 outsize=3250 kw=UNITY_PASS_FORWARDBASE DIRECTIONAL pd=UNITY_ENABLE_REFLECTION_BUFFERS UNITY_USE_DITHER_MASK_FOR_ALPHABLENDED_SHADOWS UNITY_PBS_USE_BRDF1 UNITY_SPECCUBE_BOX_PROJECTION UNITY_SPECCUBE_BLENDING UNITY_ENABLE_DETAIL_NORMALMAP SHADER_API_DESKTOP UNITY_COLORSPACE_GAMMA UNITY_LIGHT_PROBE_PROXY_VOLUME UNITY_LIGHTMAP_RGBM_ENCODING ok=1
Cmd: compileSnippet
  api=4 type=0 insize=5878 outsize=2030 kw=UNITY_PASS_FORWARDBASE DIRECTIONAL SHADOWS_SCREEN LIGHTMAP_ON LIGHTMAP_SHADOW_MIXING pd=UNITY_ENABLE_REFLECTION_BUFFERS UNITY_NO_SCREENSPACE_SHADOWS UNITY_PBS_USE_BRDF3 UNITY_SPECCUBE_BOX_PROJECTION SHADER_API_DESKTOP UNITY_COLORSPACE_GAMMA UNITY_LIGHTMAP_RGBM_ENCODING ok=1
Cmd: compileSnippet
  api=4 type=1 insize=5878 outsize=3222 kw=UNITY_PASS_FORWARDBASE DIRECTIONAL SHADOWS_SCREEN LIGHTMAP_ON LIGHTMAP_SHADOW_MIXING pd=UNITY_ENABLE_REFLECTION_BUFFERS UNITY_NO_SCREENSPACE_SHADOWS UNITY_PBS_USE_BRDF3 UNITY_SPECCUBE_BOX_PROJECTION SHADER_API_DESKTOP UNITY_COLORSPACE_GAMMA UNITY_LIGHTMAP_RGBM_ENCODING ok=1
Cmd: compileSnippet
  error: 1 plat 4 at (73): Output value 'vert' is not completely initialized\nCompiling Vertex program with UNITY_PASS_FORWARDBASE DIRECTIONAL LIGHTMAP_ON LIGHTMAP_SHADOW_MIXING
Platform defines: UNITY_ENABLE_REFLECTION_BUFFERS UNITY_NO_SCREENSPACE_SHADOWS UNITY_PBS_USE_BRDF3 UNITY_SPECCUBE_BOX_PROJECTION SHADER_API_DESKTOP UNITY_COLORSPACE_GAMMA UNITY_LIGHTMAP_RGBM_ENCODING
  api=4 type=0 insize=5878 outsize=1810 kw=UNITY_PASS_FORWARDBASE DIRECTIONAL LIGHTMAP_ON LIGHTMAP_SHADOW_MIXING pd=UNITY_ENABLE_REFLECTION_BUFFERS UNITY_NO_SCREENSPACE_SHADOWS UNITY_PBS_USE_BRDF3 UNITY_SPECCUBE_BOX_PROJECTION SHADER_API_DESKTOP UNITY_COLORSPACE_GAMMA UNITY_LIGHTMAP_RGBM_ENCODING ok=1
Cmd: compileSnippet
  api=4 type=1 insize=5878 outsize=3250 kw=UNITY_PASS_FORWARDBASE DIRECTIONAL LIGHTMAP_ON LIGHTMAP_SHADOW_MIXING pd=UNITY_ENABLE_REFLECTION_BUFFERS UNITY_NO_SCREENSPACE_SHADOWS UNITY_PBS_USE_BRDF3 UNITY_SPECCUBE_BOX_PROJECTION SHADER_API_DESKTOP UNITY_COLORSPACE_GAMMA UNITY_LIGHTMAP_RGBM_ENCODING ok=1
Cmd: compileSnippet
  error: 1 plat 4 at (73): Output value 'vert' is not completely initialized\nCompiling Vertex program with UNITY_PASS_FORWARDBASE DIRECTIONAL
Platform defines: UNITY_ENABLE_REFLECTION_BUFFERS UNITY_NO_SCREENSPACE_SHADOWS UNITY_PBS_USE_BRDF3 UNITY_SPECCUBE_BOX_PROJECTION SHADER_API_DESKTOP UNITY_COLORSPACE_GAMMA UNITY_LIGHTMAP_RGBM_ENCODING
  api=4 type=0 insize=5878 outsize=1810 kw=UNITY_PASS_FORWARDBASE DIRECTIONAL pd=UNITY_ENABLE_REFLECTION_BUFFERS UNITY_NO_SCREENSPACE_SHADOWS UNITY_PBS_USE_BRDF3 UNITY_SPECCUBE_BOX_PROJECTION SHADER_API_DESKTOP UNITY_COLORSPACE_GAMMA UNITY_LIGHTMAP_RGBM_ENCODING ok=1
Cmd: compileSnippet
  api=4 type=1 insize=5878 outsize=3250 kw=UNITY_PASS_FORWARDBASE DIRECTIONAL pd=UNITY_ENABLE_REFLECTION_BUFFERS UNITY_NO_SCREENSPACE_SHADOWS UNITY_PBS_USE_BRDF3 UNITY_SPECCUBE_BOX_PROJECTION SHADER_API_DESKTOP UNITY_COLORSPACE_GAMMA UNITY_LIGHTMAP_RGBM_ENCODING ok=1
Cmd: compileSnippet
  error: 1 plat 4 at (73): Output value 'vert' is not completely initialized\nCompiling Vertex program with UNITY_PASS_FORWARDBASE DIRECTIONAL LIGHTPROBE_SH
Platform defines: UNITY_ENABLE_REFLECTION_BUFFERS UNITY_NO_SCREENSPACE_SHADOWS UNITY_PBS_USE_BRDF3 UNITY_SPECCUBE_BOX_PROJECTION SHADER_API_DESKTOP UNITY_COLORSPACE_GAMMA UNITY_LIGHTMAP_RGBM_ENCODING
  api=4 type=0 insize=5878 outsize=1810 kw=UNITY_PASS_FORWARDBASE DIRECTIONAL LIGHTPROBE_SH pd=UNITY_ENABLE_REFLECTION_BUFFERS UNITY_NO_SCREENSPACE_SHADOWS UNITY_PBS_USE_BRDF3 UNITY_SPECCUBE_BOX_PROJECTION SHADER_API_DESKTOP UNITY_COLORSPACE_GAMMA UNITY_LIGHTMAP_RGBM_ENCODING ok=1
Cmd: compileSnippet
  api=4 type=1 insize=5878 outsize=3250 kw=UNITY_PASS_FORWARDBASE DIRECTIONAL LIGHTPROBE_SH pd=UNITY_ENABLE_REFLECTION_BUFFERS UNITY_NO_SCREENSPACE_SHADOWS UNITY_PBS_USE_BRDF3 UNITY_SPECCUBE_BOX_PROJECTION SHADER_API_DESKTOP UNITY_COLORSPACE_GAMMA UNITY_LIGHTMAP_RGBM_ENCODING ok=1
Cmd: preprocess
  insize=7377 outsize=1582 ok=1
Cmd: compileSnippet
  error: 1 plat 4 at (73): Output value 'vert' is not completely initialized\nCompiling Vertex program with UNITY_PASS_FORWARDBASE DIRECTIONAL
Platform defines: UNITY_ENABLE_REFLECTION_BUFFERS UNITY_USE_DITHER_MASK_FOR_ALPHABLENDED_SHADOWS UNITY_PBS_USE_BRDF1 UNITY_SPECCUBE_BOX_PROJECTION UNITY_SPECCUBE_BLENDING UNITY_ENABLE_DETAIL_NORMALMAP SHADER_API_DESKTOP UNITY_COLORSPACE_GAMMA UNITY_LIGHT_PROBE_PROXY_VOLUME UNITY_LIGHTMAP_RGBM_ENCODING
  api=4 type=0 insize=5879 outsize=1810 kw=UNITY_PASS_FORWARDBASE DIRECTIONAL pd=UNITY_ENABLE_REFLECTION_BUFFERS UNITY_USE_DITHER_MASK_FOR_ALPHABLENDED_SHADOWS UNITY_PBS_USE_BRDF1 UNITY_SPECCUBE_BOX_PROJECTION UNITY_SPECCUBE_BLENDING UNITY_ENABLE_DETAIL_NORMALMAP SHADER_API_DESKTOP UNITY_COLORSPACE_GAMMA UNITY_LIGHT_PROBE_PROXY_VOLUME UNITY_LIGHTMAP_RGBM_ENCODING ok=1
Cmd: compileSnippet
  api=4 type=1 insize=5879 outsize=3250 kw=UNITY_PASS_FORWARDBASE DIRECTIONAL pd=UNITY_ENABLE_REFLECTION_BUFFERS UNITY_USE_DITHER_MASK_FOR_ALPHABLENDED_SHADOWS UNITY_PBS_USE_BRDF1 UNITY_SPECCUBE_BOX_PROJECTION UNITY_SPECCUBE_BLENDING UNITY_ENABLE_DETAIL_NORMALMAP SHADER_API_DESKTOP UNITY_COLORSPACE_GAMMA UNITY_LIGHT_PROBE_PROXY_VOLUME UNITY_LIGHTMAP_RGBM_ENCODING ok=1
Cmd: compileSnippet
  api=4 type=0 insize=5879 outsize=2030 kw=UNITY_PASS_FORWARDBASE DIRECTIONAL SHADOWS_SCREEN LIGHTMAP_ON LIGHTMAP_SHADOW_MIXING pd=UNITY_ENABLE_REFLECTION_BUFFERS UNITY_NO_SCREENSPACE_SHADOWS UNITY_PBS_USE_BRDF3 UNITY_SPECCUBE_BOX_PROJECTION SHADER_API_DESKTOP UNITY_COLORSPACE_GAMMA UNITY_LIGHTMAP_RGBM_ENCODING ok=1
Cmd: compileSnippet
  api=4 type=1 insize=5879 outsize=3222 kw=UNITY_PASS_FORWARDBASE DIRECTIONAL SHADOWS_SCREEN LIGHTMAP_ON LIGHTMAP_SHADOW_MIXING pd=UNITY_ENABLE_REFLECTION_BUFFERS UNITY_NO_SCREENSPACE_SHADOWS UNITY_PBS_USE_BRDF3 UNITY_SPECCUBE_BOX_PROJECTION SHADER_API_DESKTOP UNITY_COLORSPACE_GAMMA UNITY_LIGHTMAP_RGBM_ENCODING ok=1
Cmd: compileSnippet
  error: 1 plat 4 at (73): Output value 'vert' is not completely initialized\nCompiling Vertex program with UNITY_PASS_FORWARDBASE DIRECTIONAL
Platform defines: UNITY_ENABLE_REFLECTION_BUFFERS UNITY_NO_SCREENSPACE_SHADOWS UNITY_PBS_USE_BRDF3 UNITY_SPECCUBE_BOX_PROJECTION SHADER_API_DESKTOP UNITY_COLORSPACE_GAMMA UNITY_LIGHTMAP_RGBM_ENCODING
  api=4 type=0 insize=5879 outsize=1810 kw=UNITY_PASS_FORWARDBASE DIRECTIONAL pd=UNITY_ENABLE_REFLECTION_BUFFERS UNITY_NO_SCREENSPACE_SHADOWS UNITY_PBS_USE_BRDF3 UNITY_SPECCUBE_BOX_PROJECTION SHADER_API_DESKTOP UNITY_COLORSPACE_GAMMA UNITY_LIGHTMAP_RGBM_ENCODING ok=1
Cmd: compileSnippet
  api=4 type=1 insize=5879 outsize=3250 kw=UNITY_PASS_FORWARDBASE DIRECTIONAL pd=UNITY_ENABLE_REFLECTION_BUFFERS UNITY_NO_SCREENSPACE_SHADOWS UNITY_PBS_USE_BRDF3 UNITY_SPECCUBE_BOX_PROJECTION SHADER_API_DESKTOP UNITY_COLORSPACE_GAMMA UNITY_LIGHTMAP_RGBM_ENCODING ok=1
Cmd: compileSnippet
  error: 1 plat 4 at (73): Output value 'vert' is not completely initialized\nCompiling Vertex program with UNITY_PASS_FORWARDBASE DIRECTIONAL LIGHTPROBE_SH
Platform defines: UNITY_ENABLE_REFLECTION_BUFFERS UNITY_NO_SCREENSPACE_SHADOWS UNITY_PBS_USE_BRDF3 UNITY_SPECCUBE_BOX_PROJECTION SHADER_API_DESKTOP UNITY_COLORSPACE_GAMMA UNITY_LIGHTMAP_RGBM_ENCODING
  api=4 type=0 insize=5879 outsize=1810 kw=UNITY_PASS_FORWARDBASE DIRECTIONAL LIGHTPROBE_SH pd=UNITY_ENABLE_REFLECTION_BUFFERS UNITY_NO_SCREENSPACE_SHADOWS UNITY_PBS_USE_BRDF3 UNITY_SPECCUBE_BOX_PROJECTION SHADER_API_DESKTOP UNITY_COLORSPACE_GAMMA UNITY_LIGHTMAP_RGBM_ENCODING ok=1
Cmd: compileSnippet
  api=4 type=1 insize=5879 outsize=3250 kw=UNITY_PASS_FORWARDBASE DIRECTIONAL LIGHTPROBE_SH pd=UNITY_ENABLE_REFLECTION_BUFFERS UNITY_NO_SCREENSPACE_SHADOWS UNITY_PBS_USE_BRDF3 UNITY_SPECCUBE_BOX_PROJECTION SHADER_API_DESKTOP UNITY_COLORSPACE_GAMMA UNITY_LIGHTMAP_RGBM_ENCODING ok=1
Cmd: preprocess
  insize=7359 outsize=1582 ok=1
Cmd: compileSnippet
  error: 1 plat 4 at (73): Output value 'vert' is not completely initialized\nCompiling Vertex program with UNITY_PASS_FORWARDBASE DIRECTIONAL
Platform defines: UNITY_ENABLE_REFLECTION_BUFFERS UNITY_USE_DITHER_MASK_FOR_ALPHABLENDED_SHADOWS UNITY_PBS_USE_BRDF1 UNITY_SPECCUBE_BOX_PROJECTION UNITY_SPECCUBE_BLENDING UNITY_ENABLE_DETAIL_NORMALMAP SHADER_API_DESKTOP UNITY_COLORSPACE_GAMMA UNITY_LIGHT_PROBE_PROXY_VOLUME UNITY_LIGHTMAP_RGBM_ENCODING
  api=4 type=0 insize=5861 outsize=1810 kw=UNITY_PASS_FORWARDBASE DIRECTIONAL pd=UNITY_ENABLE_REFLECTION_BUFFERS UNITY_USE_DITHER_MASK_FOR_ALPHABLENDED_SHADOWS UNITY_PBS_USE_BRDF1 UNITY_SPECCUBE_BOX_PROJECTION UNITY_SPECCUBE_BLENDING UNITY_ENABLE_DETAIL_NORMALMAP SHADER_API_DESKTOP UNITY_COLORSPACE_GAMMA UNITY_LIGHT_PROBE_PROXY_VOLUME UNITY_LIGHTMAP_RGBM_ENCODING ok=1
Cmd: compileSnippet
  api=4 type=1 insize=5861 outsize=2854 kw=UNITY_PASS_FORWARDBASE DIRECTIONAL pd=UNITY_ENABLE_REFLECTION_BUFFERS UNITY_USE_DITHER_MASK_FOR_ALPHABLENDED_SHADOWS UNITY_PBS_USE_BRDF1 UNITY_SPECCUBE_BOX_PROJECTION UNITY_SPECCUBE_BLENDING UNITY_ENABLE_DETAIL_NORMALMAP SHADER_API_DESKTOP UNITY_COLORSPACE_GAMMA UNITY_LIGHT_PROBE_PROXY_VOLUME UNITY_LIGHTMAP_RGBM_ENCODING ok=1
Cmd: compileSnippet
  api=4 type=0 insize=5861 outsize=2030 kw=UNITY_PASS_FORWARDBASE DIRECTIONAL SHADOWS_SCREEN LIGHTMAP_ON LIGHTMAP_SHADOW_MIXING pd=UNITY_ENABLE_REFLECTION_BUFFERS UNITY_NO_SCREENSPACE_SHADOWS UNITY_PBS_USE_BRDF3 UNITY_SPECCUBE_BOX_PROJECTION SHADER_API_DESKTOP UNITY_COLORSPACE_GAMMA UNITY_LIGHTMAP_RGBM_ENCODING ok=1
Cmd: compileSnippet
  api=4 type=1 insize=5861 outsize=2826 kw=UNITY_PASS_FORWARDBASE DIRECTIONAL SHADOWS_SCREEN LIGHTMAP_ON LIGHTMAP_SHADOW_MIXING pd=UNITY_ENABLE_REFLECTION_BUFFERS UNITY_NO_SCREENSPACE_SHADOWS UNITY_PBS_USE_BRDF3 UNITY_SPECCUBE_BOX_PROJECTION SHADER_API_DESKTOP UNITY_COLORSPACE_GAMMA UNITY_LIGHTMAP_RGBM_ENCODING ok=1
Cmd: compileSnippet
  error: 1 plat 4 at (73): Output value 'vert' is not completely initialized\nCompiling Vertex program with UNITY_PASS_FORWARDBASE DIRECTIONAL
Platform defines: UNITY_ENABLE_REFLECTION_BUFFERS UNITY_NO_SCREENSPACE_SHADOWS UNITY_PBS_USE_BRDF3 UNITY_SPECCUBE_BOX_PROJECTION SHADER_API_DESKTOP UNITY_COLORSPACE_GAMMA UNITY_LIGHTMAP_RGBM_ENCODING
  api=4 type=0 insize=5861 outsize=1810 kw=UNITY_PASS_FORWARDBASE DIRECTIONAL pd=UNITY_ENABLE_REFLECTION_BUFFERS UNITY_NO_SCREENSPACE_SHADOWS UNITY_PBS_USE_BRDF3 UNITY_SPECCUBE_BOX_PROJECTION SHADER_API_DESKTOP UNITY_COLORSPACE_GAMMA UNITY_LIGHTMAP_RGBM_ENCODING ok=1
Cmd: compileSnippet
  api=4 type=1 insize=5861 outsize=2854 kw=UNITY_PASS_FORWARDBASE DIRECTIONAL pd=UNITY_ENABLE_REFLECTION_BUFFERS UNITY_NO_SCREENSPACE_SHADOWS UNITY_PBS_USE_BRDF3 UNITY_SPECCUBE_BOX_PROJECTION SHADER_API_DESKTOP UNITY_COLORSPACE_GAMMA UNITY_LIGHTMAP_RGBM_ENCODING ok=1
Cmd: compileSnippet
  error: 1 plat 4 at (73): Output value 'vert' is not completely initialized\nCompiling Vertex program with UNITY_PASS_FORWARDBASE DIRECTIONAL LIGHTPROBE_SH
Platform defines: UNITY_ENABLE_REFLECTION_BUFFERS UNITY_NO_SCREENSPACE_SHADOWS UNITY_PBS_USE_BRDF3 UNITY_SPECCUBE_BOX_PROJECTION SHADER_API_DESKTOP UNITY_COLORSPACE_GAMMA UNITY_LIGHTMAP_RGBM_ENCODING
  api=4 type=0 insize=5861 outsize=1810 kw=UNITY_PASS_FORWARDBASE DIRECTIONAL LIGHTPROBE_SH pd=UNITY_ENABLE_REFLECTION_BUFFERS UNITY_NO_SCREENSPACE_SHADOWS UNITY_PBS_USE_BRDF3 UNITY_SPECCUBE_BOX_PROJECTION SHADER_API_DESKTOP UNITY_COLORSPACE_GAMMA UNITY_LIGHTMAP_RGBM_ENCODING ok=1
Cmd: compileSnippet
  api=4 type=1 insize=5861 outsize=2854 kw=UNITY_PASS_FORWARDBASE DIRECTIONAL LIGHTPROBE_SH pd=UNITY_ENABLE_REFLECTION_BUFFERS UNITY_NO_SCREENSPACE_SHADOWS UNITY_PBS_USE_BRDF3 UNITY_SPECCUBE_BOX_PROJECTION SHADER_API_DESKTOP UNITY_COLORSPACE_GAMMA UNITY_LIGHTMAP_RGBM_ENCODING ok=1
Cmd: compileSnippet
  error: 1 plat 4 at (73): Output value 'vert' is not completely initialized\nCompiling Vertex program with UNITY_PASS_FORWARDBASE DIRECTIONAL LIGHTMAP_ON LIGHTMAP_SHADOW_MIXING
Platform defines: UNITY_ENABLE_REFLECTION_BUFFERS UNITY_NO_SCREENSPACE_SHADOWS UNITY_PBS_USE_BRDF3 UNITY_SPECCUBE_BOX_PROJECTION SHADER_API_DESKTOP UNITY_COLORSPACE_GAMMA UNITY_LIGHTMAP_RGBM_ENCODING
  api=4 type=0 insize=5861 outsize=1810 kw=UNITY_PASS_FORWARDBASE DIRECTIONAL LIGHTMAP_ON LIGHTMAP_SHADOW_MIXING pd=UNITY_ENABLE_REFLECTION_BUFFERS UNITY_NO_SCREENSPACE_SHADOWS UNITY_PBS_USE_BRDF3 UNITY_SPECCUBE_BOX_PROJECTION SHADER_API_DESKTOP UNITY_COLORSPACE_GAMMA UNITY_LIGHTMAP_RGBM_ENCODING ok=1
Cmd: compileSnippet
  api=4 type=1 insize=5861 outsize=2854 kw=UNITY_PASS_FORWARDBASE DIRECTIONAL LIGHTMAP_ON LIGHTMAP_SHADOW_MIXING pd=UNITY_ENABLE_REFLECTION_BUFFERS UNITY_NO_SCREENSPACE_SHADOWS UNITY_PBS_USE_BRDF3 UNITY_SPECCUBE_BOX_PROJECTION SHADER_API_DESKTOP UNITY_COLORSPACE_GAMMA UNITY_LIGHTMAP_RGBM_ENCODING ok=1
Cmd: preprocess
  insize=7350 outsize=1582 ok=1
Cmd: compileSnippet
  error: 1 plat 4 at (73): Output value 'vert' is not completely initialized\nCompiling Vertex program with UNITY_PASS_FORWARDBASE DIRECTIONAL
Platform defines: UNITY_ENABLE_REFLECTION_BUFFERS UNITY_USE_DITHER_MASK_FOR_ALPHABLENDED_SHADOWS UNITY_PBS_USE_BRDF1 UNITY_SPECCUBE_BOX_PROJECTION UNITY_SPECCUBE_BLENDING UNITY_ENABLE_DETAIL_NORMALMAP SHADER_API_DESKTOP UNITY_COLORSPACE_GAMMA UNITY_LIGHT_PROBE_PROXY_VOLUME UNITY_LIGHTMAP_RGBM_ENCODING
  api=4 type=0 insize=5852 outsize=1810 kw=UNITY_PASS_FORWARDBASE DIRECTIONAL pd=UNITY_ENABLE_REFLECTION_BUFFERS UNITY_USE_DITHER_MASK_FOR_ALPHABLENDED_SHADOWS UNITY_PBS_USE_BRDF1 UNITY_SPECCUBE_BOX_PROJECTION UNITY_SPECCUBE_BLENDING UNITY_ENABLE_DETAIL_NORMALMAP SHADER_API_DESKTOP UNITY_COLORSPACE_GAMMA UNITY_LIGHT_PROBE_PROXY_VOLUME UNITY_LIGHTMAP_RGBM_ENCODING ok=1
Cmd: compileSnippet
  api=4 type=1 insize=5852 outsize=1858 kw=UNITY_PASS_FORWARDBASE DIRECTIONAL pd=UNITY_ENABLE_REFLECTION_BUFFERS UNITY_USE_DITHER_MASK_FOR_ALPHABLENDED_SHADOWS UNITY_PBS_USE_BRDF1 UNITY_SPECCUBE_BOX_PROJECTION UNITY_SPECCUBE_BLENDING UNITY_ENABLE_DETAIL_NORMALMAP SHADER_API_DESKTOP UNITY_COLORSPACE_GAMMA UNITY_LIGHT_PROBE_PROXY_VOLUME UNITY_LIGHTMAP_RGBM_ENCODING ok=1
Cmd: compileSnippet
  api=4 type=0 insize=5852 outsize=2030 kw=UNITY_PASS_FORWARDBASE DIRECTIONAL SHADOWS_SCREEN LIGHTMAP_ON LIGHTMAP_SHADOW_MIXING pd=UNITY_ENABLE_REFLECTION_BUFFERS UNITY_NO_SCREENSPACE_SHADOWS UNITY_PBS_USE_BRDF3 UNITY_SPECCUBE_BOX_PROJECTION SHADER_API_DESKTOP UNITY_COLORSPACE_GAMMA UNITY_LIGHTMAP_RGBM_ENCODING ok=1
Cmd: compileSnippet
  api=4 type=1 insize=5852 outsize=1858 kw=UNITY_PASS_FORWARDBASE DIRECTIONAL SHADOWS_SCREEN LIGHTMAP_ON LIGHTMAP_SHADOW_MIXING pd=UNITY_ENABLE_REFLECTION_BUFFERS UNITY_NO_SCREENSPACE_SHADOWS UNITY_PBS_USE_BRDF3 UNITY_SPECCUBE_BOX_PROJECTION SHADER_API_DESKTOP UNITY_COLORSPACE_GAMMA UNITY_LIGHTMAP_RGBM_ENCODING ok=1
Cmd: compileSnippet
  error: 1 plat 4 at (73): Output value 'vert' is not completely initialized\nCompiling Vertex program with UNITY_PASS_FORWARDBASE DIRECTIONAL LIGHTMAP_ON LIGHTMAP_SHADOW_MIXING
Platform defines: UNITY_ENABLE_REFLECTION_BUFFERS UNITY_NO_SCREENSPACE_SHADOWS UNITY_PBS_USE_BRDF3 UNITY_SPECCUBE_BOX_PROJECTION SHADER_API_DESKTOP UNITY_COLORSPACE_GAMMA UNITY_LIGHTMAP_RGBM_ENCODING
  api=4 type=0 insize=5852 outsize=1810 kw=UNITY_PASS_FORWARDBASE DIRECTIONAL LIGHTMAP_ON LIGHTMAP_SHADOW_MIXING pd=UNITY_ENABLE_REFLECTION_BUFFERS UNITY_NO_SCREENSPACE_SHADOWS UNITY_PBS_USE_BRDF3 UNITY_SPECCUBE_BOX_PROJECTION SHADER_API_DESKTOP UNITY_COLORSPACE_GAMMA UNITY_LIGHTMAP_RGBM_ENCODING ok=1
Cmd: compileSnippet
  api=4 type=1 insize=5852 outsize=1858 kw=UNITY_PASS_FORWARDBASE DIRECTIONAL LIGHTMAP_ON LIGHTMAP_SHADOW_MIXING pd=UNITY_ENABLE_REFLECTION_BUFFERS UNITY_NO_SCREENSPACE_SHADOWS UNITY_PBS_USE_BRDF3 UNITY_SPECCUBE_BOX_PROJECTION SHADER_API_DESKTOP UNITY_COLORSPACE_GAMMA UNITY_LIGHTMAP_RGBM_ENCODING ok=1
Cmd: compileSnippet
  error: 1 plat 4 at (73): Output value 'vert' is not completely initialized\nCompiling Vertex program with UNITY_PASS_FORWARDBASE DIRECTIONAL
Platform defines: UNITY_ENABLE_REFLECTION_BUFFERS UNITY_NO_SCREENSPACE_SHADOWS UNITY_PBS_USE_BRDF3 UNITY_SPECCUBE_BOX_PROJECTION SHADER_API_DESKTOP UNITY_COLORSPACE_GAMMA UNITY_LIGHTMAP_RGBM_ENCODING
  api=4 type=0 insize=5852 outsize=1810 kw=UNITY_PASS_FORWARDBASE DIRECTIONAL pd=UNITY_ENABLE_REFLECTION_BUFFERS UNITY_NO_SCREENSPACE_SHADOWS UNITY_PBS_USE_BRDF3 UNITY_SPECCUBE_BOX_PROJECTION SHADER_API_DESKTOP UNITY_COLORSPACE_GAMMA UNITY_LIGHTMAP_RGBM_ENCODING ok=1
Cmd: compileSnippet
  api=4 type=1 insize=5852 outsize=1858 kw=UNITY_PASS_FORWARDBASE DIRECTIONAL pd=UNITY_ENABLE_REFLECTION_BUFFERS UNITY_NO_SCREENSPACE_SHADOWS UNITY_PBS_USE_BRDF3 UNITY_SPECCUBE_BOX_PROJECTION SHADER_API_DESKTOP UNITY_COLORSPACE_GAMMA UNITY_LIGHTMAP_RGBM_ENCODING ok=1
Cmd: compileSnippet
  error: 1 plat 4 at (73): Output value 'vert' is not completely initialized\nCompiling Vertex program with UNITY_PASS_FORWARDBASE DIRECTIONAL LIGHTPROBE_SH
Platform defines: UNITY_ENABLE_REFLECTION_BUFFERS UNITY_NO_SCREENSPACE_SHADOWS UNITY_PBS_USE_BRDF3 UNITY_SPECCUBE_BOX_PROJECTION SHADER_API_DESKTOP UNITY_COLORSPACE_GAMMA UNITY_LIGHTMAP_RGBM_ENCODING
  api=4 type=0 insize=5852 outsize=1810 kw=UNITY_PASS_FORWARDBASE DIRECTIONAL LIGHTPROBE_SH pd=UNITY_ENABLE_REFLECTION_BUFFERS UNITY_NO_SCREENSPACE_SHADOWS UNITY_PBS_USE_BRDF3 UNITY_SPECCUBE_BOX_PROJECTION SHADER_API_DESKTOP UNITY_COLORSPACE_GAMMA UNITY_LIGHTMAP_RGBM_ENCODING ok=1
Cmd: compileSnippet
  api=4 type=1 insize=5852 outsize=1858 kw=UNITY_PASS_FORWARDBASE DIRECTIONAL LIGHTPROBE_SH pd=UNITY_ENABLE_REFLECTION_BUFFERS UNITY_NO_SCREENSPACE_SHADOWS UNITY_PBS_USE_BRDF3 UNITY_SPECCUBE_BOX_PROJECTION SHADER_API_DESKTOP UNITY_COLORSPACE_GAMMA UNITY_LIGHTMAP_RGBM_ENCODING ok=1
Cmd: preprocess
  insize=7370 outsize=1582 ok=1
Cmd: compileSnippet
  error: 1 plat 4 at (73): Output value 'vert' is not completely initialized\nCompiling Vertex program with UNITY_PASS_FORWARDBASE DIRECTIONAL
Platform defines: UNITY_ENABLE_REFLECTION_BUFFERS UNITY_USE_DITHER_MASK_FOR_ALPHABLENDED_SHADOWS UNITY_PBS_USE_BRDF1 UNITY_SPECCUBE_BOX_PROJECTION UNITY_SPECCUBE_BLENDING UNITY_ENABLE_DETAIL_NORMALMAP SHADER_API_DESKTOP UNITY_COLORSPACE_GAMMA UNITY_LIGHT_PROBE_PROXY_VOLUME UNITY_LIGHTMAP_RGBM_ENCODING
  api=4 type=0 insize=5872 outsize=1810 kw=UNITY_PASS_FORWARDBASE DIRECTIONAL pd=UNITY_ENABLE_REFLECTION_BUFFERS UNITY_USE_DITHER_MASK_FOR_ALPHABLENDED_SHADOWS UNITY_PBS_USE_BRDF1 UNITY_SPECCUBE_BOX_PROJECTION UNITY_SPECCUBE_BLENDING UNITY_ENABLE_DETAIL_NORMALMAP SHADER_API_DESKTOP UNITY_COLORSPACE_GAMMA UNITY_LIGHT_PROBE_PROXY_VOLUME UNITY_LIGHTMAP_RGBM_ENCODING ok=1
Cmd: compileSnippet
  api=4 type=1 insize=5872 outsize=2622 kw=UNITY_PASS_FORWARDBASE DIRECTIONAL pd=UNITY_ENABLE_REFLECTION_BUFFERS UNITY_USE_DITHER_MASK_FOR_ALPHABLENDED_SHADOWS UNITY_PBS_USE_BRDF1 UNITY_SPECCUBE_BOX_PROJECTION UNITY_SPECCUBE_BLENDING UNITY_ENABLE_DETAIL_NORMALMAP SHADER_API_DESKTOP UNITY_COLORSPACE_GAMMA UNITY_LIGHT_PROBE_PROXY_VOLUME UNITY_LIGHTMAP_RGBM_ENCODING ok=1
Cmd: compileSnippet
  api=4 type=0 insize=5872 outsize=2030 kw=UNITY_PASS_FORWARDBASE DIRECTIONAL SHADOWS_SCREEN LIGHTMAP_ON LIGHTMAP_SHADOW_MIXING pd=UNITY_ENABLE_REFLECTION_BUFFERS UNITY_NO_SCREENSPACE_SHADOWS UNITY_PBS_USE_BRDF3 UNITY_SPECCUBE_BOX_PROJECTION SHADER_API_DESKTOP UNITY_COLORSPACE_GAMMA UNITY_LIGHTMAP_RGBM_ENCODING ok=1
Cmd: compileSnippet
  api=4 type=1 insize=5872 outsize=2622 kw=UNITY_PASS_FORWARDBASE DIRECTIONAL SHADOWS_SCREEN LIGHTMAP_ON LIGHTMAP_SHADOW_MIXING pd=UNITY_ENABLE_REFLECTION_BUFFERS UNITY_NO_SCREENSPACE_SHADOWS UNITY_PBS_USE_BRDF3 UNITY_SPECCUBE_BOX_PROJECTION SHADER_API_DESKTOP UNITY_COLORSPACE_GAMMA UNITY_LIGHTMAP_RGBM_ENCODING ok=1
Cmd: compileSnippet
  error: 1 plat 4 at (73): Output value 'vert' is not completely initialized\nCompiling Vertex program with UNITY_PASS_FORWARDBASE DIRECTIONAL LIGHTMAP_ON LIGHTMAP_SHADOW_MIXING
Platform defines: UNITY_ENABLE_REFLECTION_BUFFERS UNITY_NO_SCREENSPACE_SHADOWS UNITY_PBS_USE_BRDF3 UNITY_SPECCUBE_BOX_PROJECTION SHADER_API_DESKTOP UNITY_COLORSPACE_GAMMA UNITY_LIGHTMAP_RGBM_ENCODING
  api=4 type=0 insize=5872 outsize=1810 kw=UNITY_PASS_FORWARDBASE DIRECTIONAL LIGHTMAP_ON LIGHTMAP_SHADOW_MIXING pd=UNITY_ENABLE_REFLECTION_BUFFERS UNITY_NO_SCREENSPACE_SHADOWS UNITY_PBS_USE_BRDF3 UNITY_SPECCUBE_BOX_PROJECTION SHADER_API_DESKTOP UNITY_COLORSPACE_GAMMA UNITY_LIGHTMAP_RGBM_ENCODING ok=1
Cmd: compileSnippet
  api=4 type=1 insize=5872 outsize=2622 kw=UNITY_PASS_FORWARDBASE DIRECTIONAL LIGHTMAP_ON LIGHTMAP_SHADOW_MIXING pd=UNITY_ENABLE_REFLECTION_BUFFERS UNITY_NO_SCREENSPACE_SHADOWS UNITY_PBS_USE_BRDF3 UNITY_SPECCUBE_BOX_PROJECTION SHADER_API_DESKTOP UNITY_COLORSPACE_GAMMA UNITY_LIGHTMAP_RGBM_ENCODING ok=1
Cmd: compileSnippet
  error: 1 plat 4 at (73): Output value 'vert' is not completely initialized\nCompiling Vertex program with UNITY_PASS_FORWARDBASE DIRECTIONAL LIGHTMAP_ON
Platform defines: UNITY_ENABLE_REFLECTION_BUFFERS UNITY_NO_SCREENSPACE_SHADOWS UNITY_PBS_USE_BRDF3 UNITY_SPECCUBE_BOX_PROJECTION SHADER_API_DESKTOP UNITY_COLORSPACE_GAMMA UNITY_LIGHTMAP_RGBM_ENCODING
  api=4 type=0 insize=5872 outsize=1810 kw=UNITY_PASS_FORWARDBASE DIRECTIONAL LIGHTMAP_ON pd=UNITY_ENABLE_REFLECTION_BUFFERS UNITY_NO_SCREENSPACE_SHADOWS UNITY_PBS_USE_BRDF3 UNITY_SPECCUBE_BOX_PROJECTION SHADER_API_DESKTOP UNITY_COLORSPACE_GAMMA UNITY_LIGHTMAP_RGBM_ENCODING ok=1
Cmd: compileSnippet
  api=4 type=1 insize=5872 outsize=2622 kw=UNITY_PASS_FORWARDBASE DIRECTIONAL LIGHTMAP_ON pd=UNITY_ENABLE_REFLECTION_BUFFERS UNITY_NO_SCREENSPACE_SHADOWS UNITY_PBS_USE_BRDF3 UNITY_SPECCUBE_BOX_PROJECTION SHADER_API_DESKTOP UNITY_COLORSPACE_GAMMA UNITY_LIGHTMAP_RGBM_ENCODING ok=1
Cmd: preprocess
  insize=7368 outsize=1582 ok=1
Cmd: compileSnippet
  error: 1 plat 4 at (73): Output value 'vert' is not completely initialized\nCompiling Vertex program with UNITY_PASS_FORWARDBASE DIRECTIONAL
Platform defines: UNITY_ENABLE_REFLECTION_BUFFERS UNITY_USE_DITHER_MASK_FOR_ALPHABLENDED_SHADOWS UNITY_PBS_USE_BRDF1 UNITY_SPECCUBE_BOX_PROJECTION UNITY_SPECCUBE_BLENDING UNITY_ENABLE_DETAIL_NORMALMAP SHADER_API_DESKTOP UNITY_COLORSPACE_GAMMA UNITY_LIGHT_PROBE_PROXY_VOLUME UNITY_LIGHTMAP_RGBM_ENCODING
  api=4 type=0 insize=5870 outsize=1810 kw=UNITY_PASS_FORWARDBASE DIRECTIONAL pd=UNITY_ENABLE_REFLECTION_BUFFERS UNITY_USE_DITHER_MASK_FOR_ALPHABLENDED_SHADOWS UNITY_PBS_USE_BRDF1 UNITY_SPECCUBE_BOX_PROJECTION UNITY_SPECCUBE_BLENDING UNITY_ENABLE_DETAIL_NORMALMAP SHADER_API_DESKTOP UNITY_COLORSPACE_GAMMA UNITY_LIGHT_PROBE_PROXY_VOLUME UNITY_LIGHTMAP_RGBM_ENCODING ok=1
Cmd: compileSnippet
  api=4 type=1 insize=5870 outsize=2590 kw=UNITY_PASS_FORWARDBASE DIRECTIONAL pd=UNITY_ENABLE_REFLECTION_BUFFERS UNITY_USE_DITHER_MASK_FOR_ALPHABLENDED_SHADOWS UNITY_PBS_USE_BRDF1 UNITY_SPECCUBE_BOX_PROJECTION UNITY_SPECCUBE_BLENDING UNITY_ENABLE_DETAIL_NORMALMAP SHADER_API_DESKTOP UNITY_COLORSPACE_GAMMA UNITY_LIGHT_PROBE_PROXY_VOLUME UNITY_LIGHTMAP_RGBM_ENCODING ok=1
Cmd: compileSnippet
  error: 1 plat 4 at (73): Output value 'vert' is not completely initialized\nCompiling Vertex program with UNITY_PASS_FORWARDBASE DIRECTIONAL LIGHTMAP_ON
Platform defines: UNITY_ENABLE_REFLECTION_BUFFERS UNITY_NO_SCREENSPACE_SHADOWS UNITY_PBS_USE_BRDF3 UNITY_SPECCUBE_BOX_PROJECTION SHADER_API_DESKTOP UNITY_COLORSPACE_GAMMA UNITY_LIGHTMAP_RGBM_ENCODING
  api=4 type=0 insize=5870 outsize=1810 kw=UNITY_PASS_FORWARDBASE DIRECTIONAL LIGHTMAP_ON pd=UNITY_ENABLE_REFLECTION_BUFFERS UNITY_NO_SCREENSPACE_SHADOWS UNITY_PBS_USE_BRDF3 UNITY_SPECCUBE_BOX_PROJECTION SHADER_API_DESKTOP UNITY_COLORSPACE_GAMMA UNITY_LIGHTMAP_RGBM_ENCODING ok=1
Cmd: compileSnippet
  api=4 type=1 insize=5870 outsize=2590 kw=UNITY_PASS_FORWARDBASE DIRECTIONAL LIGHTMAP_ON pd=UNITY_ENABLE_REFLECTION_BUFFERS UNITY_NO_SCREENSPACE_SHADOWS UNITY_PBS_USE_BRDF3 UNITY_SPECCUBE_BOX_PROJECTION SHADER_API_DESKTOP UNITY_COLORSPACE_GAMMA UNITY_LIGHTMAP_RGBM_ENCODING ok=1
Cmd: compileSnippet
  error: 1 plat 4 at (73): Output value 'vert' is not completely initialized\nCompiling Vertex program with UNITY_PASS_FORWARDBASE DIRECTIONAL
Platform defines: UNITY_ENABLE_REFLECTION_BUFFERS UNITY_NO_SCREENSPACE_SHADOWS UNITY_PBS_USE_BRDF3 UNITY_SPECCUBE_BOX_PROJECTION SHADER_API_DESKTOP UNITY_COLORSPACE_GAMMA UNITY_LIGHTMAP_RGBM_ENCODING
  api=4 type=0 insize=5870 outsize=1810 kw=UNITY_PASS_FORWARDBASE DIRECTIONAL pd=UNITY_ENABLE_REFLECTION_BUFFERS UNITY_NO_SCREENSPACE_SHADOWS UNITY_PBS_USE_BRDF3 UNITY_SPECCUBE_BOX_PROJECTION SHADER_API_DESKTOP UNITY_COLORSPACE_GAMMA UNITY_LIGHTMAP_RGBM_ENCODING ok=1
Cmd: compileSnippet
  api=4 type=1 insize=5870 outsize=2590 kw=UNITY_PASS_FORWARDBASE DIRECTIONAL pd=UNITY_ENABLE_REFLECTION_BUFFERS UNITY_NO_SCREENSPACE_SHADOWS UNITY_PBS_USE_BRDF3 UNITY_SPECCUBE_BOX_PROJECTION SHADER_API_DESKTOP UNITY_COLORSPACE_GAMMA UNITY_LIGHTMAP_RGBM_ENCODING ok=1
Cmd: compileSnippet
  error: 1 plat 4 at (73): Output value 'vert' is not completely initialized\nCompiling Vertex program with UNITY_PASS_FORWARDBASE DIRECTIONAL LIGHTPROBE_SH
Platform defines: UNITY_ENABLE_REFLECTION_BUFFERS UNITY_NO_SCREENSPACE_SHADOWS UNITY_PBS_USE_BRDF3 UNITY_SPECCUBE_BOX_PROJECTION SHADER_API_DESKTOP UNITY_COLORSPACE_GAMMA UNITY_LIGHTMAP_RGBM_ENCODING
  api=4 type=0 insize=5870 outsize=1810 kw=UNITY_PASS_FORWARDBASE DIRECTIONAL LIGHTPROBE_SH pd=UNITY_ENABLE_REFLECTION_BUFFERS UNITY_NO_SCREENSPACE_SHADOWS UNITY_PBS_USE_BRDF3 UNITY_SPECCUBE_BOX_PROJECTION SHADER_API_DESKTOP UNITY_COLORSPACE_GAMMA UNITY_LIGHTMAP_RGBM_ENCODING ok=1
Cmd: compileSnippet
  api=4 type=1 insize=5870 outsize=2590 kw=UNITY_PASS_FORWARDBASE DIRECTIONAL LIGHTPROBE_SH pd=UNITY_ENABLE_REFLECTION_BUFFERS UNITY_NO_SCREENSPACE_SHADOWS UNITY_PBS_USE_BRDF3 UNITY_SPECCUBE_BOX_PROJECTION SHADER_API_DESKTOP UNITY_COLORSPACE_GAMMA UNITY_LIGHTMAP_RGBM_ENCODING ok=1
Cmd: preprocess
  insize=7366 outsize=1582 ok=1
Cmd: compileSnippet
  error: 1 plat 4 at (73): Output value 'vert' is not completely initialized\nCompiling Vertex program with UNITY_PASS_FORWARDBASE DIRECTIONAL
Platform defines: UNITY_ENABLE_REFLECTION_BUFFERS UNITY_USE_DITHER_MASK_FOR_ALPHABLENDED_SHADOWS UNITY_PBS_USE_BRDF1 UNITY_SPECCUBE_BOX_PROJECTION UNITY_SPECCUBE_BLENDING UNITY_ENABLE_DETAIL_NORMALMAP SHADER_API_DESKTOP UNITY_COLORSPACE_GAMMA UNITY_LIGHT_PROBE_PROXY_VOLUME UNITY_LIGHTMAP_RGBM_ENCODING
  api=4 type=0 insize=5868 outsize=1810 kw=UNITY_PASS_FORWARDBASE DIRECTIONAL pd=UNITY_ENABLE_REFLECTION_BUFFERS UNITY_USE_DITHER_MASK_FOR_ALPHABLENDED_SHADOWS UNITY_PBS_USE_BRDF1 UNITY_SPECCUBE_BOX_PROJECTION UNITY_SPECCUBE_BLENDING UNITY_ENABLE_DETAIL_NORMALMAP SHADER_API_DESKTOP UNITY_COLORSPACE_GAMMA UNITY_LIGHT_PROBE_PROXY_VOLUME UNITY_LIGHTMAP_RGBM_ENCODING ok=1
Cmd: compileSnippet
  api=4 type=1 insize=5868 outsize=2590 kw=UNITY_PASS_FORWARDBASE DIRECTIONAL pd=UNITY_ENABLE_REFLECTION_BUFFERS UNITY_USE_DITHER_MASK_FOR_ALPHABLENDED_SHADOWS UNITY_PBS_USE_BRDF1 UNITY_SPECCUBE_BOX_PROJECTION UNITY_SPECCUBE_BLENDING UNITY_ENABLE_DETAIL_NORMALMAP SHADER_API_DESKTOP UNITY_COLORSPACE_GAMMA UNITY_LIGHT_PROBE_PROXY_VOLUME UNITY_LIGHTMAP_RGBM_ENCODING ok=1
Cmd: compileSnippet
  error: 1 plat 4 at (73): Output value 'vert' is not completely initialized\nCompiling Vertex program with UNITY_PASS_FORWARDBASE DIRECTIONAL LIGHTMAP_ON
Platform defines: UNITY_ENABLE_REFLECTION_BUFFERS UNITY_NO_SCREENSPACE_SHADOWS UNITY_PBS_USE_BRDF3 UNITY_SPECCUBE_BOX_PROJECTION SHADER_API_DESKTOP UNITY_COLORSPACE_GAMMA UNITY_LIGHTMAP_RGBM_ENCODING
  api=4 type=0 insize=5868 outsize=1810 kw=UNITY_PASS_FORWARDBASE DIRECTIONAL LIGHTMAP_ON pd=UNITY_ENABLE_REFLECTION_BUFFERS UNITY_NO_SCREENSPACE_SHADOWS UNITY_PBS_USE_BRDF3 UNITY_SPECCUBE_BOX_PROJECTION SHADER_API_DESKTOP UNITY_COLORSPACE_GAMMA UNITY_LIGHTMAP_RGBM_ENCODING ok=1
Cmd: compileSnippet
  api=4 type=1 insize=5868 outsize=2590 kw=UNITY_PASS_FORWARDBASE DIRECTIONAL LIGHTMAP_ON pd=UNITY_ENABLE_REFLECTION_BUFFERS UNITY_NO_SCREENSPACE_SHADOWS UNITY_PBS_USE_BRDF3 UNITY_SPECCUBE_BOX_PROJECTION SHADER_API_DESKTOP UNITY_COLORSPACE_GAMMA UNITY_LIGHTMAP_RGBM_ENCODING ok=1
Cmd: compileSnippet
  error: 1 plat 4 at (73): Output value 'vert' is not completely initialized\nCompiling Vertex program with UNITY_PASS_FORWARDBASE DIRECTIONAL
Platform defines: UNITY_ENABLE_REFLECTION_BUFFERS UNITY_NO_SCREENSPACE_SHADOWS UNITY_PBS_USE_BRDF3 UNITY_SPECCUBE_BOX_PROJECTION SHADER_API_DESKTOP UNITY_COLORSPACE_GAMMA UNITY_LIGHTMAP_RGBM_ENCODING
  api=4 type=0 insize=5868 outsize=1810 kw=UNITY_PASS_FORWARDBASE DIRECTIONAL pd=UNITY_ENABLE_REFLECTION_BUFFERS UNITY_NO_SCREENSPACE_SHADOWS UNITY_PBS_USE_BRDF3 UNITY_SPECCUBE_BOX_PROJECTION SHADER_API_DESKTOP UNITY_COLORSPACE_GAMMA UNITY_LIGHTMAP_RGBM_ENCODING ok=1
Cmd: compileSnippet
  api=4 type=1 insize=5868 outsize=2590 kw=UNITY_PASS_FORWARDBASE DIRECTIONAL pd=UNITY_ENABLE_REFLECTION_BUFFERS UNITY_NO_SCREENSPACE_SHADOWS UNITY_PBS_USE_BRDF3 UNITY_SPECCUBE_BOX_PROJECTION SHADER_API_DESKTOP UNITY_COLORSPACE_GAMMA UNITY_LIGHTMAP_RGBM_ENCODING ok=1
Cmd: compileSnippet
  error: 1 plat 4 at (73): Output value 'vert' is not completely initialized\nCompiling Vertex program with UNITY_PASS_FORWARDBASE DIRECTIONAL LIGHTPROBE_SH
Platform defines: UNITY_ENABLE_REFLECTION_BUFFERS UNITY_NO_SCREENSPACE_SHADOWS UNITY_PBS_USE_BRDF3 UNITY_SPECCUBE_BOX_PROJECTION SHADER_API_DESKTOP UNITY_COLORSPACE_GAMMA UNITY_LIGHTMAP_RGBM_ENCODING
  api=4 type=0 insize=5868 outsize=1810 kw=UNITY_PASS_FORWARDBASE DIRECTIONAL LIGHTPROBE_SH pd=UNITY_ENABLE_REFLECTION_BUFFERS UNITY_NO_SCREENSPACE_SHADOWS UNITY_PBS_USE_BRDF3 UNITY_SPECCUBE_BOX_PROJECTION SHADER_API_DESKTOP UNITY_COLORSPACE_GAMMA UNITY_LIGHTMAP_RGBM_ENCODING ok=1
Cmd: compileSnippet
  api=4 type=1 insize=5868 outsize=2590 kw=UNITY_PASS_FORWARDBASE DIRECTIONAL LIGHTPROBE_SH pd=UNITY_ENABLE_REFLECTION_BUFFERS UNITY_NO_SCREENSPACE_SHADOWS UNITY_PBS_USE_BRDF3 UNITY_SPECCUBE_BOX_PROJECTION SHADER_API_DESKTOP UNITY_COLORSPACE_GAMMA UNITY_LIGHTMAP_RGBM_ENCODING ok=1
Cmd: preprocess
  insize=7368 outsize=1582 ok=1
Cmd: compileSnippet
  error: 1 plat 4 at (73): Output value 'vert' is not completely initialized\nCompiling Vertex program with UNITY_PASS_FORWARDBASE DIRECTIONAL
Platform defines: UNITY_ENABLE_REFLECTION_BUFFERS UNITY_USE_DITHER_MASK_FOR_ALPHABLENDED_SHADOWS UNITY_PBS_USE_BRDF1 UNITY_SPECCUBE_BOX_PROJECTION UNITY_SPECCUBE_BLENDING UNITY_ENABLE_DETAIL_NORMALMAP SHADER_API_DESKTOP UNITY_COLORSPACE_GAMMA UNITY_LIGHT_PROBE_PROXY_VOLUME UNITY_LIGHTMAP_RGBM_ENCODING
  api=4 type=0 insize=5870 outsize=1810 kw=UNITY_PASS_FORWARDBASE DIRECTIONAL pd=UNITY_ENABLE_REFLECTION_BUFFERS UNITY_USE_DITHER_MASK_FOR_ALPHABLENDED_SHADOWS UNITY_PBS_USE_BRDF1 UNITY_SPECCUBE_BOX_PROJECTION UNITY_SPECCUBE_BLENDING UNITY_ENABLE_DETAIL_NORMALMAP SHADER_API_DESKTOP UNITY_COLORSPACE_GAMMA UNITY_LIGHT_PROBE_PROXY_VOLUME UNITY_LIGHTMAP_RGBM_ENCODING ok=1
Cmd: compileSnippet
  api=4 type=1 insize=5870 outsize=2602 kw=UNITY_PASS_FORWARDBASE DIRECTIONAL pd=UNITY_ENABLE_REFLECTION_BUFFERS UNITY_USE_DITHER_MASK_FOR_ALPHABLENDED_SHADOWS UNITY_PBS_USE_BRDF1 UNITY_SPECCUBE_BOX_PROJECTION UNITY_SPECCUBE_BLENDING UNITY_ENABLE_DETAIL_NORMALMAP SHADER_API_DESKTOP UNITY_COLORSPACE_GAMMA UNITY_LIGHT_PROBE_PROXY_VOLUME UNITY_LIGHTMAP_RGBM_ENCODING ok=1
Cmd: compileSnippet
  error: 1 plat 4 at (73): Output value 'vert' is not completely initialized\nCompiling Vertex program with UNITY_PASS_FORWARDBASE DIRECTIONAL LIGHTMAP_ON
Platform defines: UNITY_ENABLE_REFLECTION_BUFFERS UNITY_NO_SCREENSPACE_SHADOWS UNITY_PBS_USE_BRDF3 UNITY_SPECCUBE_BOX_PROJECTION SHADER_API_DESKTOP UNITY_COLORSPACE_GAMMA UNITY_LIGHTMAP_RGBM_ENCODING
  api=4 type=0 insize=5870 outsize=1810 kw=UNITY_PASS_FORWARDBASE DIRECTIONAL LIGHTMAP_ON pd=UNITY_ENABLE_REFLECTION_BUFFERS UNITY_NO_SCREENSPACE_SHADOWS UNITY_PBS_USE_BRDF3 UNITY_SPECCUBE_BOX_PROJECTION SHADER_API_DESKTOP UNITY_COLORSPACE_GAMMA UNITY_LIGHTMAP_RGBM_ENCODING ok=1
Cmd: compileSnippet
  api=4 type=1 insize=5870 outsize=2602 kw=UNITY_PASS_FORWARDBASE DIRECTIONAL LIGHTMAP_ON pd=UNITY_ENABLE_REFLECTION_BUFFERS UNITY_NO_SCREENSPACE_SHADOWS UNITY_PBS_USE_BRDF3 UNITY_SPECCUBE_BOX_PROJECTION SHADER_API_DESKTOP UNITY_COLORSPACE_GAMMA UNITY_LIGHTMAP_RGBM_ENCODING ok=1
Cmd: compileSnippet
  error: 1 plat 4 at (73): Output value 'vert' is not completely initialized\nCompiling Vertex program with UNITY_PASS_FORWARDBASE DIRECTIONAL
Platform defines: UNITY_ENABLE_REFLECTION_BUFFERS UNITY_NO_SCREENSPACE_SHADOWS UNITY_PBS_USE_BRDF3 UNITY_SPECCUBE_BOX_PROJECTION SHADER_API_DESKTOP UNITY_COLORSPACE_GAMMA UNITY_LIGHTMAP_RGBM_ENCODING
  api=4 type=0 insize=5870 outsize=1810 kw=UNITY_PASS_FORWARDBASE DIRECTIONAL pd=UNITY_ENABLE_REFLECTION_BUFFERS UNITY_NO_SCREENSPACE_SHADOWS UNITY_PBS_USE_BRDF3 UNITY_SPECCUBE_BOX_PROJECTION SHADER_API_DESKTOP UNITY_COLORSPACE_GAMMA UNITY_LIGHTMAP_RGBM_ENCODING ok=1
Cmd: compileSnippet
  api=4 type=1 insize=5870 outsize=2602 kw=UNITY_PASS_FORWARDBASE DIRECTIONAL pd=UNITY_ENABLE_REFLECTION_BUFFERS UNITY_NO_SCREENSPACE_SHADOWS UNITY_PBS_USE_BRDF3 UNITY_SPECCUBE_BOX_PROJECTION SHADER_API_DESKTOP UNITY_COLORSPACE_GAMMA UNITY_LIGHTMAP_RGBM_ENCODING ok=1
Cmd: compileSnippet
  error: 1 plat 4 at (73): Output value 'vert' is not completely initialized\nCompiling Vertex program with UNITY_PASS_FORWARDBASE DIRECTIONAL LIGHTPROBE_SH
Platform defines: UNITY_ENABLE_REFLECTION_BUFFERS UNITY_NO_SCREENSPACE_SHADOWS UNITY_PBS_USE_BRDF3 UNITY_SPECCUBE_BOX_PROJECTION SHADER_API_DESKTOP UNITY_COLORSPACE_GAMMA UNITY_LIGHTMAP_RGBM_ENCODING
  api=4 type=0 insize=5870 outsize=1810 kw=UNITY_PASS_FORWARDBASE DIRECTIONAL LIGHTPROBE_SH pd=UNITY_ENABLE_REFLECTION_BUFFERS UNITY_NO_SCREENSPACE_SHADOWS UNITY_PBS_USE_BRDF3 UNITY_SPECCUBE_BOX_PROJECTION SHADER_API_DESKTOP UNITY_COLORSPACE_GAMMA UNITY_LIGHTMAP_RGBM_ENCODING ok=1
Cmd: compileSnippet
  api=4 type=1 insize=5870 outsize=2602 kw=UNITY_PASS_FORWARDBASE DIRECTIONAL LIGHTPROBE_SH pd=UNITY_ENABLE_REFLECTION_BUFFERS UNITY_NO_SCREENSPACE_SHADOWS UNITY_PBS_USE_BRDF3 UNITY_SPECCUBE_BOX_PROJECTION SHADER_API_DESKTOP UNITY_COLORSPACE_GAMMA UNITY_LIGHTMAP_RGBM_ENCODING ok=1
Cmd: preprocess
  insize=7380 outsize=1582 ok=1
Cmd: compileSnippet
  error: 1 plat 4 at (73): Output value 'vert' is not completely initialized\nCompiling Vertex program with UNITY_PASS_FORWARDBASE DIRECTIONAL
Platform defines: UNITY_ENABLE_REFLECTION_BUFFERS UNITY_USE_DITHER_MASK_FOR_ALPHABLENDED_SHADOWS UNITY_PBS_USE_BRDF1 UNITY_SPECCUBE_BOX_PROJECTION UNITY_SPECCUBE_BLENDING UNITY_ENABLE_DETAIL_NORMALMAP SHADER_API_DESKTOP UNITY_COLORSPACE_GAMMA UNITY_LIGHT_PROBE_PROXY_VOLUME UNITY_LIGHTMAP_RGBM_ENCODING
  api=4 type=0 insize=5882 outsize=1810 kw=UNITY_PASS_FORWARDBASE DIRECTIONAL pd=UNITY_ENABLE_REFLECTION_BUFFERS UNITY_USE_DITHER_MASK_FOR_ALPHABLENDED_SHADOWS UNITY_PBS_USE_BRDF1 UNITY_SPECCUBE_BOX_PROJECTION UNITY_SPECCUBE_BLENDING UNITY_ENABLE_DETAIL_NORMALMAP SHADER_API_DESKTOP UNITY_COLORSPACE_GAMMA UNITY_LIGHT_PROBE_PROXY_VOLUME UNITY_LIGHTMAP_RGBM_ENCODING ok=1
Cmd: compileSnippet
  api=4 type=1 insize=5882 outsize=930 kw=UNITY_PASS_FORWARDBASE DIRECTIONAL pd=UNITY_ENABLE_REFLECTION_BUFFERS UNITY_USE_DITHER_MASK_FOR_ALPHABLENDED_SHADOWS UNITY_PBS_USE_BRDF1 UNITY_SPECCUBE_BOX_PROJECTION UNITY_SPECCUBE_BLENDING UNITY_ENABLE_DETAIL_NORMALMAP SHADER_API_DESKTOP UNITY_COLORSPACE_GAMMA UNITY_LIGHT_PROBE_PROXY_VOLUME UNITY_LIGHTMAP_RGBM_ENCODING ok=1
Cmd: compileSnippet
  error: 1 plat 4 at (73): Output value 'vert' is not completely initialized\nCompiling Vertex program with UNITY_PASS_FORWARDBASE DIRECTIONAL LIGHTMAP_ON
Platform defines: UNITY_ENABLE_REFLECTION_BUFFERS UNITY_NO_SCREENSPACE_SHADOWS UNITY_PBS_USE_BRDF3 UNITY_SPECCUBE_BOX_PROJECTION SHADER_API_DESKTOP UNITY_COLORSPACE_GAMMA UNITY_LIGHTMAP_RGBM_ENCODING
  api=4 type=0 insize=5882 outsize=1810 kw=UNITY_PASS_FORWARDBASE DIRECTIONAL LIGHTMAP_ON pd=UNITY_ENABLE_REFLECTION_BUFFERS UNITY_NO_SCREENSPACE_SHADOWS UNITY_PBS_USE_BRDF3 UNITY_SPECCUBE_BOX_PROJECTION SHADER_API_DESKTOP UNITY_COLORSPACE_GAMMA UNITY_LIGHTMAP_RGBM_ENCODING ok=1
Cmd: compileSnippet
  api=4 type=1 insize=5882 outsize=930 kw=UNITY_PASS_FORWARDBASE DIRECTIONAL LIGHTMAP_ON pd=UNITY_ENABLE_REFLECTION_BUFFERS UNITY_NO_SCREENSPACE_SHADOWS UNITY_PBS_USE_BRDF3 UNITY_SPECCUBE_BOX_PROJECTION SHADER_API_DESKTOP UNITY_COLORSPACE_GAMMA UNITY_LIGHTMAP_RGBM_ENCODING ok=1
Cmd: compileSnippet
  error: 1 plat 4 at (73): Output value 'vert' is not completely initialized\nCompiling Vertex program with UNITY_PASS_FORWARDBASE DIRECTIONAL
Platform defines: UNITY_ENABLE_REFLECTION_BUFFERS UNITY_NO_SCREENSPACE_SHADOWS UNITY_PBS_USE_BRDF3 UNITY_SPECCUBE_BOX_PROJECTION SHADER_API_DESKTOP UNITY_COLORSPACE_GAMMA UNITY_LIGHTMAP_RGBM_ENCODING
  api=4 type=0 insize=5882 outsize=1810 kw=UNITY_PASS_FORWARDBASE DIRECTIONAL pd=UNITY_ENABLE_REFLECTION_BUFFERS UNITY_NO_SCREENSPACE_SHADOWS UNITY_PBS_USE_BRDF3 UNITY_SPECCUBE_BOX_PROJECTION SHADER_API_DESKTOP UNITY_COLORSPACE_GAMMA UNITY_LIGHTMAP_RGBM_ENCODING ok=1
Cmd: compileSnippet
  api=4 type=1 insize=5882 outsize=930 kw=UNITY_PASS_FORWARDBASE DIRECTIONAL pd=UNITY_ENABLE_REFLECTION_BUFFERS UNITY_NO_SCREENSPACE_SHADOWS UNITY_PBS_USE_BRDF3 UNITY_SPECCUBE_BOX_PROJECTION SHADER_API_DESKTOP UNITY_COLORSPACE_GAMMA UNITY_LIGHTMAP_RGBM_ENCODING ok=1
Cmd: compileSnippet
  error: 1 plat 4 at (73): Output value 'vert' is not completely initialized\nCompiling Vertex program with UNITY_PASS_FORWARDBASE DIRECTIONAL LIGHTPROBE_SH
Platform defines: UNITY_ENABLE_REFLECTION_BUFFERS UNITY_NO_SCREENSPACE_SHADOWS UNITY_PBS_USE_BRDF3 UNITY_SPECCUBE_BOX_PROJECTION SHADER_API_DESKTOP UNITY_COLORSPACE_GAMMA UNITY_LIGHTMAP_RGBM_ENCODING
  api=4 type=0 insize=5882 outsize=1810 kw=UNITY_PASS_FORWARDBASE DIRECTIONAL LIGHTPROBE_SH pd=UNITY_ENABLE_REFLECTION_BUFFERS UNITY_NO_SCREENSPACE_SHADOWS UNITY_PBS_USE_BRDF3 UNITY_SPECCUBE_BOX_PROJECTION SHADER_API_DESKTOP UNITY_COLORSPACE_GAMMA UNITY_LIGHTMAP_RGBM_ENCODING ok=1
Cmd: compileSnippet
  api=4 type=1 insize=5882 outsize=930 kw=UNITY_PASS_FORWARDBASE DIRECTIONAL LIGHTPROBE_SH pd=UNITY_ENABLE_REFLECTION_BUFFERS UNITY_NO_SCREENSPACE_SHADOWS UNITY_PBS_USE_BRDF3 UNITY_SPECCUBE_BOX_PROJECTION SHADER_API_DESKTOP UNITY_COLORSPACE_GAMMA UNITY_LIGHTMAP_RGBM_ENCODING ok=1
Cmd: preprocess
  insize=7378 outsize=1582 ok=1
Cmd: compileSnippet
  error: 1 plat 4 at (73): Output value 'vert' is not completely initialized\nCompiling Vertex program with UNITY_PASS_FORWARDBASE DIRECTIONAL
Platform defines: UNITY_ENABLE_REFLECTION_BUFFERS UNITY_USE_DITHER_MASK_FOR_ALPHABLENDED_SHADOWS UNITY_PBS_USE_BRDF1 UNITY_SPECCUBE_BOX_PROJECTION UNITY_SPECCUBE_BLENDING UNITY_ENABLE_DETAIL_NORMALMAP SHADER_API_DESKTOP UNITY_COLORSPACE_GAMMA UNITY_LIGHT_PROBE_PROXY_VOLUME UNITY_LIGHTMAP_RGBM_ENCODING
  api=4 type=0 insize=5880 outsize=1810 kw=UNITY_PASS_FORWARDBASE DIRECTIONAL pd=UNITY_ENABLE_REFLECTION_BUFFERS UNITY_USE_DITHER_MASK_FOR_ALPHABLENDED_SHADOWS UNITY_PBS_USE_BRDF1 UNITY_SPECCUBE_BOX_PROJECTION UNITY_SPECCUBE_BLENDING UNITY_ENABLE_DETAIL_NORMALMAP SHADER_API_DESKTOP UNITY_COLORSPACE_GAMMA UNITY_LIGHT_PROBE_PROXY_VOLUME UNITY_LIGHTMAP_RGBM_ENCODING ok=1
Cmd: compileSnippet
  api=4 type=1 insize=5880 outsize=918 kw=UNITY_PASS_FORWARDBASE DIRECTIONAL pd=UNITY_ENABLE_REFLECTION_BUFFERS UNITY_USE_DITHER_MASK_FOR_ALPHABLENDED_SHADOWS UNITY_PBS_USE_BRDF1 UNITY_SPECCUBE_BOX_PROJECTION UNITY_SPECCUBE_BLENDING UNITY_ENABLE_DETAIL_NORMALMAP SHADER_API_DESKTOP UNITY_COLORSPACE_GAMMA UNITY_LIGHT_PROBE_PROXY_VOLUME UNITY_LIGHTMAP_RGBM_ENCODING ok=1
Cmd: compileSnippet
  error: 1 plat 4 at (73): Output value 'vert' is not completely initialized\nCompiling Vertex program with UNITY_PASS_FORWARDBASE DIRECTIONAL LIGHTMAP_ON
Platform defines: UNITY_ENABLE_REFLECTION_BUFFERS UNITY_NO_SCREENSPACE_SHADOWS UNITY_PBS_USE_BRDF3 UNITY_SPECCUBE_BOX_PROJECTION SHADER_API_DESKTOP UNITY_COLORSPACE_GAMMA UNITY_LIGHTMAP_RGBM_ENCODING
  api=4 type=0 insize=5880 outsize=1810 kw=UNITY_PASS_FORWARDBASE DIRECTIONAL LIGHTMAP_ON pd=UNITY_ENABLE_REFLECTION_BUFFERS UNITY_NO_SCREENSPACE_SHADOWS UNITY_PBS_USE_BRDF3 UNITY_SPECCUBE_BOX_PROJECTION SHADER_API_DESKTOP UNITY_COLORSPACE_GAMMA UNITY_LIGHTMAP_RGBM_ENCODING ok=1
Cmd: compileSnippet
  api=4 type=1 insize=5880 outsize=918 kw=UNITY_PASS_FORWARDBASE DIRECTIONAL LIGHTMAP_ON pd=UNITY_ENABLE_REFLECTION_BUFFERS UNITY_NO_SCREENSPACE_SHADOWS UNITY_PBS_USE_BRDF3 UNITY_SPECCUBE_BOX_PROJECTION SHADER_API_DESKTOP UNITY_COLORSPACE_GAMMA UNITY_LIGHTMAP_RGBM_ENCODING ok=1
Cmd: compileSnippet
  error: 1 plat 4 at (73): Output value 'vert' is not completely initialized\nCompiling Vertex program with UNITY_PASS_FORWARDBASE DIRECTIONAL
Platform defines: UNITY_ENABLE_REFLECTION_BUFFERS UNITY_NO_SCREENSPACE_SHADOWS UNITY_PBS_USE_BRDF3 UNITY_SPECCUBE_BOX_PROJECTION SHADER_API_DESKTOP UNITY_COLORSPACE_GAMMA UNITY_LIGHTMAP_RGBM_ENCODING
  api=4 type=0 insize=5880 outsize=1810 kw=UNITY_PASS_FORWARDBASE DIRECTIONAL pd=UNITY_ENABLE_REFLECTION_BUFFERS UNITY_NO_SCREENSPACE_SHADOWS UNITY_PBS_USE_BRDF3 UNITY_SPECCUBE_BOX_PROJECTION SHADER_API_DESKTOP UNITY_COLORSPACE_GAMMA UNITY_LIGHTMAP_RGBM_ENCODING ok=1
Cmd: compileSnippet
  api=4 type=1 insize=5880 outsize=918 kw=UNITY_PASS_FORWARDBASE DIRECTIONAL pd=UNITY_ENABLE_REFLECTION_BUFFERS UNITY_NO_SCREENSPACE_SHADOWS UNITY_PBS_USE_BRDF3 UNITY_SPECCUBE_BOX_PROJECTION SHADER_API_DESKTOP UNITY_COLORSPACE_GAMMA UNITY_LIGHTMAP_RGBM_ENCODING ok=1
Cmd: compileSnippet
  error: 1 plat 4 at (73): Output value 'vert' is not completely initialized\nCompiling Vertex program with UNITY_PASS_FORWARDBASE DIRECTIONAL LIGHTPROBE_SH
Platform defines: UNITY_ENABLE_REFLECTION_BUFFERS UNITY_NO_SCREENSPACE_SHADOWS UNITY_PBS_USE_BRDF3 UNITY_SPECCUBE_BOX_PROJECTION SHADER_API_DESKTOP UNITY_COLORSPACE_GAMMA UNITY_LIGHTMAP_RGBM_ENCODING
  api=4 type=0 insize=5880 outsize=1810 kw=UNITY_PASS_FORWARDBASE DIRECTIONAL LIGHTPROBE_SH pd=UNITY_ENABLE_REFLECTION_BUFFERS UNITY_NO_SCREENSPACE_SHADOWS UNITY_PBS_USE_BRDF3 UNITY_SPECCUBE_BOX_PROJECTION SHADER_API_DESKTOP UNITY_COLORSPACE_GAMMA UNITY_LIGHTMAP_RGBM_ENCODING ok=1
Cmd: compileSnippet
  api=4 type=1 insize=5880 outsize=918 kw=UNITY_PASS_FORWARDBASE DIRECTIONAL LIGHTPROBE_SH pd=UNITY_ENABLE_REFLECTION_BUFFERS UNITY_NO_SCREENSPACE_SHADOWS UNITY_PBS_USE_BRDF3 UNITY_SPECCUBE_BOX_PROJECTION SHADER_API_DESKTOP UNITY_COLORSPACE_GAMMA UNITY_LIGHTMAP_RGBM_ENCODING ok=1
Cmd: preprocess
  insize=7383 outsize=1580 ok=1
Cmd: compileSnippet
  error: 1 plat 4 at (73): Output value 'vert' is not completely initialized\nCompiling Vertex program with UNITY_PASS_FORWARDBASE DIRECTIONAL
Platform defines: UNITY_ENABLE_REFLECTION_BUFFERS UNITY_USE_DITHER_MASK_FOR_ALPHABLENDED_SHADOWS UNITY_PBS_USE_BRDF1 UNITY_SPECCUBE_BOX_PROJECTION UNITY_SPECCUBE_BLENDING UNITY_ENABLE_DETAIL_NORMALMAP SHADER_API_DESKTOP UNITY_COLORSPACE_GAMMA UNITY_LIGHT_PROBE_PROXY_VOLUME UNITY_LIGHTMAP_RGBM_ENCODING
  api=4 type=0 insize=5885 outsize=1810 kw=UNITY_PASS_FORWARDBASE DIRECTIONAL pd=UNITY_ENABLE_REFLECTION_BUFFERS UNITY_USE_DITHER_MASK_FOR_ALPHABLENDED_SHADOWS UNITY_PBS_USE_BRDF1 UNITY_SPECCUBE_BOX_PROJECTION UNITY_SPECCUBE_BLENDING UNITY_ENABLE_DETAIL_NORMALMAP SHADER_API_DESKTOP UNITY_COLORSPACE_GAMMA UNITY_LIGHT_PROBE_PROXY_VOLUME UNITY_LIGHTMAP_RGBM_ENCODING ok=1
Cmd: compileSnippet
  api=4 type=1 insize=5885 outsize=1366 kw=UNITY_PASS_FORWARDBASE DIRECTIONAL pd=UNITY_ENABLE_REFLECTION_BUFFERS UNITY_USE_DITHER_MASK_FOR_ALPHABLENDED_SHADOWS UNITY_PBS_USE_BRDF1 UNITY_SPECCUBE_BOX_PROJECTION UNITY_SPECCUBE_BLENDING UNITY_ENABLE_DETAIL_NORMALMAP SHADER_API_DESKTOP UNITY_COLORSPACE_GAMMA UNITY_LIGHT_PROBE_PROXY_VOLUME UNITY_LIGHTMAP_RGBM_ENCODING ok=1
Cmd: compileSnippet
  error: 1 plat 4 at (73): Output value 'vert' is not completely initialized\nCompiling Vertex program with UNITY_PASS_FORWARDBASE DIRECTIONAL LIGHTMAP_ON
Platform defines: UNITY_ENABLE_REFLECTION_BUFFERS UNITY_NO_SCREENSPACE_SHADOWS UNITY_PBS_USE_BRDF3 UNITY_SPECCUBE_BOX_PROJECTION SHADER_API_DESKTOP UNITY_COLORSPACE_GAMMA UNITY_LIGHTMAP_RGBM_ENCODING
  api=4 type=0 insize=5885 outsize=1810 kw=UNITY_PASS_FORWARDBASE DIRECTIONAL LIGHTMAP_ON pd=UNITY_ENABLE_REFLECTION_BUFFERS UNITY_NO_SCREENSPACE_SHADOWS UNITY_PBS_USE_BRDF3 UNITY_SPECCUBE_BOX_PROJECTION SHADER_API_DESKTOP UNITY_COLORSPACE_GAMMA UNITY_LIGHTMAP_RGBM_ENCODING ok=1
Cmd: compileSnippet
  api=4 type=1 insize=5885 outsize=1366 kw=UNITY_PASS_FORWARDBASE DIRECTIONAL LIGHTMAP_ON pd=UNITY_ENABLE_REFLECTION_BUFFERS UNITY_NO_SCREENSPACE_SHADOWS UNITY_PBS_USE_BRDF3 UNITY_SPECCUBE_BOX_PROJECTION SHADER_API_DESKTOP UNITY_COLORSPACE_GAMMA UNITY_LIGHTMAP_RGBM_ENCODING ok=1
Cmd: preprocess
  insize=7237 outsize=1580 ok=1
Cmd: compileSnippet
  error: 1 plat 4 at (73): Output value 'vert' is not completely initialized\nCompiling Vertex program with UNITY_PASS_FORWARDBASE DIRECTIONAL
Platform defines: UNITY_ENABLE_REFLECTION_BUFFERS UNITY_USE_DITHER_MASK_FOR_ALPHABLENDED_SHADOWS UNITY_PBS_USE_BRDF1 UNITY_SPECCUBE_BOX_PROJECTION UNITY_SPECCUBE_BLENDING UNITY_ENABLE_DETAIL_NORMALMAP SHADER_API_DESKTOP UNITY_COLORSPACE_GAMMA UNITY_LIGHT_PROBE_PROXY_VOLUME UNITY_LIGHTMAP_RGBM_ENCODING
  api=4 type=0 insize=5739 outsize=1810 kw=UNITY_PASS_FORWARDBASE DIRECTIONAL pd=UNITY_ENABLE_REFLECTION_BUFFERS UNITY_USE_DITHER_MASK_FOR_ALPHABLENDED_SHADOWS UNITY_PBS_USE_BRDF1 UNITY_SPECCUBE_BOX_PROJECTION UNITY_SPECCUBE_BLENDING UNITY_ENABLE_DETAIL_NORMALMAP SHADER_API_DESKTOP UNITY_COLORSPACE_GAMMA UNITY_LIGHT_PROBE_PROXY_VOLUME UNITY_LIGHTMAP_RGBM_ENCODING ok=1
Cmd: compileSnippet
  api=4 type=1 insize=5739 outsize=2590 kw=UNITY_PASS_FORWARDBASE DIRECTIONAL pd=UNITY_ENABLE_REFLECTION_BUFFERS UNITY_USE_DITHER_MASK_FOR_ALPHABLENDED_SHADOWS UNITY_PBS_USE_BRDF1 UNITY_SPECCUBE_BOX_PROJECTION UNITY_SPECCUBE_BLENDING UNITY_ENABLE_DETAIL_NORMALMAP SHADER_API_DESKTOP UNITY_COLORSPACE_GAMMA UNITY_LIGHT_PROBE_PROXY_VOLUME UNITY_LIGHTMAP_RGBM_ENCODING ok=1
Cmd: compileSnippet
  api=4 type=0 insize=836 outsize=1050 kw=UNITY_PASS_META pd=UNITY_ENABLE_REFLECTION_BUFFERS UNITY_USE_DITHER_MASK_FOR_ALPHABLENDED_SHADOWS UNITY_PBS_USE_BRDF1 UNITY_SPECCUBE_BOX_PROJECTION UNITY_SPECCUBE_BLENDING UNITY_ENABLE_DETAIL_NORMALMAP SHADER_API_DESKTOP UNITY_COLORSPACE_GAMMA UNITY_LIGHT_PROBE_PROXY_VOLUME UNITY_LIGHTMAP_RGBM_ENCODING ok=1
Cmd: compileSnippet
  api=4 type=1 insize=836 outsize=826 kw=UNITY_PASS_META pd=UNITY_ENABLE_REFLECTION_BUFFERS UNITY_USE_DITHER_MASK_FOR_ALPHABLENDED_SHADOWS UNITY_PBS_USE_BRDF1 UNITY_SPECCUBE_BOX_PROJECTION UNITY_SPECCUBE_BLENDING UNITY_ENABLE_DETAIL_NORMALMAP SHADER_API_DESKTOP UNITY_COLORSPACE_GAMMA UNITY_LIGHT_PROBE_PROXY_VOLUME UNITY_LIGHTMAP_RGBM_ENCODING ok=1
Cmd: compileSnippet
  error: 1 plat 4 at (73): Output value 'vert' is not completely initialized\nCompiling Vertex program with UNITY_PASS_FORWARDBASE DIRECTIONAL LIGHTMAP_ON
Platform defines: UNITY_ENABLE_REFLECTION_BUFFERS UNITY_NO_SCREENSPACE_SHADOWS UNITY_PBS_USE_BRDF3 UNITY_SPECCUBE_BOX_PROJECTION SHADER_API_DESKTOP UNITY_COLORSPACE_GAMMA UNITY_LIGHTMAP_RGBM_ENCODING
  api=4 type=0 insize=5739 outsize=1810 kw=UNITY_PASS_FORWARDBASE DIRECTIONAL LIGHTMAP_ON pd=UNITY_ENABLE_REFLECTION_BUFFERS UNITY_NO_SCREENSPACE_SHADOWS UNITY_PBS_USE_BRDF3 UNITY_SPECCUBE_BOX_PROJECTION SHADER_API_DESKTOP UNITY_COLORSPACE_GAMMA UNITY_LIGHTMAP_RGBM_ENCODING ok=1
Cmd: compileSnippet
  api=4 type=1 insize=5739 outsize=2590 kw=UNITY_PASS_FORWARDBASE DIRECTIONAL LIGHTMAP_ON pd=UNITY_ENABLE_REFLECTION_BUFFERS UNITY_NO_SCREENSPACE_SHADOWS UNITY_PBS_USE_BRDF3 UNITY_SPECCUBE_BOX_PROJECTION SHADER_API_DESKTOP UNITY_COLORSPACE_GAMMA UNITY_LIGHTMAP_RGBM_ENCODING ok=1
Cmd: compileSnippet
  error: 1 plat 4 at (73): Output value 'vert' is not completely initialized\nCompiling Vertex program with UNITY_PASS_FORWARDBASE DIRECTIONAL
Platform defines: UNITY_ENABLE_REFLECTION_BUFFERS UNITY_NO_SCREENSPACE_SHADOWS UNITY_PBS_USE_BRDF3 UNITY_SPECCUBE_BOX_PROJECTION SHADER_API_DESKTOP UNITY_COLORSPACE_GAMMA UNITY_LIGHTMAP_RGBM_ENCODING
  api=4 type=0 insize=5739 outsize=1810 kw=UNITY_PASS_FORWARDBASE DIRECTIONAL pd=UNITY_ENABLE_REFLECTION_BUFFERS UNITY_NO_SCREENSPACE_SHADOWS UNITY_PBS_USE_BRDF3 UNITY_SPECCUBE_BOX_PROJECTION SHADER_API_DESKTOP UNITY_COLORSPACE_GAMMA UNITY_LIGHTMAP_RGBM_ENCODING ok=1
Cmd: compileSnippet
  api=4 type=1 insize=5739 outsize=2590 kw=UNITY_PASS_FORWARDBASE DIRECTIONAL pd=UNITY_ENABLE_REFLECTION_BUFFERS UNITY_NO_SCREENSPACE_SHADOWS UNITY_PBS_USE_BRDF3 UNITY_SPECCUBE_BOX_PROJECTION SHADER_API_DESKTOP UNITY_COLORSPACE_GAMMA UNITY_LIGHTMAP_RGBM_ENCODING ok=1
Cmd: compileSnippet
  error: 1 plat 4 at (73): Output value 'vert' is not completely initialized\nCompiling Vertex program with UNITY_PASS_FORWARDBASE DIRECTIONAL LIGHTPROBE_SH
Platform defines: UNITY_ENABLE_REFLECTION_BUFFERS UNITY_NO_SCREENSPACE_SHADOWS UNITY_PBS_USE_BRDF3 UNITY_SPECCUBE_BOX_PROJECTION SHADER_API_DESKTOP UNITY_COLORSPACE_GAMMA UNITY_LIGHTMAP_RGBM_ENCODING
  api=4 type=0 insize=5739 outsize=1810 kw=UNITY_PASS_FORWARDBASE DIRECTIONAL LIGHTPROBE_SH pd=UNITY_ENABLE_REFLECTION_BUFFERS UNITY_NO_SCREENSPACE_SHADOWS UNITY_PBS_USE_BRDF3 UNITY_SPECCUBE_BOX_PROJECTION SHADER_API_DESKTOP UNITY_COLORSPACE_GAMMA UNITY_LIGHTMAP_RGBM_ENCODING ok=1
Cmd: compileSnippet
  api=4 type=1 insize=5739 outsize=2590 kw=UNITY_PASS_FORWARDBASE DIRECTIONAL LIGHTPROBE_SH pd=UNITY_ENABLE_REFLECTION_BUFFERS UNITY_NO_SCREENSPACE_SHADOWS UNITY_PBS_USE_BRDF3 UNITY_SPECCUBE_BOX_PROJECTION SHADER_API_DESKTOP UNITY_COLORSPACE_GAMMA UNITY_LIGHTMAP_RGBM_ENCODING ok=1
Cmd: preprocess
  insize=7237 outsize=1581 ok=1
Cmd: compileSnippet
  error: 1 plat 4 at (73): Output value 'vert' is not completely initialized\nCompiling Vertex program with UNITY_PASS_FORWARDBASE DIRECTIONAL
Platform defines: UNITY_ENABLE_REFLECTION_BUFFERS UNITY_USE_DITHER_MASK_FOR_ALPHABLENDED_SHADOWS UNITY_PBS_USE_BRDF1 UNITY_SPECCUBE_BOX_PROJECTION UNITY_SPECCUBE_BLENDING UNITY_ENABLE_DETAIL_NORMALMAP SHADER_API_DESKTOP UNITY_COLORSPACE_GAMMA UNITY_LIGHT_PROBE_PROXY_VOLUME UNITY_LIGHTMAP_RGBM_ENCODING
  api=4 type=0 insize=5739 outsize=1810 kw=UNITY_PASS_FORWARDBASE DIRECTIONAL pd=UNITY_ENABLE_REFLECTION_BUFFERS UNITY_USE_DITHER_MASK_FOR_ALPHABLENDED_SHADOWS UNITY_PBS_USE_BRDF1 UNITY_SPECCUBE_BOX_PROJECTION UNITY_SPECCUBE_BLENDING UNITY_ENABLE_DETAIL_NORMALMAP SHADER_API_DESKTOP UNITY_COLORSPACE_GAMMA UNITY_LIGHT_PROBE_PROXY_VOLUME UNITY_LIGHTMAP_RGBM_ENCODING ok=1
Cmd: compileSnippet
  api=4 type=1 insize=5739 outsize=2610 kw=UNITY_PASS_FORWARDBASE DIRECTIONAL pd=UNITY_ENABLE_REFLECTION_BUFFERS UNITY_USE_DITHER_MASK_FOR_ALPHABLENDED_SHADOWS UNITY_PBS_USE_BRDF1 UNITY_SPECCUBE_BOX_PROJECTION UNITY_SPECCUBE_BLENDING UNITY_ENABLE_DETAIL_NORMALMAP SHADER_API_DESKTOP UNITY_COLORSPACE_GAMMA UNITY_LIGHT_PROBE_PROXY_VOLUME UNITY_LIGHTMAP_RGBM_ENCODING ok=1
Cmd: compileSnippet
  error: 1 plat 4 at (73): Output value 'vert' is not completely initialized\nCompiling Vertex program with UNITY_PASS_FORWARDBASE DIRECTIONAL LIGHTMAP_ON
Platform defines: UNITY_ENABLE_REFLECTION_BUFFERS UNITY_NO_SCREENSPACE_SHADOWS UNITY_PBS_USE_BRDF3 UNITY_SPECCUBE_BOX_PROJECTION SHADER_API_DESKTOP UNITY_COLORSPACE_GAMMA UNITY_LIGHTMAP_RGBM_ENCODING
  api=4 type=0 insize=5739 outsize=1810 kw=UNITY_PASS_FORWARDBASE DIRECTIONAL LIGHTMAP_ON pd=UNITY_ENABLE_REFLECTION_BUFFERS UNITY_NO_SCREENSPACE_SHADOWS UNITY_PBS_USE_BRDF3 UNITY_SPECCUBE_BOX_PROJECTION SHADER_API_DESKTOP UNITY_COLORSPACE_GAMMA UNITY_LIGHTMAP_RGBM_ENCODING ok=1
Cmd: compileSnippet
  api=4 type=1 insize=5739 outsize=2610 kw=UNITY_PASS_FORWARDBASE DIRECTIONAL LIGHTMAP_ON pd=UNITY_ENABLE_REFLECTION_BUFFERS UNITY_NO_SCREENSPACE_SHADOWS UNITY_PBS_USE_BRDF3 UNITY_SPECCUBE_BOX_PROJECTION SHADER_API_DESKTOP UNITY_COLORSPACE_GAMMA UNITY_LIGHTMAP_RGBM_ENCODING ok=1
Cmd: compileSnippet
  error: 1 plat 4 at (73): Output value 'vert' is not completely initialized\nCompiling Vertex program with UNITY_PASS_FORWARDBASE DIRECTIONAL
Platform defines: UNITY_ENABLE_REFLECTION_BUFFERS UNITY_NO_SCREENSPACE_SHADOWS UNITY_PBS_USE_BRDF3 UNITY_SPECCUBE_BOX_PROJECTION SHADER_API_DESKTOP UNITY_COLORSPACE_GAMMA UNITY_LIGHTMAP_RGBM_ENCODING
  api=4 type=0 insize=5739 outsize=1810 kw=UNITY_PASS_FORWARDBASE DIRECTIONAL pd=UNITY_ENABLE_REFLECTION_BUFFERS UNITY_NO_SCREENSPACE_SHADOWS UNITY_PBS_USE_BRDF3 UNITY_SPECCUBE_BOX_PROJECTION SHADER_API_DESKTOP UNITY_COLORSPACE_GAMMA UNITY_LIGHTMAP_RGBM_ENCODING ok=1
Cmd: compileSnippet
  api=4 type=1 insize=5739 outsize=2610 kw=UNITY_PASS_FORWARDBASE DIRECTIONAL pd=UNITY_ENABLE_REFLECTION_BUFFERS UNITY_NO_SCREENSPACE_SHADOWS UNITY_PBS_USE_BRDF3 UNITY_SPECCUBE_BOX_PROJECTION SHADER_API_DESKTOP UNITY_COLORSPACE_GAMMA UNITY_LIGHTMAP_RGBM_ENCODING ok=1
Cmd: compileSnippet
  error: 1 plat 4 at (73): Output value 'vert' is not completely initialized\nCompiling Vertex program with UNITY_PASS_FORWARDBASE DIRECTIONAL LIGHTPROBE_SH
Platform defines: UNITY_ENABLE_REFLECTION_BUFFERS UNITY_NO_SCREENSPACE_SHADOWS UNITY_PBS_USE_BRDF3 UNITY_SPECCUBE_BOX_PROJECTION SHADER_API_DESKTOP UNITY_COLORSPACE_GAMMA UNITY_LIGHTMAP_RGBM_ENCODING
  api=4 type=0 insize=5739 outsize=1810 kw=UNITY_PASS_FORWARDBASE DIRECTIONAL LIGHTPROBE_SH pd=UNITY_ENABLE_REFLECTION_BUFFERS UNITY_NO_SCREENSPACE_SHADOWS UNITY_PBS_USE_BRDF3 UNITY_SPECCUBE_BOX_PROJECTION SHADER_API_DESKTOP UNITY_COLORSPACE_GAMMA UNITY_LIGHTMAP_RGBM_ENCODING ok=1
Cmd: compileSnippet
  api=4 type=1 insize=5739 outsize=2610 kw=UNITY_PASS_FORWARDBASE DIRECTIONAL LIGHTPROBE_SH pd=UNITY_ENABLE_REFLECTION_BUFFERS UNITY_NO_SCREENSPACE_SHADOWS UNITY_PBS_USE_BRDF3 UNITY_SPECCUBE_BOX_PROJECTION SHADER_API_DESKTOP UNITY_COLORSPACE_GAMMA UNITY_LIGHTMAP_RGBM_ENCODING ok=1
Cmd: preprocess
  insize=7245 outsize=1581 ok=1
Cmd: compileSnippet
  error: 1 plat 4 at (73): Output value 'vert' is not completely initialized\nCompiling Vertex program with UNITY_PASS_FORWARDBASE DIRECTIONAL
Platform defines: UNITY_ENABLE_REFLECTION_BUFFERS UNITY_USE_DITHER_MASK_FOR_ALPHABLENDED_SHADOWS UNITY_PBS_USE_BRDF1 UNITY_SPECCUBE_BOX_PROJECTION UNITY_SPECCUBE_BLENDING UNITY_ENABLE_DETAIL_NORMALMAP SHADER_API_DESKTOP UNITY_COLORSPACE_GAMMA UNITY_LIGHT_PROBE_PROXY_VOLUME UNITY_LIGHTMAP_RGBM_ENCODING
  api=4 type=0 insize=5747 outsize=1810 kw=UNITY_PASS_FORWARDBASE DIRECTIONAL pd=UNITY_ENABLE_REFLECTION_BUFFERS UNITY_USE_DITHER_MASK_FOR_ALPHABLENDED_SHADOWS UNITY_PBS_USE_BRDF1 UNITY_SPECCUBE_BOX_PROJECTION UNITY_SPECCUBE_BLENDING UNITY_ENABLE_DETAIL_NORMALMAP SHADER_API_DESKTOP UNITY_COLORSPACE_GAMMA UNITY_LIGHT_PROBE_PROXY_VOLUME UNITY_LIGHTMAP_RGBM_ENCODING ok=1
Cmd: compileSnippet
  api=4 type=1 insize=5747 outsize=2630 kw=UNITY_PASS_FORWARDBASE DIRECTIONAL pd=UNITY_ENABLE_REFLECTION_BUFFERS UNITY_USE_DITHER_MASK_FOR_ALPHABLENDED_SHADOWS UNITY_PBS_USE_BRDF1 UNITY_SPECCUBE_BOX_PROJECTION UNITY_SPECCUBE_BLENDING UNITY_ENABLE_DETAIL_NORMALMAP SHADER_API_DESKTOP UNITY_COLORSPACE_GAMMA UNITY_LIGHT_PROBE_PROXY_VOLUME UNITY_LIGHTMAP_RGBM_ENCODING ok=1
Cmd: compileSnippet
  error: 1 plat 4 at (73): Output value 'vert' is not completely initialized\nCompiling Vertex program with UNITY_PASS_FORWARDBASE DIRECTIONAL LIGHTMAP_ON
Platform defines: UNITY_ENABLE_REFLECTION_BUFFERS UNITY_NO_SCREENSPACE_SHADOWS UNITY_PBS_USE_BRDF3 UNITY_SPECCUBE_BOX_PROJECTION SHADER_API_DESKTOP UNITY_COLORSPACE_GAMMA UNITY_LIGHTMAP_RGBM_ENCODING
  api=4 type=0 insize=5747 outsize=1810 kw=UNITY_PASS_FORWARDBASE DIRECTIONAL LIGHTMAP_ON pd=UNITY_ENABLE_REFLECTION_BUFFERS UNITY_NO_SCREENSPACE_SHADOWS UNITY_PBS_USE_BRDF3 UNITY_SPECCUBE_BOX_PROJECTION SHADER_API_DESKTOP UNITY_COLORSPACE_GAMMA UNITY_LIGHTMAP_RGBM_ENCODING ok=1
Cmd: compileSnippet
  api=4 type=1 insize=5747 outsize=2630 kw=UNITY_PASS_FORWARDBASE DIRECTIONAL LIGHTMAP_ON pd=UNITY_ENABLE_REFLECTION_BUFFERS UNITY_NO_SCREENSPACE_SHADOWS UNITY_PBS_USE_BRDF3 UNITY_SPECCUBE_BOX_PROJECTION SHADER_API_DESKTOP UNITY_COLORSPACE_GAMMA UNITY_LIGHTMAP_RGBM_ENCODING ok=1
Cmd: compileSnippet
  error: 1 plat 4 at (73): Output value 'vert' is not completely initialized\nCompiling Vertex program with UNITY_PASS_FORWARDBASE DIRECTIONAL
Platform defines: UNITY_ENABLE_REFLECTION_BUFFERS UNITY_NO_SCREENSPACE_SHADOWS UNITY_PBS_USE_BRDF3 UNITY_SPECCUBE_BOX_PROJECTION SHADER_API_DESKTOP UNITY_COLORSPACE_GAMMA UNITY_LIGHTMAP_RGBM_ENCODING
  api=4 type=0 insize=5747 outsize=1810 kw=UNITY_PASS_FORWARDBASE DIRECTIONAL pd=UNITY_ENABLE_REFLECTION_BUFFERS UNITY_NO_SCREENSPACE_SHADOWS UNITY_PBS_USE_BRDF3 UNITY_SPECCUBE_BOX_PROJECTION SHADER_API_DESKTOP UNITY_COLORSPACE_GAMMA UNITY_LIGHTMAP_RGBM_ENCODING ok=1
Cmd: compileSnippet
  api=4 type=1 insize=5747 outsize=2630 kw=UNITY_PASS_FORWARDBASE DIRECTIONAL pd=UNITY_ENABLE_REFLECTION_BUFFERS UNITY_NO_SCREENSPACE_SHADOWS UNITY_PBS_USE_BRDF3 UNITY_SPECCUBE_BOX_PROJECTION SHADER_API_DESKTOP UNITY_COLORSPACE_GAMMA UNITY_LIGHTMAP_RGBM_ENCODING ok=1
Cmd: compileSnippet
  error: 1 plat 4 at (73): Output value 'vert' is not completely initialized\nCompiling Vertex program with UNITY_PASS_FORWARDBASE DIRECTIONAL LIGHTPROBE_SH
Platform defines: UNITY_ENABLE_REFLECTION_BUFFERS UNITY_NO_SCREENSPACE_SHADOWS UNITY_PBS_USE_BRDF3 UNITY_SPECCUBE_BOX_PROJECTION SHADER_API_DESKTOP UNITY_COLORSPACE_GAMMA UNITY_LIGHTMAP_RGBM_ENCODING
  api=4 type=0 insize=5747 outsize=1810 kw=UNITY_PASS_FORWARDBASE DIRECTIONAL LIGHTPROBE_SH pd=UNITY_ENABLE_REFLECTION_BUFFERS UNITY_NO_SCREENSPACE_SHADOWS UNITY_PBS_USE_BRDF3 UNITY_SPECCUBE_BOX_PROJECTION SHADER_API_DESKTOP UNITY_COLORSPACE_GAMMA UNITY_LIGHTMAP_RGBM_ENCODING ok=1
Cmd: compileSnippet
  api=4 type=1 insize=5747 outsize=2630 kw=UNITY_PASS_FORWARDBASE DIRECTIONAL LIGHTPROBE_SH pd=UNITY_ENABLE_REFLECTION_BUFFERS UNITY_NO_SCREENSPACE_SHADOWS UNITY_PBS_USE_BRDF3 UNITY_SPECCUBE_BOX_PROJECTION SHADER_API_DESKTOP UNITY_COLORSPACE_GAMMA UNITY_LIGHTMAP_RGBM_ENCODING ok=1
Cmd: preprocess
  insize=7245 outsize=1581 ok=1
Cmd: compileSnippet
  error: 1 plat 4 at (73): Output value 'vert' is not completely initialized\nCompiling Vertex program with UNITY_PASS_FORWARDBASE DIRECTIONAL
Platform defines: UNITY_ENABLE_REFLECTION_BUFFERS UNITY_USE_DITHER_MASK_FOR_ALPHABLENDED_SHADOWS UNITY_PBS_USE_BRDF1 UNITY_SPECCUBE_BOX_PROJECTION UNITY_SPECCUBE_BLENDING UNITY_ENABLE_DETAIL_NORMALMAP SHADER_API_DESKTOP UNITY_COLORSPACE_GAMMA UNITY_LIGHT_PROBE_PROXY_VOLUME UNITY_LIGHTMAP_RGBM_ENCODING
  api=4 type=0 insize=5747 outsize=1810 kw=UNITY_PASS_FORWARDBASE DIRECTIONAL pd=UNITY_ENABLE_REFLECTION_BUFFERS UNITY_USE_DITHER_MASK_FOR_ALPHABLENDED_SHADOWS UNITY_PBS_USE_BRDF1 UNITY_SPECCUBE_BOX_PROJECTION UNITY_SPECCUBE_BLENDING UNITY_ENABLE_DETAIL_NORMALMAP SHADER_API_DESKTOP UNITY_COLORSPACE_GAMMA UNITY_LIGHT_PROBE_PROXY_VOLUME UNITY_LIGHTMAP_RGBM_ENCODING ok=1
Cmd: compileSnippet
  api=4 type=1 insize=5747 outsize=2630 kw=UNITY_PASS_FORWARDBASE DIRECTIONAL pd=UNITY_ENABLE_REFLECTION_BUFFERS UNITY_USE_DITHER_MASK_FOR_ALPHABLENDED_SHADOWS UNITY_PBS_USE_BRDF1 UNITY_SPECCUBE_BOX_PROJECTION UNITY_SPECCUBE_BLENDING UNITY_ENABLE_DETAIL_NORMALMAP SHADER_API_DESKTOP UNITY_COLORSPACE_GAMMA UNITY_LIGHT_PROBE_PROXY_VOLUME UNITY_LIGHTMAP_RGBM_ENCODING ok=1
Cmd: compileSnippet
  error: 1 plat 4 at (73): Output value 'vert' is not completely initialized\nCompiling Vertex program with UNITY_PASS_FORWARDBASE DIRECTIONAL LIGHTMAP_ON
Platform defines: UNITY_ENABLE_REFLECTION_BUFFERS UNITY_NO_SCREENSPACE_SHADOWS UNITY_PBS_USE_BRDF3 UNITY_SPECCUBE_BOX_PROJECTION SHADER_API_DESKTOP UNITY_COLORSPACE_GAMMA UNITY_LIGHTMAP_RGBM_ENCODING
  api=4 type=0 insize=5747 outsize=1810 kw=UNITY_PASS_FORWARDBASE DIRECTIONAL LIGHTMAP_ON pd=UNITY_ENABLE_REFLECTION_BUFFERS UNITY_NO_SCREENSPACE_SHADOWS UNITY_PBS_USE_BRDF3 UNITY_SPECCUBE_BOX_PROJECTION SHADER_API_DESKTOP UNITY_COLORSPACE_GAMMA UNITY_LIGHTMAP_RGBM_ENCODING ok=1
Cmd: compileSnippet
  api=4 type=1 insize=5747 outsize=2630 kw=UNITY_PASS_FORWARDBASE DIRECTIONAL LIGHTMAP_ON pd=UNITY_ENABLE_REFLECTION_BUFFERS UNITY_NO_SCREENSPACE_SHADOWS UNITY_PBS_USE_BRDF3 UNITY_SPECCUBE_BOX_PROJECTION SHADER_API_DESKTOP UNITY_COLORSPACE_GAMMA UNITY_LIGHTMAP_RGBM_ENCODING ok=1
Cmd: compileSnippet
  error: 1 plat 4 at (73): Output value 'vert' is not completely initialized\nCompiling Vertex program with UNITY_PASS_FORWARDBASE DIRECTIONAL
Platform defines: UNITY_ENABLE_REFLECTION_BUFFERS UNITY_NO_SCREENSPACE_SHADOWS UNITY_PBS_USE_BRDF3 UNITY_SPECCUBE_BOX_PROJECTION SHADER_API_DESKTOP UNITY_COLORSPACE_GAMMA UNITY_LIGHTMAP_RGBM_ENCODING
  api=4 type=0 insize=5747 outsize=1810 kw=UNITY_PASS_FORWARDBASE DIRECTIONAL pd=UNITY_ENABLE_REFLECTION_BUFFERS UNITY_NO_SCREENSPACE_SHADOWS UNITY_PBS_USE_BRDF3 UNITY_SPECCUBE_BOX_PROJECTION SHADER_API_DESKTOP UNITY_COLORSPACE_GAMMA UNITY_LIGHTMAP_RGBM_ENCODING ok=1
Cmd: compileSnippet
  api=4 type=1 insize=5747 outsize=2630 kw=UNITY_PASS_FORWARDBASE DIRECTIONAL pd=UNITY_ENABLE_REFLECTION_BUFFERS UNITY_NO_SCREENSPACE_SHADOWS UNITY_PBS_USE_BRDF3 UNITY_SPECCUBE_BOX_PROJECTION SHADER_API_DESKTOP UNITY_COLORSPACE_GAMMA UNITY_LIGHTMAP_RGBM_ENCODING ok=1
Cmd: compileSnippet
  error: 1 plat 4 at (73): Output value 'vert' is not completely initialized\nCompiling Vertex program with UNITY_PASS_FORWARDBASE DIRECTIONAL LIGHTPROBE_SH
Platform defines: UNITY_ENABLE_REFLECTION_BUFFERS UNITY_NO_SCREENSPACE_SHADOWS UNITY_PBS_USE_BRDF3 UNITY_SPECCUBE_BOX_PROJECTION SHADER_API_DESKTOP UNITY_COLORSPACE_GAMMA UNITY_LIGHTMAP_RGBM_ENCODING
  api=4 type=0 insize=5747 outsize=1810 kw=UNITY_PASS_FORWARDBASE DIRECTIONAL LIGHTPROBE_SH pd=UNITY_ENABLE_REFLECTION_BUFFERS UNITY_NO_SCREENSPACE_SHADOWS UNITY_PBS_USE_BRDF3 UNITY_SPECCUBE_BOX_PROJECTION SHADER_API_DESKTOP UNITY_COLORSPACE_GAMMA UNITY_LIGHTMAP_RGBM_ENCODING ok=1
Cmd: compileSnippet
  api=4 type=1 insize=5747 outsize=2630 kw=UNITY_PASS_FORWARDBASE DIRECTIONAL LIGHTPROBE_SH pd=UNITY_ENABLE_REFLECTION_BUFFERS UNITY_NO_SCREENSPACE_SHADOWS UNITY_PBS_USE_BRDF3 UNITY_SPECCUBE_BOX_PROJECTION SHADER_API_DESKTOP UNITY_COLORSPACE_GAMMA UNITY_LIGHTMAP_RGBM_ENCODING ok=1
Cmd: compileSnippet
  api=4 type=0 insize=5747 outsize=2030 kw=UNITY_PASS_FORWARDBASE DIRECTIONAL SHADOWS_SCREEN LIGHTMAP_ON LIGHTMAP_SHADOW_MIXING pd=UNITY_ENABLE_REFLECTION_BUFFERS UNITY_NO_SCREENSPACE_SHADOWS UNITY_PBS_USE_BRDF3 UNITY_SPECCUBE_BOX_PROJECTION SHADER_API_DESKTOP UNITY_COLORSPACE_GAMMA UNITY_LIGHTMAP_RGBM_ENCODING ok=1
Cmd: compileSnippet
  api=4 type=1 insize=5747 outsize=2630 kw=UNITY_PASS_FORWARDBASE DIRECTIONAL SHADOWS_SCREEN LIGHTMAP_ON LIGHTMAP_SHADOW_MIXING pd=UNITY_ENABLE_REFLECTION_BUFFERS UNITY_NO_SCREENSPACE_SHADOWS UNITY_PBS_USE_BRDF3 UNITY_SPECCUBE_BOX_PROJECTION SHADER_API_DESKTOP UNITY_COLORSPACE_GAMMA UNITY_LIGHTMAP_RGBM_ENCODING ok=1
Cmd: preprocess
  insize=7253 outsize=1581 ok=1
Cmd: compileSnippet
  error: 1 plat 4 at (73): Output value 'vert' is not completely initialized\nCompiling Vertex program with UNITY_PASS_FORWARDBASE DIRECTIONAL
Platform defines: UNITY_ENABLE_REFLECTION_BUFFERS UNITY_USE_DITHER_MASK_FOR_ALPHABLENDED_SHADOWS UNITY_PBS_USE_BRDF1 UNITY_SPECCUBE_BOX_PROJECTION UNITY_SPECCUBE_BLENDING UNITY_ENABLE_DETAIL_NORMALMAP SHADER_API_DESKTOP UNITY_COLORSPACE_GAMMA UNITY_LIGHT_PROBE_PROXY_VOLUME UNITY_LIGHTMAP_RGBM_ENCODING
  api=4 type=0 insize=5755 outsize=1810 kw=UNITY_PASS_FORWARDBASE DIRECTIONAL pd=UNITY_ENABLE_REFLECTION_BUFFERS UNITY_USE_DITHER_MASK_FOR_ALPHABLENDED_SHADOWS UNITY_PBS_USE_BRDF1 UNITY_SPECCUBE_BOX_PROJECTION UNITY_SPECCUBE_BLENDING UNITY_ENABLE_DETAIL_NORMALMAP SHADER_API_DESKTOP UNITY_COLORSPACE_GAMMA UNITY_LIGHT_PROBE_PROXY_VOLUME UNITY_LIGHTMAP_RGBM_ENCODING ok=1
Cmd: compileSnippet
  api=4 type=1 insize=5755 outsize=3238 kw=UNITY_PASS_FORWARDBASE DIRECTIONAL pd=UNITY_ENABLE_REFLECTION_BUFFERS UNITY_USE_DITHER_MASK_FOR_ALPHABLENDED_SHADOWS UNITY_PBS_USE_BRDF1 UNITY_SPECCUBE_BOX_PROJECTION UNITY_SPECCUBE_BLENDING UNITY_ENABLE_DETAIL_NORMALMAP SHADER_API_DESKTOP UNITY_COLORSPACE_GAMMA UNITY_LIGHT_PROBE_PROXY_VOLUME UNITY_LIGHTMAP_RGBM_ENCODING ok=1
Cmd: compileSnippet
  api=4 type=0 insize=5755 outsize=2030 kw=UNITY_PASS_FORWARDBASE DIRECTIONAL SHADOWS_SCREEN LIGHTMAP_ON LIGHTMAP_SHADOW_MIXING pd=UNITY_ENABLE_REFLECTION_BUFFERS UNITY_NO_SCREENSPACE_SHADOWS UNITY_PBS_USE_BRDF3 UNITY_SPECCUBE_BOX_PROJECTION SHADER_API_DESKTOP UNITY_COLORSPACE_GAMMA UNITY_LIGHTMAP_RGBM_ENCODING ok=1
Cmd: compileSnippet
  api=4 type=1 insize=5755 outsize=2834 kw=UNITY_PASS_FORWARDBASE DIRECTIONAL SHADOWS_SCREEN LIGHTMAP_ON LIGHTMAP_SHADOW_MIXING pd=UNITY_ENABLE_REFLECTION_BUFFERS UNITY_NO_SCREENSPACE_SHADOWS UNITY_PBS_USE_BRDF3 UNITY_SPECCUBE_BOX_PROJECTION SHADER_API_DESKTOP UNITY_COLORSPACE_GAMMA UNITY_LIGHTMAP_RGBM_ENCODING ok=1
Cmd: preprocess
  insize=7253 outsize=1581 ok=1
Cmd: compileSnippet
  error: 1 plat 4 at (73): Output value 'vert' is not completely initialized\nCompiling Vertex program with UNITY_PASS_FORWARDBASE DIRECTIONAL
Platform defines: UNITY_ENABLE_REFLECTION_BUFFERS UNITY_USE_DITHER_MASK_FOR_ALPHABLENDED_SHADOWS UNITY_PBS_USE_BRDF1 UNITY_SPECCUBE_BOX_PROJECTION UNITY_SPECCUBE_BLENDING UNITY_ENABLE_DETAIL_NORMALMAP SHADER_API_DESKTOP UNITY_COLORSPACE_GAMMA UNITY_LIGHT_PROBE_PROXY_VOLUME UNITY_LIGHTMAP_RGBM_ENCODING
  api=4 type=0 insize=5755 outsize=1810 kw=UNITY_PASS_FORWARDBASE DIRECTIONAL pd=UNITY_ENABLE_REFLECTION_BUFFERS UNITY_USE_DITHER_MASK_FOR_ALPHABLENDED_SHADOWS UNITY_PBS_USE_BRDF1 UNITY_SPECCUBE_BOX_PROJECTION UNITY_SPECCUBE_BLENDING UNITY_ENABLE_DETAIL_NORMALMAP SHADER_API_DESKTOP UNITY_COLORSPACE_GAMMA UNITY_LIGHT_PROBE_PROXY_VOLUME UNITY_LIGHTMAP_RGBM_ENCODING ok=1
Cmd: compileSnippet
  api=4 type=1 insize=5755 outsize=3238 kw=UNITY_PASS_FORWARDBASE DIRECTIONAL pd=UNITY_ENABLE_REFLECTION_BUFFERS UNITY_USE_DITHER_MASK_FOR_ALPHABLENDED_SHADOWS UNITY_PBS_USE_BRDF1 UNITY_SPECCUBE_BOX_PROJECTION UNITY_SPECCUBE_BLENDING UNITY_ENABLE_DETAIL_NORMALMAP SHADER_API_DESKTOP UNITY_COLORSPACE_GAMMA UNITY_LIGHT_PROBE_PROXY_VOLUME UNITY_LIGHTMAP_RGBM_ENCODING ok=1
Cmd: compileSnippet
  api=4 type=0 insize=5755 outsize=2030 kw=UNITY_PASS_FORWARDBASE DIRECTIONAL SHADOWS_SCREEN LIGHTMAP_ON LIGHTMAP_SHADOW_MIXING pd=UNITY_ENABLE_REFLECTION_BUFFERS UNITY_NO_SCREENSPACE_SHADOWS UNITY_PBS_USE_BRDF3 UNITY_SPECCUBE_BOX_PROJECTION SHADER_API_DESKTOP UNITY_COLORSPACE_GAMMA UNITY_LIGHTMAP_RGBM_ENCODING ok=1
Cmd: compileSnippet
  api=4 type=1 insize=5755 outsize=2834 kw=UNITY_PASS_FORWARDBASE DIRECTIONAL SHADOWS_SCREEN LIGHTMAP_ON LIGHTMAP_SHADOW_MIXING pd=UNITY_ENABLE_REFLECTION_BUFFERS UNITY_NO_SCREENSPACE_SHADOWS UNITY_PBS_USE_BRDF3 UNITY_SPECCUBE_BOX_PROJECTION SHADER_API_DESKTOP UNITY_COLORSPACE_GAMMA UNITY_LIGHTMAP_RGBM_ENCODING ok=1
Cmd: compileSnippet
  error: 1 plat 4 at (73): Output value 'vert' is not completely initialized\nCompiling Vertex program with UNITY_PASS_FORWARDBASE DIRECTIONAL
Platform defines: UNITY_ENABLE_REFLECTION_BUFFERS UNITY_NO_SCREENSPACE_SHADOWS UNITY_PBS_USE_BRDF3 UNITY_SPECCUBE_BOX_PROJECTION SHADER_API_DESKTOP UNITY_COLORSPACE_GAMMA UNITY_LIGHTMAP_RGBM_ENCODING
  api=4 type=0 insize=5755 outsize=1810 kw=UNITY_PASS_FORWARDBASE DIRECTIONAL pd=UNITY_ENABLE_REFLECTION_BUFFERS UNITY_NO_SCREENSPACE_SHADOWS UNITY_PBS_USE_BRDF3 UNITY_SPECCUBE_BOX_PROJECTION SHADER_API_DESKTOP UNITY_COLORSPACE_GAMMA UNITY_LIGHTMAP_RGBM_ENCODING ok=1
Cmd: compileSnippet
  api=4 type=1 insize=5755 outsize=2630 kw=UNITY_PASS_FORWARDBASE DIRECTIONAL pd=UNITY_ENABLE_REFLECTION_BUFFERS UNITY_NO_SCREENSPACE_SHADOWS UNITY_PBS_USE_BRDF3 UNITY_SPECCUBE_BOX_PROJECTION SHADER_API_DESKTOP UNITY_COLORSPACE_GAMMA UNITY_LIGHTMAP_RGBM_ENCODING ok=1
Cmd: compileSnippet
  error: 1 plat 4 at (73): Output value 'vert' is not completely initialized\nCompiling Vertex program with UNITY_PASS_FORWARDBASE DIRECTIONAL LIGHTPROBE_SH
Platform defines: UNITY_ENABLE_REFLECTION_BUFFERS UNITY_NO_SCREENSPACE_SHADOWS UNITY_PBS_USE_BRDF3 UNITY_SPECCUBE_BOX_PROJECTION SHADER_API_DESKTOP UNITY_COLORSPACE_GAMMA UNITY_LIGHTMAP_RGBM_ENCODING
  api=4 type=0 insize=5755 outsize=1810 kw=UNITY_PASS_FORWARDBASE DIRECTIONAL LIGHTPROBE_SH pd=UNITY_ENABLE_REFLECTION_BUFFERS UNITY_NO_SCREENSPACE_SHADOWS UNITY_PBS_USE_BRDF3 UNITY_SPECCUBE_BOX_PROJECTION SHADER_API_DESKTOP UNITY_COLORSPACE_GAMMA UNITY_LIGHTMAP_RGBM_ENCODING ok=1
Cmd: compileSnippet
  api=4 type=1 insize=5755 outsize=2630 kw=UNITY_PASS_FORWARDBASE DIRECTIONAL LIGHTPROBE_SH pd=UNITY_ENABLE_REFLECTION_BUFFERS UNITY_NO_SCREENSPACE_SHADOWS UNITY_PBS_USE_BRDF3 UNITY_SPECCUBE_BOX_PROJECTION SHADER_API_DESKTOP UNITY_COLORSPACE_GAMMA UNITY_LIGHTMAP_RGBM_ENCODING ok=1
Cmd: compileSnippet
  error: 1 plat 4 at (73): Output value 'vert' is not completely initialized\nCompiling Vertex program with UNITY_PASS_FORWARDBASE DIRECTIONAL LIGHTMAP_ON LIGHTMAP_SHADOW_MIXING
Platform defines: UNITY_ENABLE_REFLECTION_BUFFERS UNITY_NO_SCREENSPACE_SHADOWS UNITY_PBS_USE_BRDF3 UNITY_SPECCUBE_BOX_PROJECTION SHADER_API_DESKTOP UNITY_COLORSPACE_GAMMA UNITY_LIGHTMAP_RGBM_ENCODING
  api=4 type=0 insize=5755 outsize=1810 kw=UNITY_PASS_FORWARDBASE DIRECTIONAL LIGHTMAP_ON LIGHTMAP_SHADOW_MIXING pd=UNITY_ENABLE_REFLECTION_BUFFERS UNITY_NO_SCREENSPACE_SHADOWS UNITY_PBS_USE_BRDF3 UNITY_SPECCUBE_BOX_PROJECTION SHADER_API_DESKTOP UNITY_COLORSPACE_GAMMA UNITY_LIGHTMAP_RGBM_ENCODING ok=1
Cmd: compileSnippet
  api=4 type=1 insize=5755 outsize=1406 kw=UNITY_PASS_FORWARDBASE DIRECTIONAL LIGHTMAP_ON LIGHTMAP_SHADOW_MIXING pd=UNITY_ENABLE_REFLECTION_BUFFERS UNITY_NO_SCREENSPACE_SHADOWS UNITY_PBS_USE_BRDF3 UNITY_SPECCUBE_BOX_PROJECTION SHADER_API_DESKTOP UNITY_COLORSPACE_GAMMA UNITY_LIGHTMAP_RGBM_ENCODING ok=1
Cmd: preprocess
  insize=7255 outsize=1581 ok=1
Cmd: compileSnippet
  error: 1 plat 4 at (73): Output value 'vert' is not completely initialized\nCompiling Vertex program with UNITY_PASS_FORWARDBASE DIRECTIONAL
Platform defines: UNITY_ENABLE_REFLECTION_BUFFERS UNITY_USE_DITHER_MASK_FOR_ALPHABLENDED_SHADOWS UNITY_PBS_USE_BRDF1 UNITY_SPECCUBE_BOX_PROJECTION UNITY_SPECCUBE_BLENDING UNITY_ENABLE_DETAIL_NORMALMAP SHADER_API_DESKTOP UNITY_COLORSPACE_GAMMA UNITY_LIGHT_PROBE_PROXY_VOLUME UNITY_LIGHTMAP_RGBM_ENCODING
  api=4 type=0 insize=5757 outsize=1810 kw=UNITY_PASS_FORWARDBASE DIRECTIONAL pd=UNITY_ENABLE_REFLECTION_BUFFERS UNITY_USE_DITHER_MASK_FOR_ALPHABLENDED_SHADOWS UNITY_PBS_USE_BRDF1 UNITY_SPECCUBE_BOX_PROJECTION UNITY_SPECCUBE_BLENDING UNITY_ENABLE_DETAIL_NORMALMAP SHADER_API_DESKTOP UNITY_COLORSPACE_GAMMA UNITY_LIGHT_PROBE_PROXY_VOLUME UNITY_LIGHTMAP_RGBM_ENCODING ok=1
Cmd: compileSnippet
  api=4 type=1 insize=5757 outsize=2770 kw=UNITY_PASS_FORWARDBASE DIRECTIONAL pd=UNITY_ENABLE_REFLECTION_BUFFERS UNITY_USE_DITHER_MASK_FOR_ALPHABLENDED_SHADOWS UNITY_PBS_USE_BRDF1 UNITY_SPECCUBE_BOX_PROJECTION UNITY_SPECCUBE_BLENDING UNITY_ENABLE_DETAIL_NORMALMAP SHADER_API_DESKTOP UNITY_COLORSPACE_GAMMA UNITY_LIGHT_PROBE_PROXY_VOLUME UNITY_LIGHTMAP_RGBM_ENCODING ok=1
Cmd: compileSnippet
  api=4 type=0 insize=5757 outsize=2030 kw=UNITY_PASS_FORWARDBASE DIRECTIONAL SHADOWS_SCREEN LIGHTMAP_ON LIGHTMAP_SHADOW_MIXING pd=UNITY_ENABLE_REFLECTION_BUFFERS UNITY_NO_SCREENSPACE_SHADOWS UNITY_PBS_USE_BRDF3 UNITY_SPECCUBE_BOX_PROJECTION SHADER_API_DESKTOP UNITY_COLORSPACE_GAMMA UNITY_LIGHTMAP_RGBM_ENCODING ok=1
Cmd: compileSnippet
  api=4 type=1 insize=5757 outsize=2742 kw=UNITY_PASS_FORWARDBASE DIRECTIONAL SHADOWS_SCREEN LIGHTMAP_ON LIGHTMAP_SHADOW_MIXING pd=UNITY_ENABLE_REFLECTION_BUFFERS UNITY_NO_SCREENSPACE_SHADOWS UNITY_PBS_USE_BRDF3 UNITY_SPECCUBE_BOX_PROJECTION SHADER_API_DESKTOP UNITY_COLORSPACE_GAMMA UNITY_LIGHTMAP_RGBM_ENCODING ok=1
Cmd: preprocess
  insize=7255 outsize=1581 ok=1
Cmd: compileSnippet
  error: 1 plat 4 at (73): Output value 'vert' is not completely initialized\nCompiling Vertex program with UNITY_PASS_FORWARDBASE DIRECTIONAL
Platform defines: UNITY_ENABLE_REFLECTION_BUFFERS UNITY_USE_DITHER_MASK_FOR_ALPHABLENDED_SHADOWS UNITY_PBS_USE_BRDF1 UNITY_SPECCUBE_BOX_PROJECTION UNITY_SPECCUBE_BLENDING UNITY_ENABLE_DETAIL_NORMALMAP SHADER_API_DESKTOP UNITY_COLORSPACE_GAMMA UNITY_LIGHT_PROBE_PROXY_VOLUME UNITY_LIGHTMAP_RGBM_ENCODING
  api=4 type=0 insize=5757 outsize=1810 kw=UNITY_PASS_FORWARDBASE DIRECTIONAL pd=UNITY_ENABLE_REFLECTION_BUFFERS UNITY_USE_DITHER_MASK_FOR_ALPHABLENDED_SHADOWS UNITY_PBS_USE_BRDF1 UNITY_SPECCUBE_BOX_PROJECTION UNITY_SPECCUBE_BLENDING UNITY_ENABLE_DETAIL_NORMALMAP SHADER_API_DESKTOP UNITY_COLORSPACE_GAMMA UNITY_LIGHT_PROBE_PROXY_VOLUME UNITY_LIGHTMAP_RGBM_ENCODING ok=1
Cmd: compileSnippet
  api=4 type=1 insize=5757 outsize=2750 kw=UNITY_PASS_FORWARDBASE DIRECTIONAL pd=UNITY_ENABLE_REFLECTION_BUFFERS UNITY_USE_DITHER_MASK_FOR_ALPHABLENDED_SHADOWS UNITY_PBS_USE_BRDF1 UNITY_SPECCUBE_BOX_PROJECTION UNITY_SPECCUBE_BLENDING UNITY_ENABLE_DETAIL_NORMALMAP SHADER_API_DESKTOP UNITY_COLORSPACE_GAMMA UNITY_LIGHT_PROBE_PROXY_VOLUME UNITY_LIGHTMAP_RGBM_ENCODING ok=1
Cmd: compileSnippet
  api=4 type=0 insize=5757 outsize=2030 kw=UNITY_PASS_FORWARDBASE DIRECTIONAL SHADOWS_SCREEN LIGHTMAP_ON LIGHTMAP_SHADOW_MIXING pd=UNITY_ENABLE_REFLECTION_BUFFERS UNITY_NO_SCREENSPACE_SHADOWS UNITY_PBS_USE_BRDF3 UNITY_SPECCUBE_BOX_PROJECTION SHADER_API_DESKTOP UNITY_COLORSPACE_GAMMA UNITY_LIGHTMAP_RGBM_ENCODING ok=1
Cmd: compileSnippet
  api=4 type=1 insize=5757 outsize=2722 kw=UNITY_PASS_FORWARDBASE DIRECTIONAL SHADOWS_SCREEN LIGHTMAP_ON LIGHTMAP_SHADOW_MIXING pd=UNITY_ENABLE_REFLECTION_BUFFERS UNITY_NO_SCREENSPACE_SHADOWS UNITY_PBS_USE_BRDF3 UNITY_SPECCUBE_BOX_PROJECTION SHADER_API_DESKTOP UNITY_COLORSPACE_GAMMA UNITY_LIGHTMAP_RGBM_ENCODING ok=1
Cmd: compileSnippet
  error: 1 plat 4 at (73): Output value 'vert' is not completely initialized\nCompiling Vertex program with UNITY_PASS_FORWARDBASE DIRECTIONAL
Platform defines: UNITY_ENABLE_REFLECTION_BUFFERS UNITY_NO_SCREENSPACE_SHADOWS UNITY_PBS_USE_BRDF3 UNITY_SPECCUBE_BOX_PROJECTION SHADER_API_DESKTOP UNITY_COLORSPACE_GAMMA UNITY_LIGHTMAP_RGBM_ENCODING
  api=4 type=0 insize=5757 outsize=1810 kw=UNITY_PASS_FORWARDBASE DIRECTIONAL pd=UNITY_ENABLE_REFLECTION_BUFFERS UNITY_NO_SCREENSPACE_SHADOWS UNITY_PBS_USE_BRDF3 UNITY_SPECCUBE_BOX_PROJECTION SHADER_API_DESKTOP UNITY_COLORSPACE_GAMMA UNITY_LIGHTMAP_RGBM_ENCODING ok=1
Cmd: compileSnippet
  api=4 type=1 insize=5757 outsize=2750 kw=UNITY_PASS_FORWARDBASE DIRECTIONAL pd=UNITY_ENABLE_REFLECTION_BUFFERS UNITY_NO_SCREENSPACE_SHADOWS UNITY_PBS_USE_BRDF3 UNITY_SPECCUBE_BOX_PROJECTION SHADER_API_DESKTOP UNITY_COLORSPACE_GAMMA UNITY_LIGHTMAP_RGBM_ENCODING ok=1
Cmd: compileSnippet
  error: 1 plat 4 at (73): Output value 'vert' is not completely initialized\nCompiling Vertex program with UNITY_PASS_FORWARDBASE DIRECTIONAL LIGHTPROBE_SH
Platform defines: UNITY_ENABLE_REFLECTION_BUFFERS UNITY_NO_SCREENSPACE_SHADOWS UNITY_PBS_USE_BRDF3 UNITY_SPECCUBE_BOX_PROJECTION SHADER_API_DESKTOP UNITY_COLORSPACE_GAMMA UNITY_LIGHTMAP_RGBM_ENCODING
  api=4 type=0 insize=5757 outsize=1810 kw=UNITY_PASS_FORWARDBASE DIRECTIONAL LIGHTPROBE_SH pd=UNITY_ENABLE_REFLECTION_BUFFERS UNITY_NO_SCREENSPACE_SHADOWS UNITY_PBS_USE_BRDF3 UNITY_SPECCUBE_BOX_PROJECTION SHADER_API_DESKTOP UNITY_COLORSPACE_GAMMA UNITY_LIGHTMAP_RGBM_ENCODING ok=1
Cmd: compileSnippet
  api=4 type=1 insize=5757 outsize=2750 kw=UNITY_PASS_FORWARDBASE DIRECTIONAL LIGHTPROBE_SH pd=UNITY_ENABLE_REFLECTION_BUFFERS UNITY_NO_SCREENSPACE_SHADOWS UNITY_PBS_USE_BRDF3 UNITY_SPECCUBE_BOX_PROJECTION SHADER_API_DESKTOP UNITY_COLORSPACE_GAMMA UNITY_LIGHTMAP_RGBM_ENCODING ok=1
Cmd: preprocess
  insize=7252 outsize=1580 ok=1
Cmd: compileSnippet
  error: 1 plat 4 at (73): Output value 'vert' is not completely initialized\nCompiling Vertex program with UNITY_PASS_FORWARDBASE DIRECTIONAL
Platform defines: UNITY_ENABLE_REFLECTION_BUFFERS UNITY_USE_DITHER_MASK_FOR_ALPHABLENDED_SHADOWS UNITY_PBS_USE_BRDF1 UNITY_SPECCUBE_BOX_PROJECTION UNITY_SPECCUBE_BLENDING UNITY_ENABLE_DETAIL_NORMALMAP SHADER_API_DESKTOP UNITY_COLORSPACE_GAMMA UNITY_LIGHT_PROBE_PROXY_VOLUME UNITY_LIGHTMAP_RGBM_ENCODING
  api=4 type=0 insize=5754 outsize=1810 kw=UNITY_PASS_FORWARDBASE DIRECTIONAL pd=UNITY_ENABLE_REFLECTION_BUFFERS UNITY_USE_DITHER_MASK_FOR_ALPHABLENDED_SHADOWS UNITY_PBS_USE_BRDF1 UNITY_SPECCUBE_BOX_PROJECTION UNITY_SPECCUBE_BLENDING UNITY_ENABLE_DETAIL_NORMALMAP SHADER_API_DESKTOP UNITY_COLORSPACE_GAMMA UNITY_LIGHT_PROBE_PROXY_VOLUME UNITY_LIGHTMAP_RGBM_ENCODING ok=1
Cmd: compileSnippet
  api=4 type=1 insize=5754 outsize=3882 kw=UNITY_PASS_FORWARDBASE DIRECTIONAL pd=UNITY_ENABLE_REFLECTION_BUFFERS UNITY_USE_DITHER_MASK_FOR_ALPHABLENDED_SHADOWS UNITY_PBS_USE_BRDF1 UNITY_SPECCUBE_BOX_PROJECTION UNITY_SPECCUBE_BLENDING UNITY_ENABLE_DETAIL_NORMALMAP SHADER_API_DESKTOP UNITY_COLORSPACE_GAMMA UNITY_LIGHT_PROBE_PROXY_VOLUME UNITY_LIGHTMAP_RGBM_ENCODING ok=1
Cmd: compileSnippet
  api=4 type=0 insize=5754 outsize=2030 kw=UNITY_PASS_FORWARDBASE DIRECTIONAL SHADOWS_SCREEN LIGHTMAP_ON LIGHTMAP_SHADOW_MIXING pd=UNITY_ENABLE_REFLECTION_BUFFERS UNITY_NO_SCREENSPACE_SHADOWS UNITY_PBS_USE_BRDF3 UNITY_SPECCUBE_BOX_PROJECTION SHADER_API_DESKTOP UNITY_COLORSPACE_GAMMA UNITY_LIGHTMAP_RGBM_ENCODING ok=1
Cmd: compileSnippet
  api=4 type=1 insize=5754 outsize=3434 kw=UNITY_PASS_FORWARDBASE DIRECTIONAL SHADOWS_SCREEN LIGHTMAP_ON LIGHTMAP_SHADOW_MIXING pd=UNITY_ENABLE_REFLECTION_BUFFERS UNITY_NO_SCREENSPACE_SHADOWS UNITY_PBS_USE_BRDF3 UNITY_SPECCUBE_BOX_PROJECTION SHADER_API_DESKTOP UNITY_COLORSPACE_GAMMA UNITY_LIGHTMAP_RGBM_ENCODING ok=1
Cmd: compileSnippet
  error: 1 plat 4 at (73): Output value 'vert' is not completely initialized\nCompiling Vertex program with UNITY_PASS_FORWARDBASE DIRECTIONAL
Platform defines: UNITY_ENABLE_REFLECTION_BUFFERS UNITY_NO_SCREENSPACE_SHADOWS UNITY_PBS_USE_BRDF3 UNITY_SPECCUBE_BOX_PROJECTION SHADER_API_DESKTOP UNITY_COLORSPACE_GAMMA UNITY_LIGHTMAP_RGBM_ENCODING
  api=4 type=0 insize=5754 outsize=1810 kw=UNITY_PASS_FORWARDBASE DIRECTIONAL pd=UNITY_ENABLE_REFLECTION_BUFFERS UNITY_NO_SCREENSPACE_SHADOWS UNITY_PBS_USE_BRDF3 UNITY_SPECCUBE_BOX_PROJECTION SHADER_API_DESKTOP UNITY_COLORSPACE_GAMMA UNITY_LIGHTMAP_RGBM_ENCODING ok=1
Cmd: compileSnippet
  api=4 type=1 insize=5754 outsize=3258 kw=UNITY_PASS_FORWARDBASE DIRECTIONAL pd=UNITY_ENABLE_REFLECTION_BUFFERS UNITY_NO_SCREENSPACE_SHADOWS UNITY_PBS_USE_BRDF3 UNITY_SPECCUBE_BOX_PROJECTION SHADER_API_DESKTOP UNITY_COLORSPACE_GAMMA UNITY_LIGHTMAP_RGBM_ENCODING ok=1
Cmd: compileSnippet
  error: 1 plat 4 at (73): Output value 'vert' is not completely initialized\nCompiling Vertex program with UNITY_PASS_FORWARDBASE DIRECTIONAL LIGHTPROBE_SH
Platform defines: UNITY_ENABLE_REFLECTION_BUFFERS UNITY_NO_SCREENSPACE_SHADOWS UNITY_PBS_USE_BRDF3 UNITY_SPECCUBE_BOX_PROJECTION SHADER_API_DESKTOP UNITY_COLORSPACE_GAMMA UNITY_LIGHTMAP_RGBM_ENCODING
  api=4 type=0 insize=5754 outsize=1810 kw=UNITY_PASS_FORWARDBASE DIRECTIONAL LIGHTPROBE_SH pd=UNITY_ENABLE_REFLECTION_BUFFERS UNITY_NO_SCREENSPACE_SHADOWS UNITY_PBS_USE_BRDF3 UNITY_SPECCUBE_BOX_PROJECTION SHADER_API_DESKTOP UNITY_COLORSPACE_GAMMA UNITY_LIGHTMAP_RGBM_ENCODING ok=1
Cmd: compileSnippet
  api=4 type=1 insize=5754 outsize=3258 kw=UNITY_PASS_FORWARDBASE DIRECTIONAL LIGHTPROBE_SH pd=UNITY_ENABLE_REFLECTION_BUFFERS UNITY_NO_SCREENSPACE_SHADOWS UNITY_PBS_USE_BRDF3 UNITY_SPECCUBE_BOX_PROJECTION SHADER_API_DESKTOP UNITY_COLORSPACE_GAMMA UNITY_LIGHTMAP_RGBM_ENCODING ok=1
Cmd: compileSnippet
  error: 1 plat 4 at (73): Output value 'vert' is not completely initialized\nCompiling Vertex program with UNITY_PASS_FORWARDBASE DIRECTIONAL LIGHTMAP_ON
Platform defines: UNITY_ENABLE_REFLECTION_BUFFERS UNITY_NO_SCREENSPACE_SHADOWS UNITY_PBS_USE_BRDF3 UNITY_SPECCUBE_BOX_PROJECTION SHADER_API_DESKTOP UNITY_COLORSPACE_GAMMA UNITY_LIGHTMAP_RGBM_ENCODING
  api=4 type=0 insize=5754 outsize=1810 kw=UNITY_PASS_FORWARDBASE DIRECTIONAL LIGHTMAP_ON pd=UNITY_ENABLE_REFLECTION_BUFFERS UNITY_NO_SCREENSPACE_SHADOWS UNITY_PBS_USE_BRDF3 UNITY_SPECCUBE_BOX_PROJECTION SHADER_API_DESKTOP UNITY_COLORSPACE_GAMMA UNITY_LIGHTMAP_RGBM_ENCODING ok=1
Cmd: compileSnippet
  api=4 type=1 insize=5754 outsize=3258 kw=UNITY_PASS_FORWARDBASE DIRECTIONAL LIGHTMAP_ON pd=UNITY_ENABLE_REFLECTION_BUFFERS UNITY_NO_SCREENSPACE_SHADOWS UNITY_PBS_USE_BRDF3 UNITY_SPECCUBE_BOX_PROJECTION SHADER_API_DESKTOP UNITY_COLORSPACE_GAMMA UNITY_LIGHTMAP_RGBM_ENCODING ok=1
Cmd: compileSnippet
  api=4 type=0 insize=1808 outsize=2642 kw=UNITY_PASS_FORWARDBASE DIRECTIONAL LIGHTMAP_ON _NORMALMAP _METALLICGLOSSMAP _VERTEXCOLOR _GLOSSYREFLECTIONS_OFF pd=UNITY_ENABLE_REFLECTION_BUFFERS UNITY_NO_SCREENSPACE_SHADOWS UNITY_PBS_USE_BRDF3 UNITY_SPECCUBE_BOX_PROJECTION SHADER_API_DESKTOP UNITY_COLORSPACE_GAMMA UNITY_LIGHTMAP_RGBM_ENCODING ok=1
Cmd: compileSnippet
  api=4 type=1 insize=1808 outsize=2066 kw=UNITY_PASS_FORWARDBASE DIRECTIONAL LIGHTMAP_ON _NORMALMAP _METALLICGLOSSMAP _VERTEXCOLOR _GLOSSYREFLECTIONS_OFF pd=UNITY_ENABLE_REFLECTION_BUFFERS UNITY_NO_SCREENSPACE_SHADOWS UNITY_PBS_USE_BRDF3 UNITY_SPECCUBE_BOX_PROJECTION SHADER_API_DESKTOP UNITY_COLORSPACE_GAMMA UNITY_LIGHTMAP_RGBM_ENCODING ok=1
Cmd: compileSnippet
  api=4 type=0 insize=1808 outsize=2582 kw=UNITY_PASS_FORWARDBASE DIRECTIONAL _NORMALMAP _METALLICGLOSSMAP _VERTEXCOLOR _GLOSSYREFLECTIONS_OFF pd=UNITY_ENABLE_REFLECTION_BUFFERS UNITY_NO_SCREENSPACE_SHADOWS UNITY_PBS_USE_BRDF3 UNITY_SPECCUBE_BOX_PROJECTION SHADER_API_DESKTOP UNITY_COLORSPACE_GAMMA UNITY_LIGHTMAP_RGBM_ENCODING ok=1
Cmd: compileSnippet
  api=4 type=1 insize=1808 outsize=1846 kw=UNITY_PASS_FORWARDBASE DIRECTIONAL _NORMALMAP _METALLICGLOSSMAP _VERTEXCOLOR _GLOSSYREFLECTIONS_OFF pd=UNITY_ENABLE_REFLECTION_BUFFERS UNITY_NO_SCREENSPACE_SHADOWS UNITY_PBS_USE_BRDF3 UNITY_SPECCUBE_BOX_PROJECTION SHADER_API_DESKTOP UNITY_COLORSPACE_GAMMA UNITY_LIGHTMAP_RGBM_ENCODING ok=1
Cmd: compileSnippet
  api=4 type=0 insize=1808 outsize=3166 kw=UNITY_PASS_FORWARDBASE DIRECTIONAL LIGHTPROBE_SH _NORMALMAP _METALLICGLOSSMAP _VERTEXCOLOR _GLOSSYREFLECTIONS_OFF pd=UNITY_ENABLE_REFLECTION_BUFFERS UNITY_NO_SCREENSPACE_SHADOWS UNITY_PBS_USE_BRDF3 UNITY_SPECCUBE_BOX_PROJECTION SHADER_API_DESKTOP UNITY_COLORSPACE_GAMMA UNITY_LIGHTMAP_RGBM_ENCODING ok=1
Cmd: compileSnippet
  api=4 type=1 insize=1808 outsize=1922 kw=UNITY_PASS_FORWARDBASE DIRECTIONAL LIGHTPROBE_SH _NORMALMAP _METALLICGLOSSMAP _VERTEXCOLOR _GLOSSYREFLECTIONS_OFF pd=UNITY_ENABLE_REFLECTION_BUFFERS UNITY_NO_SCREENSPACE_SHADOWS UNITY_PBS_USE_BRDF3 UNITY_SPECCUBE_BOX_PROJECTION SHADER_API_DESKTOP UNITY_COLORSPACE_GAMMA UNITY_LIGHTMAP_RGBM_ENCODING ok=1
Cmd: compileSnippet
  api=4 type=0 insize=1808 outsize=2642 kw=UNITY_PASS_FORWARDBASE DIRECTIONAL LIGHTMAP_ON _NORMALMAP _METALLICGLOSSMAP _VERTEXCOLOR _SPECULARHIGHLIGHTS_OFF pd=UNITY_ENABLE_REFLECTION_BUFFERS UNITY_NO_SCREENSPACE_SHADOWS UNITY_PBS_USE_BRDF3 UNITY_SPECCUBE_BOX_PROJECTION SHADER_API_DESKTOP UNITY_COLORSPACE_GAMMA UNITY_LIGHTMAP_RGBM_ENCODING ok=1
Cmd: compileSnippet
  api=4 type=1 insize=1808 outsize=2206 kw=UNITY_PASS_FORWARDBASE DIRECTIONAL LIGHTMAP_ON _NORMALMAP _METALLICGLOSSMAP _VERTEXCOLOR _SPECULARHIGHLIGHTS_OFF pd=UNITY_ENABLE_REFLECTION_BUFFERS UNITY_NO_SCREENSPACE_SHADOWS UNITY_PBS_USE_BRDF3 UNITY_SPECCUBE_BOX_PROJECTION SHADER_API_DESKTOP UNITY_COLORSPACE_GAMMA UNITY_LIGHTMAP_RGBM_ENCODING ok=1
Cmd: compileSnippet
  api=4 type=0 insize=1808 outsize=2582 kw=UNITY_PASS_FORWARDBASE DIRECTIONAL _NORMALMAP _METALLICGLOSSMAP _VERTEXCOLOR _SPECULARHIGHLIGHTS_OFF pd=UNITY_ENABLE_REFLECTION_BUFFERS UNITY_NO_SCREENSPACE_SHADOWS UNITY_PBS_USE_BRDF3 UNITY_SPECCUBE_BOX_PROJECTION SHADER_API_DESKTOP UNITY_COLORSPACE_GAMMA UNITY_LIGHTMAP_RGBM_ENCODING ok=1
Cmd: compileSnippet
  api=4 type=1 insize=1808 outsize=2290 kw=UNITY_PASS_FORWARDBASE DIRECTIONAL _NORMALMAP _METALLICGLOSSMAP _VERTEXCOLOR _SPECULARHIGHLIGHTS_OFF pd=UNITY_ENABLE_REFLECTION_BUFFERS UNITY_NO_SCREENSPACE_SHADOWS UNITY_PBS_USE_BRDF3 UNITY_SPECCUBE_BOX_PROJECTION SHADER_API_DESKTOP UNITY_COLORSPACE_GAMMA UNITY_LIGHTMAP_RGBM_ENCODING ok=1
Cmd: compileSnippet
  api=4 type=0 insize=1808 outsize=3166 kw=UNITY_PASS_FORWARDBASE DIRECTIONAL LIGHTPROBE_SH _NORMALMAP _METALLICGLOSSMAP _VERTEXCOLOR _SPECULARHIGHLIGHTS_OFF pd=UNITY_ENABLE_REFLECTION_BUFFERS UNITY_NO_SCREENSPACE_SHADOWS UNITY_PBS_USE_BRDF3 UNITY_SPECCUBE_BOX_PROJECTION SHADER_API_DESKTOP UNITY_COLORSPACE_GAMMA UNITY_LIGHTMAP_RGBM_ENCODING ok=1
Cmd: compileSnippet
  api=4 type=1 insize=1808 outsize=2366 kw=UNITY_PASS_FORWARDBASE DIRECTIONAL LIGHTPROBE_SH _NORMALMAP _METALLICGLOSSMAP _VERTEXCOLOR _SPECULARHIGHLIGHTS_OFF pd=UNITY_ENABLE_REFLECTION_BUFFERS UNITY_NO_SCREENSPACE_SHADOWS UNITY_PBS_USE_BRDF3 UNITY_SPECCUBE_BOX_PROJECTION SHADER_API_DESKTOP UNITY_COLORSPACE_GAMMA UNITY_LIGHTMAP_RGBM_ENCODING ok=1
Cmd: compileSnippet
  api=4 type=0 insize=1630 outsize=2426 kw=UNITY_PASS_FORWARDADD DIRECTIONAL _NORMALMAP _METALLICGLOSSMAP _VERTEXCOLOR _SPECULARHIGHLIGHTS_OFF pd=UNITY_ENABLE_REFLECTION_BUFFERS UNITY_NO_SCREENSPACE_SHADOWS UNITY_PBS_USE_BRDF3 UNITY_SPECCUBE_BOX_PROJECTION SHADER_API_DESKTOP UNITY_COLORSPACE_GAMMA UNITY_LIGHTMAP_RGBM_ENCODING ok=1
Cmd: compileSnippet
  api=4 type=1 insize=1630 outsize=1086 kw=UNITY_PASS_FORWARDADD DIRECTIONAL _NORMALMAP _METALLICGLOSSMAP _VERTEXCOLOR _SPECULARHIGHLIGHTS_OFF pd=UNITY_ENABLE_REFLECTION_BUFFERS UNITY_NO_SCREENSPACE_SHADOWS UNITY_PBS_USE_BRDF3 UNITY_SPECCUBE_BOX_PROJECTION SHADER_API_DESKTOP UNITY_COLORSPACE_GAMMA UNITY_LIGHTMAP_RGBM_ENCODING ok=1
Cmd: preprocess
  insize=7250 outsize=1581 ok=1
Cmd: compileSnippet
  error: 1 plat 4 at (73): Output value 'vert' is not completely initialized\nCompiling Vertex program with UNITY_PASS_FORWARDBASE DIRECTIONAL
Platform defines: UNITY_ENABLE_REFLECTION_BUFFERS UNITY_USE_DITHER_MASK_FOR_ALPHABLENDED_SHADOWS UNITY_PBS_USE_BRDF1 UNITY_SPECCUBE_BOX_PROJECTION UNITY_SPECCUBE_BLENDING UNITY_ENABLE_DETAIL_NORMALMAP SHADER_API_DESKTOP UNITY_COLORSPACE_GAMMA UNITY_LIGHT_PROBE_PROXY_VOLUME UNITY_LIGHTMAP_RGBM_ENCODING
  api=4 type=0 insize=5752 outsize=1810 kw=UNITY_PASS_FORWARDBASE DIRECTIONAL pd=UNITY_ENABLE_REFLECTION_BUFFERS UNITY_USE_DITHER_MASK_FOR_ALPHABLENDED_SHADOWS UNITY_PBS_USE_BRDF1 UNITY_SPECCUBE_BOX_PROJECTION UNITY_SPECCUBE_BLENDING UNITY_ENABLE_DETAIL_NORMALMAP SHADER_API_DESKTOP UNITY_COLORSPACE_GAMMA UNITY_LIGHT_PROBE_PROXY_VOLUME UNITY_LIGHTMAP_RGBM_ENCODING ok=1
Cmd: compileSnippet
  api=4 type=1 insize=5752 outsize=3878 kw=UNITY_PASS_FORWARDBASE DIRECTIONAL pd=UNITY_ENABLE_REFLECTION_BUFFERS UNITY_USE_DITHER_MASK_FOR_ALPHABLENDED_SHADOWS UNITY_PBS_USE_BRDF1 UNITY_SPECCUBE_BOX_PROJECTION UNITY_SPECCUBE_BLENDING UNITY_ENABLE_DETAIL_NORMALMAP SHADER_API_DESKTOP UNITY_COLORSPACE_GAMMA UNITY_LIGHT_PROBE_PROXY_VOLUME UNITY_LIGHTMAP_RGBM_ENCODING ok=1
Cmd: compileSnippet
  error: 1 plat 4 at (73): Output value 'vert' is not completely initialized\nCompiling Vertex program with UNITY_PASS_FORWARDBASE DIRECTIONAL LIGHTMAP_ON
Platform defines: UNITY_ENABLE_REFLECTION_BUFFERS UNITY_NO_SCREENSPACE_SHADOWS UNITY_PBS_USE_BRDF3 UNITY_SPECCUBE_BOX_PROJECTION SHADER_API_DESKTOP UNITY_COLORSPACE_GAMMA UNITY_LIGHTMAP_RGBM_ENCODING
  api=4 type=0 insize=5752 outsize=1810 kw=UNITY_PASS_FORWARDBASE DIRECTIONAL LIGHTMAP_ON pd=UNITY_ENABLE_REFLECTION_BUFFERS UNITY_NO_SCREENSPACE_SHADOWS UNITY_PBS_USE_BRDF3 UNITY_SPECCUBE_BOX_PROJECTION SHADER_API_DESKTOP UNITY_COLORSPACE_GAMMA UNITY_LIGHTMAP_RGBM_ENCODING ok=1
Cmd: compileSnippet
  api=4 type=1 insize=5752 outsize=3254 kw=UNITY_PASS_FORWARDBASE DIRECTIONAL LIGHTMAP_ON pd=UNITY_ENABLE_REFLECTION_BUFFERS UNITY_NO_SCREENSPACE_SHADOWS UNITY_PBS_USE_BRDF3 UNITY_SPECCUBE_BOX_PROJECTION SHADER_API_DESKTOP UNITY_COLORSPACE_GAMMA UNITY_LIGHTMAP_RGBM_ENCODING ok=1
Cmd: compileSnippet
  error: 1 plat 4 at (73): Output value 'vert' is not completely initialized\nCompiling Vertex program with UNITY_PASS_FORWARDBASE DIRECTIONAL
Platform defines: UNITY_ENABLE_REFLECTION_BUFFERS UNITY_NO_SCREENSPACE_SHADOWS UNITY_PBS_USE_BRDF3 UNITY_SPECCUBE_BOX_PROJECTION SHADER_API_DESKTOP UNITY_COLORSPACE_GAMMA UNITY_LIGHTMAP_RGBM_ENCODING
  api=4 type=0 insize=5752 outsize=1810 kw=UNITY_PASS_FORWARDBASE DIRECTIONAL pd=UNITY_ENABLE_REFLECTION_BUFFERS UNITY_NO_SCREENSPACE_SHADOWS UNITY_PBS_USE_BRDF3 UNITY_SPECCUBE_BOX_PROJECTION SHADER_API_DESKTOP UNITY_COLORSPACE_GAMMA UNITY_LIGHTMAP_RGBM_ENCODING ok=1
Cmd: compileSnippet
  api=4 type=1 insize=5752 outsize=3254 kw=UNITY_PASS_FORWARDBASE DIRECTIONAL pd=UNITY_ENABLE_REFLECTION_BUFFERS UNITY_NO_SCREENSPACE_SHADOWS UNITY_PBS_USE_BRDF3 UNITY_SPECCUBE_BOX_PROJECTION SHADER_API_DESKTOP UNITY_COLORSPACE_GAMMA UNITY_LIGHTMAP_RGBM_ENCODING ok=1
Cmd: compileSnippet
  error: 1 plat 4 at (73): Output value 'vert' is not completely initialized\nCompiling Vertex program with UNITY_PASS_FORWARDBASE DIRECTIONAL LIGHTPROBE_SH
Platform defines: UNITY_ENABLE_REFLECTION_BUFFERS UNITY_NO_SCREENSPACE_SHADOWS UNITY_PBS_USE_BRDF3 UNITY_SPECCUBE_BOX_PROJECTION SHADER_API_DESKTOP UNITY_COLORSPACE_GAMMA UNITY_LIGHTMAP_RGBM_ENCODING
  api=4 type=0 insize=5752 outsize=1810 kw=UNITY_PASS_FORWARDBASE DIRECTIONAL LIGHTPROBE_SH pd=UNITY_ENABLE_REFLECTION_BUFFERS UNITY_NO_SCREENSPACE_SHADOWS UNITY_PBS_USE_BRDF3 UNITY_SPECCUBE_BOX_PROJECTION SHADER_API_DESKTOP UNITY_COLORSPACE_GAMMA UNITY_LIGHTMAP_RGBM_ENCODING ok=1
Cmd: compileSnippet
  api=4 type=1 insize=5752 outsize=3254 kw=UNITY_PASS_FORWARDBASE DIRECTIONAL LIGHTPROBE_SH pd=UNITY_ENABLE_REFLECTION_BUFFERS UNITY_NO_SCREENSPACE_SHADOWS UNITY_PBS_USE_BRDF3 UNITY_SPECCUBE_BOX_PROJECTION SHADER_API_DESKTOP UNITY_COLORSPACE_GAMMA UNITY_LIGHTMAP_RGBM_ENCODING ok=1
Cmd: preprocess
  insize=7254 outsize=1581 ok=1
Cmd: compileSnippet
  error: 1 plat 4 at (73): Output value 'vert' is not completely initialized\nCompiling Vertex program with UNITY_PASS_FORWARDBASE DIRECTIONAL
Platform defines: UNITY_ENABLE_REFLECTION_BUFFERS UNITY_USE_DITHER_MASK_FOR_ALPHABLENDED_SHADOWS UNITY_PBS_USE_BRDF1 UNITY_SPECCUBE_BOX_PROJECTION UNITY_SPECCUBE_BLENDING UNITY_ENABLE_DETAIL_NORMALMAP SHADER_API_DESKTOP UNITY_COLORSPACE_GAMMA UNITY_LIGHT_PROBE_PROXY_VOLUME UNITY_LIGHTMAP_RGBM_ENCODING
  api=4 type=0 insize=5756 outsize=1810 kw=UNITY_PASS_FORWARDBASE DIRECTIONAL pd=UNITY_ENABLE_REFLECTION_BUFFERS UNITY_USE_DITHER_MASK_FOR_ALPHABLENDED_SHADOWS UNITY_PBS_USE_BRDF1 UNITY_SPECCUBE_BOX_PROJECTION UNITY_SPECCUBE_BLENDING UNITY_ENABLE_DETAIL_NORMALMAP SHADER_API_DESKTOP UNITY_COLORSPACE_GAMMA UNITY_LIGHT_PROBE_PROXY_VOLUME UNITY_LIGHTMAP_RGBM_ENCODING ok=1
Cmd: compileSnippet
  api=4 type=1 insize=5756 outsize=3882 kw=UNITY_PASS_FORWARDBASE DIRECTIONAL pd=UNITY_ENABLE_REFLECTION_BUFFERS UNITY_USE_DITHER_MASK_FOR_ALPHABLENDED_SHADOWS UNITY_PBS_USE_BRDF1 UNITY_SPECCUBE_BOX_PROJECTION UNITY_SPECCUBE_BLENDING UNITY_ENABLE_DETAIL_NORMALMAP SHADER_API_DESKTOP UNITY_COLORSPACE_GAMMA UNITY_LIGHT_PROBE_PROXY_VOLUME UNITY_LIGHTMAP_RGBM_ENCODING ok=1
Cmd: compileSnippet
  error: 1 plat 4 at (73): Output value 'vert' is not completely initialized\nCompiling Vertex program with UNITY_PASS_FORWARDBASE DIRECTIONAL LIGHTMAP_ON
Platform defines: UNITY_ENABLE_REFLECTION_BUFFERS UNITY_NO_SCREENSPACE_SHADOWS UNITY_PBS_USE_BRDF3 UNITY_SPECCUBE_BOX_PROJECTION SHADER_API_DESKTOP UNITY_COLORSPACE_GAMMA UNITY_LIGHTMAP_RGBM_ENCODING
  api=4 type=0 insize=5756 outsize=1810 kw=UNITY_PASS_FORWARDBASE DIRECTIONAL LIGHTMAP_ON pd=UNITY_ENABLE_REFLECTION_BUFFERS UNITY_NO_SCREENSPACE_SHADOWS UNITY_PBS_USE_BRDF3 UNITY_SPECCUBE_BOX_PROJECTION SHADER_API_DESKTOP UNITY_COLORSPACE_GAMMA UNITY_LIGHTMAP_RGBM_ENCODING ok=1
Cmd: compileSnippet
  api=4 type=1 insize=5756 outsize=3258 kw=UNITY_PASS_FORWARDBASE DIRECTIONAL LIGHTMAP_ON pd=UNITY_ENABLE_REFLECTION_BUFFERS UNITY_NO_SCREENSPACE_SHADOWS UNITY_PBS_USE_BRDF3 UNITY_SPECCUBE_BOX_PROJECTION SHADER_API_DESKTOP UNITY_COLORSPACE_GAMMA UNITY_LIGHTMAP_RGBM_ENCODING ok=1
Cmd: compileSnippet
  error: 1 plat 4 at (73): Output value 'vert' is not completely initialized\nCompiling Vertex program with UNITY_PASS_FORWARDBASE DIRECTIONAL
Platform defines: UNITY_ENABLE_REFLECTION_BUFFERS UNITY_NO_SCREENSPACE_SHADOWS UNITY_PBS_USE_BRDF3 UNITY_SPECCUBE_BOX_PROJECTION SHADER_API_DESKTOP UNITY_COLORSPACE_GAMMA UNITY_LIGHTMAP_RGBM_ENCODING
  api=4 type=0 insize=5756 outsize=1810 kw=UNITY_PASS_FORWARDBASE DIRECTIONAL pd=UNITY_ENABLE_REFLECTION_BUFFERS UNITY_NO_SCREENSPACE_SHADOWS UNITY_PBS_USE_BRDF3 UNITY_SPECCUBE_BOX_PROJECTION SHADER_API_DESKTOP UNITY_COLORSPACE_GAMMA UNITY_LIGHTMAP_RGBM_ENCODING ok=1
Cmd: compileSnippet
  api=4 type=1 insize=5756 outsize=3258 kw=UNITY_PASS_FORWARDBASE DIRECTIONAL pd=UNITY_ENABLE_REFLECTION_BUFFERS UNITY_NO_SCREENSPACE_SHADOWS UNITY_PBS_USE_BRDF3 UNITY_SPECCUBE_BOX_PROJECTION SHADER_API_DESKTOP UNITY_COLORSPACE_GAMMA UNITY_LIGHTMAP_RGBM_ENCODING ok=1
Cmd: compileSnippet
  error: 1 plat 4 at (73): Output value 'vert' is not completely initialized\nCompiling Vertex program with UNITY_PASS_FORWARDBASE DIRECTIONAL LIGHTPROBE_SH
Platform defines: UNITY_ENABLE_REFLECTION_BUFFERS UNITY_NO_SCREENSPACE_SHADOWS UNITY_PBS_USE_BRDF3 UNITY_SPECCUBE_BOX_PROJECTION SHADER_API_DESKTOP UNITY_COLORSPACE_GAMMA UNITY_LIGHTMAP_RGBM_ENCODING
  api=4 type=0 insize=5756 outsize=1810 kw=UNITY_PASS_FORWARDBASE DIRECTIONAL LIGHTPROBE_SH pd=UNITY_ENABLE_REFLECTION_BUFFERS UNITY_NO_SCREENSPACE_SHADOWS UNITY_PBS_USE_BRDF3 UNITY_SPECCUBE_BOX_PROJECTION SHADER_API_DESKTOP UNITY_COLORSPACE_GAMMA UNITY_LIGHTMAP_RGBM_ENCODING ok=1
Cmd: compileSnippet
  api=4 type=1 insize=5756 outsize=3258 kw=UNITY_PASS_FORWARDBASE DIRECTIONAL LIGHTPROBE_SH pd=UNITY_ENABLE_REFLECTION_BUFFERS UNITY_NO_SCREENSPACE_SHADOWS UNITY_PBS_USE_BRDF3 UNITY_SPECCUBE_BOX_PROJECTION SHADER_API_DESKTOP UNITY_COLORSPACE_GAMMA UNITY_LIGHTMAP_RGBM_ENCODING ok=1
Cmd: preprocess
  insize=7249 outsize=1581 ok=1
Cmd: compileSnippet
  error: 1 plat 4 at (73): Output value 'vert' is not completely initialized\nCompiling Vertex program with UNITY_PASS_FORWARDBASE DIRECTIONAL
Platform defines: UNITY_ENABLE_REFLECTION_BUFFERS UNITY_USE_DITHER_MASK_FOR_ALPHABLENDED_SHADOWS UNITY_PBS_USE_BRDF1 UNITY_SPECCUBE_BOX_PROJECTION UNITY_SPECCUBE_BLENDING UNITY_ENABLE_DETAIL_NORMALMAP SHADER_API_DESKTOP UNITY_COLORSPACE_GAMMA UNITY_LIGHT_PROBE_PROXY_VOLUME UNITY_LIGHTMAP_RGBM_ENCODING
  api=4 type=0 insize=5751 outsize=1810 kw=UNITY_PASS_FORWARDBASE DIRECTIONAL pd=UNITY_ENABLE_REFLECTION_BUFFERS UNITY_USE_DITHER_MASK_FOR_ALPHABLENDED_SHADOWS UNITY_PBS_USE_BRDF1 UNITY_SPECCUBE_BOX_PROJECTION UNITY_SPECCUBE_BLENDING UNITY_ENABLE_DETAIL_NORMALMAP SHADER_API_DESKTOP UNITY_COLORSPACE_GAMMA UNITY_LIGHT_PROBE_PROXY_VOLUME UNITY_LIGHTMAP_RGBM_ENCODING ok=1
Cmd: compileSnippet
  api=4 type=1 insize=5751 outsize=3878 kw=UNITY_PASS_FORWARDBASE DIRECTIONAL pd=UNITY_ENABLE_REFLECTION_BUFFERS UNITY_USE_DITHER_MASK_FOR_ALPHABLENDED_SHADOWS UNITY_PBS_USE_BRDF1 UNITY_SPECCUBE_BOX_PROJECTION UNITY_SPECCUBE_BLENDING UNITY_ENABLE_DETAIL_NORMALMAP SHADER_API_DESKTOP UNITY_COLORSPACE_GAMMA UNITY_LIGHT_PROBE_PROXY_VOLUME UNITY_LIGHTMAP_RGBM_ENCODING ok=1
Cmd: compileSnippet
  error: 1 plat 4 at (73): Output value 'vert' is not completely initialized\nCompiling Vertex program with UNITY_PASS_FORWARDBASE DIRECTIONAL LIGHTMAP_ON
Platform defines: UNITY_ENABLE_REFLECTION_BUFFERS UNITY_NO_SCREENSPACE_SHADOWS UNITY_PBS_USE_BRDF3 UNITY_SPECCUBE_BOX_PROJECTION SHADER_API_DESKTOP UNITY_COLORSPACE_GAMMA UNITY_LIGHTMAP_RGBM_ENCODING
  api=4 type=0 insize=5751 outsize=1810 kw=UNITY_PASS_FORWARDBASE DIRECTIONAL LIGHTMAP_ON pd=UNITY_ENABLE_REFLECTION_BUFFERS UNITY_NO_SCREENSPACE_SHADOWS UNITY_PBS_USE_BRDF3 UNITY_SPECCUBE_BOX_PROJECTION SHADER_API_DESKTOP UNITY_COLORSPACE_GAMMA UNITY_LIGHTMAP_RGBM_ENCODING ok=1
Cmd: compileSnippet
  api=4 type=1 insize=5751 outsize=3254 kw=UNITY_PASS_FORWARDBASE DIRECTIONAL LIGHTMAP_ON pd=UNITY_ENABLE_REFLECTION_BUFFERS UNITY_NO_SCREENSPACE_SHADOWS UNITY_PBS_USE_BRDF3 UNITY_SPECCUBE_BOX_PROJECTION SHADER_API_DESKTOP UNITY_COLORSPACE_GAMMA UNITY_LIGHTMAP_RGBM_ENCODING ok=1
Cmd: compileSnippet
  error: 1 plat 4 at (73): Output value 'vert' is not completely initialized\nCompiling Vertex program with UNITY_PASS_FORWARDBASE DIRECTIONAL
Platform defines: UNITY_ENABLE_REFLECTION_BUFFERS UNITY_NO_SCREENSPACE_SHADOWS UNITY_PBS_USE_BRDF3 UNITY_SPECCUBE_BOX_PROJECTION SHADER_API_DESKTOP UNITY_COLORSPACE_GAMMA UNITY_LIGHTMAP_RGBM_ENCODING
  api=4 type=0 insize=5751 outsize=1810 kw=UNITY_PASS_FORWARDBASE DIRECTIONAL pd=UNITY_ENABLE_REFLECTION_BUFFERS UNITY_NO_SCREENSPACE_SHADOWS UNITY_PBS_USE_BRDF3 UNITY_SPECCUBE_BOX_PROJECTION SHADER_API_DESKTOP UNITY_COLORSPACE_GAMMA UNITY_LIGHTMAP_RGBM_ENCODING ok=1
Cmd: compileSnippet
  api=4 type=1 insize=5751 outsize=3254 kw=UNITY_PASS_FORWARDBASE DIRECTIONAL pd=UNITY_ENABLE_REFLECTION_BUFFERS UNITY_NO_SCREENSPACE_SHADOWS UNITY_PBS_USE_BRDF3 UNITY_SPECCUBE_BOX_PROJECTION SHADER_API_DESKTOP UNITY_COLORSPACE_GAMMA UNITY_LIGHTMAP_RGBM_ENCODING ok=1
Cmd: compileSnippet
  error: 1 plat 4 at (73): Output value 'vert' is not completely initialized\nCompiling Vertex program with UNITY_PASS_FORWARDBASE DIRECTIONAL LIGHTPROBE_SH
Platform defines: UNITY_ENABLE_REFLECTION_BUFFERS UNITY_NO_SCREENSPACE_SHADOWS UNITY_PBS_USE_BRDF3 UNITY_SPECCUBE_BOX_PROJECTION SHADER_API_DESKTOP UNITY_COLORSPACE_GAMMA UNITY_LIGHTMAP_RGBM_ENCODING
  api=4 type=0 insize=5751 outsize=1810 kw=UNITY_PASS_FORWARDBASE DIRECTIONAL LIGHTPROBE_SH pd=UNITY_ENABLE_REFLECTION_BUFFERS UNITY_NO_SCREENSPACE_SHADOWS UNITY_PBS_USE_BRDF3 UNITY_SPECCUBE_BOX_PROJECTION SHADER_API_DESKTOP UNITY_COLORSPACE_GAMMA UNITY_LIGHTMAP_RGBM_ENCODING ok=1
Cmd: compileSnippet
  api=4 type=1 insize=5751 outsize=3254 kw=UNITY_PASS_FORWARDBASE DIRECTIONAL LIGHTPROBE_SH pd=UNITY_ENABLE_REFLECTION_BUFFERS UNITY_NO_SCREENSPACE_SHADOWS UNITY_PBS_USE_BRDF3 UNITY_SPECCUBE_BOX_PROJECTION SHADER_API_DESKTOP UNITY_COLORSPACE_GAMMA UNITY_LIGHTMAP_RGBM_ENCODING ok=1
Cmd: preprocess
  insize=7250 outsize=1581 ok=1
Cmd: compileSnippet
  error: 1 plat 4 at (73): Output value 'vert' is not completely initialized\nCompiling Vertex program with UNITY_PASS_FORWARDBASE DIRECTIONAL
Platform defines: UNITY_ENABLE_REFLECTION_BUFFERS UNITY_USE_DITHER_MASK_FOR_ALPHABLENDED_SHADOWS UNITY_PBS_USE_BRDF1 UNITY_SPECCUBE_BOX_PROJECTION UNITY_SPECCUBE_BLENDING UNITY_ENABLE_DETAIL_NORMALMAP SHADER_API_DESKTOP UNITY_COLORSPACE_GAMMA UNITY_LIGHT_PROBE_PROXY_VOLUME UNITY_LIGHTMAP_RGBM_ENCODING
  api=4 type=0 insize=5752 outsize=1810 kw=UNITY_PASS_FORWARDBASE DIRECTIONAL pd=UNITY_ENABLE_REFLECTION_BUFFERS UNITY_USE_DITHER_MASK_FOR_ALPHABLENDED_SHADOWS UNITY_PBS_USE_BRDF1 UNITY_SPECCUBE_BOX_PROJECTION UNITY_SPECCUBE_BLENDING UNITY_ENABLE_DETAIL_NORMALMAP SHADER_API_DESKTOP UNITY_COLORSPACE_GAMMA UNITY_LIGHT_PROBE_PROXY_VOLUME UNITY_LIGHTMAP_RGBM_ENCODING ok=1
Cmd: compileSnippet
  api=4 type=1 insize=5752 outsize=3878 kw=UNITY_PASS_FORWARDBASE DIRECTIONAL pd=UNITY_ENABLE_REFLECTION_BUFFERS UNITY_USE_DITHER_MASK_FOR_ALPHABLENDED_SHADOWS UNITY_PBS_USE_BRDF1 UNITY_SPECCUBE_BOX_PROJECTION UNITY_SPECCUBE_BLENDING UNITY_ENABLE_DETAIL_NORMALMAP SHADER_API_DESKTOP UNITY_COLORSPACE_GAMMA UNITY_LIGHT_PROBE_PROXY_VOLUME UNITY_LIGHTMAP_RGBM_ENCODING ok=1
Cmd: compileSnippet
  error: 1 plat 4 at (73): Output value 'vert' is not completely initialized\nCompiling Vertex program with UNITY_PASS_FORWARDBASE DIRECTIONAL LIGHTMAP_ON
Platform defines: UNITY_ENABLE_REFLECTION_BUFFERS UNITY_NO_SCREENSPACE_SHADOWS UNITY_PBS_USE_BRDF3 UNITY_SPECCUBE_BOX_PROJECTION SHADER_API_DESKTOP UNITY_COLORSPACE_GAMMA UNITY_LIGHTMAP_RGBM_ENCODING
  api=4 type=0 insize=5752 outsize=1810 kw=UNITY_PASS_FORWARDBASE DIRECTIONAL LIGHTMAP_ON pd=UNITY_ENABLE_REFLECTION_BUFFERS UNITY_NO_SCREENSPACE_SHADOWS UNITY_PBS_USE_BRDF3 UNITY_SPECCUBE_BOX_PROJECTION SHADER_API_DESKTOP UNITY_COLORSPACE_GAMMA UNITY_LIGHTMAP_RGBM_ENCODING ok=1
Cmd: compileSnippet
  api=4 type=1 insize=5752 outsize=3254 kw=UNITY_PASS_FORWARDBASE DIRECTIONAL LIGHTMAP_ON pd=UNITY_ENABLE_REFLECTION_BUFFERS UNITY_NO_SCREENSPACE_SHADOWS UNITY_PBS_USE_BRDF3 UNITY_SPECCUBE_BOX_PROJECTION SHADER_API_DESKTOP UNITY_COLORSPACE_GAMMA UNITY_LIGHTMAP_RGBM_ENCODING ok=1
Cmd: compileSnippet
  error: 1 plat 4 at (73): Output value 'vert' is not completely initialized\nCompiling Vertex program with UNITY_PASS_FORWARDBASE DIRECTIONAL
Platform defines: UNITY_ENABLE_REFLECTION_BUFFERS UNITY_NO_SCREENSPACE_SHADOWS UNITY_PBS_USE_BRDF3 UNITY_SPECCUBE_BOX_PROJECTION SHADER_API_DESKTOP UNITY_COLORSPACE_GAMMA UNITY_LIGHTMAP_RGBM_ENCODING
  api=4 type=0 insize=5752 outsize=1810 kw=UNITY_PASS_FORWARDBASE DIRECTIONAL pd=UNITY_ENABLE_REFLECTION_BUFFERS UNITY_NO_SCREENSPACE_SHADOWS UNITY_PBS_USE_BRDF3 UNITY_SPECCUBE_BOX_PROJECTION SHADER_API_DESKTOP UNITY_COLORSPACE_GAMMA UNITY_LIGHTMAP_RGBM_ENCODING ok=1
Cmd: compileSnippet
  api=4 type=1 insize=5752 outsize=3254 kw=UNITY_PASS_FORWARDBASE DIRECTIONAL pd=UNITY_ENABLE_REFLECTION_BUFFERS UNITY_NO_SCREENSPACE_SHADOWS UNITY_PBS_USE_BRDF3 UNITY_SPECCUBE_BOX_PROJECTION SHADER_API_DESKTOP UNITY_COLORSPACE_GAMMA UNITY_LIGHTMAP_RGBM_ENCODING ok=1
Cmd: compileSnippet
  error: 1 plat 4 at (73): Output value 'vert' is not completely initialized\nCompiling Vertex program with UNITY_PASS_FORWARDBASE DIRECTIONAL LIGHTPROBE_SH
Platform defines: UNITY_ENABLE_REFLECTION_BUFFERS UNITY_NO_SCREENSPACE_SHADOWS UNITY_PBS_USE_BRDF3 UNITY_SPECCUBE_BOX_PROJECTION SHADER_API_DESKTOP UNITY_COLORSPACE_GAMMA UNITY_LIGHTMAP_RGBM_ENCODING
  api=4 type=0 insize=5752 outsize=1810 kw=UNITY_PASS_FORWARDBASE DIRECTIONAL LIGHTPROBE_SH pd=UNITY_ENABLE_REFLECTION_BUFFERS UNITY_NO_SCREENSPACE_SHADOWS UNITY_PBS_USE_BRDF3 UNITY_SPECCUBE_BOX_PROJECTION SHADER_API_DESKTOP UNITY_COLORSPACE_GAMMA UNITY_LIGHTMAP_RGBM_ENCODING ok=1
Cmd: compileSnippet
  api=4 type=1 insize=5752 outsize=3254 kw=UNITY_PASS_FORWARDBASE DIRECTIONAL LIGHTPROBE_SH pd=UNITY_ENABLE_REFLECTION_BUFFERS UNITY_NO_SCREENSPACE_SHADOWS UNITY_PBS_USE_BRDF3 UNITY_SPECCUBE_BOX_PROJECTION SHADER_API_DESKTOP UNITY_COLORSPACE_GAMMA UNITY_LIGHTMAP_RGBM_ENCODING ok=1
Cmd: preprocess
  insize=7250 outsize=1581 ok=1
Cmd: compileSnippet
  error: 1 plat 4 at (73): Output value 'vert' is not completely initialized\nCompiling Vertex program with UNITY_PASS_FORWARDBASE DIRECTIONAL
Platform defines: UNITY_ENABLE_REFLECTION_BUFFERS UNITY_USE_DITHER_MASK_FOR_ALPHABLENDED_SHADOWS UNITY_PBS_USE_BRDF1 UNITY_SPECCUBE_BOX_PROJECTION UNITY_SPECCUBE_BLENDING UNITY_ENABLE_DETAIL_NORMALMAP SHADER_API_DESKTOP UNITY_COLORSPACE_GAMMA UNITY_LIGHT_PROBE_PROXY_VOLUME UNITY_LIGHTMAP_RGBM_ENCODING
  api=4 type=0 insize=5752 outsize=1810 kw=UNITY_PASS_FORWARDBASE DIRECTIONAL pd=UNITY_ENABLE_REFLECTION_BUFFERS UNITY_USE_DITHER_MASK_FOR_ALPHABLENDED_SHADOWS UNITY_PBS_USE_BRDF1 UNITY_SPECCUBE_BOX_PROJECTION UNITY_SPECCUBE_BLENDING UNITY_ENABLE_DETAIL_NORMALMAP SHADER_API_DESKTOP UNITY_COLORSPACE_GAMMA UNITY_LIGHT_PROBE_PROXY_VOLUME UNITY_LIGHTMAP_RGBM_ENCODING ok=1
Cmd: compileSnippet
  api=4 type=1 insize=5752 outsize=3878 kw=UNITY_PASS_FORWARDBASE DIRECTIONAL pd=UNITY_ENABLE_REFLECTION_BUFFERS UNITY_USE_DITHER_MASK_FOR_ALPHABLENDED_SHADOWS UNITY_PBS_USE_BRDF1 UNITY_SPECCUBE_BOX_PROJECTION UNITY_SPECCUBE_BLENDING UNITY_ENABLE_DETAIL_NORMALMAP SHADER_API_DESKTOP UNITY_COLORSPACE_GAMMA UNITY_LIGHT_PROBE_PROXY_VOLUME UNITY_LIGHTMAP_RGBM_ENCODING ok=1
Cmd: compileSnippet
  error: 1 plat 4 at (73): Output value 'vert' is not completely initialized\nCompiling Vertex program with UNITY_PASS_FORWARDBASE DIRECTIONAL LIGHTMAP_ON
Platform defines: UNITY_ENABLE_REFLECTION_BUFFERS UNITY_NO_SCREENSPACE_SHADOWS UNITY_PBS_USE_BRDF3 UNITY_SPECCUBE_BOX_PROJECTION SHADER_API_DESKTOP UNITY_COLORSPACE_GAMMA UNITY_LIGHTMAP_RGBM_ENCODING
  api=4 type=0 insize=5752 outsize=1810 kw=UNITY_PASS_FORWARDBASE DIRECTIONAL LIGHTMAP_ON pd=UNITY_ENABLE_REFLECTION_BUFFERS UNITY_NO_SCREENSPACE_SHADOWS UNITY_PBS_USE_BRDF3 UNITY_SPECCUBE_BOX_PROJECTION SHADER_API_DESKTOP UNITY_COLORSPACE_GAMMA UNITY_LIGHTMAP_RGBM_ENCODING ok=1
Cmd: compileSnippet
  api=4 type=1 insize=5752 outsize=3254 kw=UNITY_PASS_FORWARDBASE DIRECTIONAL LIGHTMAP_ON pd=UNITY_ENABLE_REFLECTION_BUFFERS UNITY_NO_SCREENSPACE_SHADOWS UNITY_PBS_USE_BRDF3 UNITY_SPECCUBE_BOX_PROJECTION SHADER_API_DESKTOP UNITY_COLORSPACE_GAMMA UNITY_LIGHTMAP_RGBM_ENCODING ok=1
Cmd: compileSnippet
  error: 1 plat 4 at (73): Output value 'vert' is not completely initialized\nCompiling Vertex program with UNITY_PASS_FORWARDBASE DIRECTIONAL
Platform defines: UNITY_ENABLE_REFLECTION_BUFFERS UNITY_NO_SCREENSPACE_SHADOWS UNITY_PBS_USE_BRDF3 UNITY_SPECCUBE_BOX_PROJECTION SHADER_API_DESKTOP UNITY_COLORSPACE_GAMMA UNITY_LIGHTMAP_RGBM_ENCODING
  api=4 type=0 insize=5752 outsize=1810 kw=UNITY_PASS_FORWARDBASE DIRECTIONAL pd=UNITY_ENABLE_REFLECTION_BUFFERS UNITY_NO_SCREENSPACE_SHADOWS UNITY_PBS_USE_BRDF3 UNITY_SPECCUBE_BOX_PROJECTION SHADER_API_DESKTOP UNITY_COLORSPACE_GAMMA UNITY_LIGHTMAP_RGBM_ENCODING ok=1
Cmd: compileSnippet
  api=4 type=1 insize=5752 outsize=3254 kw=UNITY_PASS_FORWARDBASE DIRECTIONAL pd=UNITY_ENABLE_REFLECTION_BUFFERS UNITY_NO_SCREENSPACE_SHADOWS UNITY_PBS_USE_BRDF3 UNITY_SPECCUBE_BOX_PROJECTION SHADER_API_DESKTOP UNITY_COLORSPACE_GAMMA UNITY_LIGHTMAP_RGBM_ENCODING ok=1
Cmd: compileSnippet
  error: 1 plat 4 at (73): Output value 'vert' is not completely initialized\nCompiling Vertex program with UNITY_PASS_FORWARDBASE DIRECTIONAL LIGHTPROBE_SH
Platform defines: UNITY_ENABLE_REFLECTION_BUFFERS UNITY_NO_SCREENSPACE_SHADOWS UNITY_PBS_USE_BRDF3 UNITY_SPECCUBE_BOX_PROJECTION SHADER_API_DESKTOP UNITY_COLORSPACE_GAMMA UNITY_LIGHTMAP_RGBM_ENCODING
  api=4 type=0 insize=5752 outsize=1810 kw=UNITY_PASS_FORWARDBASE DIRECTIONAL LIGHTPROBE_SH pd=UNITY_ENABLE_REFLECTION_BUFFERS UNITY_NO_SCREENSPACE_SHADOWS UNITY_PBS_USE_BRDF3 UNITY_SPECCUBE_BOX_PROJECTION SHADER_API_DESKTOP UNITY_COLORSPACE_GAMMA UNITY_LIGHTMAP_RGBM_ENCODING ok=1
Cmd: compileSnippet
  api=4 type=1 insize=5752 outsize=3254 kw=UNITY_PASS_FORWARDBASE DIRECTIONAL LIGHTPROBE_SH pd=UNITY_ENABLE_REFLECTION_BUFFERS UNITY_NO_SCREENSPACE_SHADOWS UNITY_PBS_USE_BRDF3 UNITY_SPECCUBE_BOX_PROJECTION SHADER_API_DESKTOP UNITY_COLORSPACE_GAMMA UNITY_LIGHTMAP_RGBM_ENCODING ok=1
Cmd: preprocess
  insize=7250 outsize=1581 ok=1
Cmd: compileSnippet
  error: 1 plat 4 at (73): Output value 'vert' is not completely initialized\nCompiling Vertex program with UNITY_PASS_FORWARDBASE DIRECTIONAL
Platform defines: UNITY_ENABLE_REFLECTION_BUFFERS UNITY_USE_DITHER_MASK_FOR_ALPHABLENDED_SHADOWS UNITY_PBS_USE_BRDF1 UNITY_SPECCUBE_BOX_PROJECTION UNITY_SPECCUBE_BLENDING UNITY_ENABLE_DETAIL_NORMALMAP SHADER_API_DESKTOP UNITY_COLORSPACE_GAMMA UNITY_LIGHT_PROBE_PROXY_VOLUME UNITY_LIGHTMAP_RGBM_ENCODING
  api=4 type=0 insize=5752 outsize=1810 kw=UNITY_PASS_FORWARDBASE DIRECTIONAL pd=UNITY_ENABLE_REFLECTION_BUFFERS UNITY_USE_DITHER_MASK_FOR_ALPHABLENDED_SHADOWS UNITY_PBS_USE_BRDF1 UNITY_SPECCUBE_BOX_PROJECTION UNITY_SPECCUBE_BLENDING UNITY_ENABLE_DETAIL_NORMALMAP SHADER_API_DESKTOP UNITY_COLORSPACE_GAMMA UNITY_LIGHT_PROBE_PROXY_VOLUME UNITY_LIGHTMAP_RGBM_ENCODING ok=1
Cmd: compileSnippet
  api=4 type=1 insize=5752 outsize=3886 kw=UNITY_PASS_FORWARDBASE DIRECTIONAL pd=UNITY_ENABLE_REFLECTION_BUFFERS UNITY_USE_DITHER_MASK_FOR_ALPHABLENDED_SHADOWS UNITY_PBS_USE_BRDF1 UNITY_SPECCUBE_BOX_PROJECTION UNITY_SPECCUBE_BLENDING UNITY_ENABLE_DETAIL_NORMALMAP SHADER_API_DESKTOP UNITY_COLORSPACE_GAMMA UNITY_LIGHT_PROBE_PROXY_VOLUME UNITY_LIGHTMAP_RGBM_ENCODING ok=1
Cmd: compileSnippet
  error: 1 plat 4 at (73): Output value 'vert' is not completely initialized\nCompiling Vertex program with UNITY_PASS_FORWARDBASE DIRECTIONAL LIGHTMAP_ON
Platform defines: UNITY_ENABLE_REFLECTION_BUFFERS UNITY_NO_SCREENSPACE_SHADOWS UNITY_PBS_USE_BRDF3 UNITY_SPECCUBE_BOX_PROJECTION SHADER_API_DESKTOP UNITY_COLORSPACE_GAMMA UNITY_LIGHTMAP_RGBM_ENCODING
  api=4 type=0 insize=5752 outsize=1810 kw=UNITY_PASS_FORWARDBASE DIRECTIONAL LIGHTMAP_ON pd=UNITY_ENABLE_REFLECTION_BUFFERS UNITY_NO_SCREENSPACE_SHADOWS UNITY_PBS_USE_BRDF3 UNITY_SPECCUBE_BOX_PROJECTION SHADER_API_DESKTOP UNITY_COLORSPACE_GAMMA UNITY_LIGHTMAP_RGBM_ENCODING ok=1
Cmd: compileSnippet
  api=4 type=1 insize=5752 outsize=3262 kw=UNITY_PASS_FORWARDBASE DIRECTIONAL LIGHTMAP_ON pd=UNITY_ENABLE_REFLECTION_BUFFERS UNITY_NO_SCREENSPACE_SHADOWS UNITY_PBS_USE_BRDF3 UNITY_SPECCUBE_BOX_PROJECTION SHADER_API_DESKTOP UNITY_COLORSPACE_GAMMA UNITY_LIGHTMAP_RGBM_ENCODING ok=1
Cmd: compileSnippet
  error: 1 plat 4 at (73): Output value 'vert' is not completely initialized\nCompiling Vertex program with UNITY_PASS_FORWARDBASE DIRECTIONAL
Platform defines: UNITY_ENABLE_REFLECTION_BUFFERS UNITY_NO_SCREENSPACE_SHADOWS UNITY_PBS_USE_BRDF3 UNITY_SPECCUBE_BOX_PROJECTION SHADER_API_DESKTOP UNITY_COLORSPACE_GAMMA UNITY_LIGHTMAP_RGBM_ENCODING
  api=4 type=0 insize=5752 outsize=1810 kw=UNITY_PASS_FORWARDBASE DIRECTIONAL pd=UNITY_ENABLE_REFLECTION_BUFFERS UNITY_NO_SCREENSPACE_SHADOWS UNITY_PBS_USE_BRDF3 UNITY_SPECCUBE_BOX_PROJECTION SHADER_API_DESKTOP UNITY_COLORSPACE_GAMMA UNITY_LIGHTMAP_RGBM_ENCODING ok=1
Cmd: compileSnippet
  api=4 type=1 insize=5752 outsize=3262 kw=UNITY_PASS_FORWARDBASE DIRECTIONAL pd=UNITY_ENABLE_REFLECTION_BUFFERS UNITY_NO_SCREENSPACE_SHADOWS UNITY_PBS_USE_BRDF3 UNITY_SPECCUBE_BOX_PROJECTION SHADER_API_DESKTOP UNITY_COLORSPACE_GAMMA UNITY_LIGHTMAP_RGBM_ENCODING ok=1
Cmd: compileSnippet
  error: 1 plat 4 at (73): Output value 'vert' is not completely initialized\nCompiling Vertex program with UNITY_PASS_FORWARDBASE DIRECTIONAL LIGHTPROBE_SH
Platform defines: UNITY_ENABLE_REFLECTION_BUFFERS UNITY_NO_SCREENSPACE_SHADOWS UNITY_PBS_USE_BRDF3 UNITY_SPECCUBE_BOX_PROJECTION SHADER_API_DESKTOP UNITY_COLORSPACE_GAMMA UNITY_LIGHTMAP_RGBM_ENCODING
  api=4 type=0 insize=5752 outsize=1810 kw=UNITY_PASS_FORWARDBASE DIRECTIONAL LIGHTPROBE_SH pd=UNITY_ENABLE_REFLECTION_BUFFERS UNITY_NO_SCREENSPACE_SHADOWS UNITY_PBS_USE_BRDF3 UNITY_SPECCUBE_BOX_PROJECTION SHADER_API_DESKTOP UNITY_COLORSPACE_GAMMA UNITY_LIGHTMAP_RGBM_ENCODING ok=1
Cmd: compileSnippet
  api=4 type=1 insize=5752 outsize=3262 kw=UNITY_PASS_FORWARDBASE DIRECTIONAL LIGHTPROBE_SH pd=UNITY_ENABLE_REFLECTION_BUFFERS UNITY_NO_SCREENSPACE_SHADOWS UNITY_PBS_USE_BRDF3 UNITY_SPECCUBE_BOX_PROJECTION SHADER_API_DESKTOP UNITY_COLORSPACE_GAMMA UNITY_LIGHTMAP_RGBM_ENCODING ok=1
Cmd: preprocess
  insize=7253 outsize=1581 ok=1
Cmd: compileSnippet
  error: 1 plat 4 at (73): Output value 'vert' is not completely initialized\nCompiling Vertex program with UNITY_PASS_FORWARDBASE DIRECTIONAL
Platform defines: UNITY_ENABLE_REFLECTION_BUFFERS UNITY_USE_DITHER_MASK_FOR_ALPHABLENDED_SHADOWS UNITY_PBS_USE_BRDF1 UNITY_SPECCUBE_BOX_PROJECTION UNITY_SPECCUBE_BLENDING UNITY_ENABLE_DETAIL_NORMALMAP SHADER_API_DESKTOP UNITY_COLORSPACE_GAMMA UNITY_LIGHT_PROBE_PROXY_VOLUME UNITY_LIGHTMAP_RGBM_ENCODING
  api=4 type=0 insize=5755 outsize=1810 kw=UNITY_PASS_FORWARDBASE DIRECTIONAL pd=UNITY_ENABLE_REFLECTION_BUFFERS UNITY_USE_DITHER_MASK_FOR_ALPHABLENDED_SHADOWS UNITY_PBS_USE_BRDF1 UNITY_SPECCUBE_BOX_PROJECTION UNITY_SPECCUBE_BLENDING UNITY_ENABLE_DETAIL_NORMALMAP SHADER_API_DESKTOP UNITY_COLORSPACE_GAMMA UNITY_LIGHT_PROBE_PROXY_VOLUME UNITY_LIGHTMAP_RGBM_ENCODING ok=1
Cmd: compileSnippet
  api=4 type=1 insize=5755 outsize=2782 kw=UNITY_PASS_FORWARDBASE DIRECTIONAL pd=UNITY_ENABLE_REFLECTION_BUFFERS UNITY_USE_DITHER_MASK_FOR_ALPHABLENDED_SHADOWS UNITY_PBS_USE_BRDF1 UNITY_SPECCUBE_BOX_PROJECTION UNITY_SPECCUBE_BLENDING UNITY_ENABLE_DETAIL_NORMALMAP SHADER_API_DESKTOP UNITY_COLORSPACE_GAMMA UNITY_LIGHT_PROBE_PROXY_VOLUME UNITY_LIGHTMAP_RGBM_ENCODING ok=1
Cmd: compileSnippet
  error: 1 plat 4 at (73): Output value 'vert' is not completely initialized\nCompiling Vertex program with UNITY_PASS_FORWARDBASE DIRECTIONAL LIGHTMAP_ON
Platform defines: UNITY_ENABLE_REFLECTION_BUFFERS UNITY_NO_SCREENSPACE_SHADOWS UNITY_PBS_USE_BRDF3 UNITY_SPECCUBE_BOX_PROJECTION SHADER_API_DESKTOP UNITY_COLORSPACE_GAMMA UNITY_LIGHTMAP_RGBM_ENCODING
  api=4 type=0 insize=5755 outsize=1810 kw=UNITY_PASS_FORWARDBASE DIRECTIONAL LIGHTMAP_ON pd=UNITY_ENABLE_REFLECTION_BUFFERS UNITY_NO_SCREENSPACE_SHADOWS UNITY_PBS_USE_BRDF3 UNITY_SPECCUBE_BOX_PROJECTION SHADER_API_DESKTOP UNITY_COLORSPACE_GAMMA UNITY_LIGHTMAP_RGBM_ENCODING ok=1
Cmd: compileSnippet
  api=4 type=1 insize=5755 outsize=2782 kw=UNITY_PASS_FORWARDBASE DIRECTIONAL LIGHTMAP_ON pd=UNITY_ENABLE_REFLECTION_BUFFERS UNITY_NO_SCREENSPACE_SHADOWS UNITY_PBS_USE_BRDF3 UNITY_SPECCUBE_BOX_PROJECTION SHADER_API_DESKTOP UNITY_COLORSPACE_GAMMA UNITY_LIGHTMAP_RGBM_ENCODING ok=1
Cmd: compileSnippet
  error: 1 plat 4 at (73): Output value 'vert' is not completely initialized\nCompiling Vertex program with UNITY_PASS_FORWARDBASE DIRECTIONAL
Platform defines: UNITY_ENABLE_REFLECTION_BUFFERS UNITY_NO_SCREENSPACE_SHADOWS UNITY_PBS_USE_BRDF3 UNITY_SPECCUBE_BOX_PROJECTION SHADER_API_DESKTOP UNITY_COLORSPACE_GAMMA UNITY_LIGHTMAP_RGBM_ENCODING
  api=4 type=0 insize=5755 outsize=1810 kw=UNITY_PASS_FORWARDBASE DIRECTIONAL pd=UNITY_ENABLE_REFLECTION_BUFFERS UNITY_NO_SCREENSPACE_SHADOWS UNITY_PBS_USE_BRDF3 UNITY_SPECCUBE_BOX_PROJECTION SHADER_API_DESKTOP UNITY_COLORSPACE_GAMMA UNITY_LIGHTMAP_RGBM_ENCODING ok=1
Cmd: compileSnippet
  api=4 type=1 insize=5755 outsize=2782 kw=UNITY_PASS_FORWARDBASE DIRECTIONAL pd=UNITY_ENABLE_REFLECTION_BUFFERS UNITY_NO_SCREENSPACE_SHADOWS UNITY_PBS_USE_BRDF3 UNITY_SPECCUBE_BOX_PROJECTION SHADER_API_DESKTOP UNITY_COLORSPACE_GAMMA UNITY_LIGHTMAP_RGBM_ENCODING ok=1
Cmd: compileSnippet
  error: 1 plat 4 at (73): Output value 'vert' is not completely initialized\nCompiling Vertex program with UNITY_PASS_FORWARDBASE DIRECTIONAL LIGHTPROBE_SH
Platform defines: UNITY_ENABLE_REFLECTION_BUFFERS UNITY_NO_SCREENSPACE_SHADOWS UNITY_PBS_USE_BRDF3 UNITY_SPECCUBE_BOX_PROJECTION SHADER_API_DESKTOP UNITY_COLORSPACE_GAMMA UNITY_LIGHTMAP_RGBM_ENCODING
  api=4 type=0 insize=5755 outsize=1810 kw=UNITY_PASS_FORWARDBASE DIRECTIONAL LIGHTPROBE_SH pd=UNITY_ENABLE_REFLECTION_BUFFERS UNITY_NO_SCREENSPACE_SHADOWS UNITY_PBS_USE_BRDF3 UNITY_SPECCUBE_BOX_PROJECTION SHADER_API_DESKTOP UNITY_COLORSPACE_GAMMA UNITY_LIGHTMAP_RGBM_ENCODING ok=1
Cmd: compileSnippet
  api=4 type=1 insize=5755 outsize=2782 kw=UNITY_PASS_FORWARDBASE DIRECTIONAL LIGHTPROBE_SH pd=UNITY_ENABLE_REFLECTION_BUFFERS UNITY_NO_SCREENSPACE_SHADOWS UNITY_PBS_USE_BRDF3 UNITY_SPECCUBE_BOX_PROJECTION SHADER_API_DESKTOP UNITY_COLORSPACE_GAMMA UNITY_LIGHTMAP_RGBM_ENCODING ok=1
Cmd: preprocess
  insize=7260 outsize=1581 ok=1
Cmd: compileSnippet
  error: 1 plat 4 at (73): Output value 'vert' is not completely initialized\nCompiling Vertex program with UNITY_PASS_FORWARDBASE DIRECTIONAL
Platform defines: UNITY_ENABLE_REFLECTION_BUFFERS UNITY_USE_DITHER_MASK_FOR_ALPHABLENDED_SHADOWS UNITY_PBS_USE_BRDF1 UNITY_SPECCUBE_BOX_PROJECTION UNITY_SPECCUBE_BLENDING UNITY_ENABLE_DETAIL_NORMALMAP SHADER_API_DESKTOP UNITY_COLORSPACE_GAMMA UNITY_LIGHT_PROBE_PROXY_VOLUME UNITY_LIGHTMAP_RGBM_ENCODING
  api=4 type=0 insize=5762 outsize=1810 kw=UNITY_PASS_FORWARDBASE DIRECTIONAL pd=UNITY_ENABLE_REFLECTION_BUFFERS UNITY_USE_DITHER_MASK_FOR_ALPHABLENDED_SHADOWS UNITY_PBS_USE_BRDF1 UNITY_SPECCUBE_BOX_PROJECTION UNITY_SPECCUBE_BLENDING UNITY_ENABLE_DETAIL_NORMALMAP SHADER_API_DESKTOP UNITY_COLORSPACE_GAMMA UNITY_LIGHT_PROBE_PROXY_VOLUME UNITY_LIGHTMAP_RGBM_ENCODING ok=1
Cmd: compileSnippet
  api=4 type=1 insize=5762 outsize=1666 kw=UNITY_PASS_FORWARDBASE DIRECTIONAL pd=UNITY_ENABLE_REFLECTION_BUFFERS UNITY_USE_DITHER_MASK_FOR_ALPHABLENDED_SHADOWS UNITY_PBS_USE_BRDF1 UNITY_SPECCUBE_BOX_PROJECTION UNITY_SPECCUBE_BLENDING UNITY_ENABLE_DETAIL_NORMALMAP SHADER_API_DESKTOP UNITY_COLORSPACE_GAMMA UNITY_LIGHT_PROBE_PROXY_VOLUME UNITY_LIGHTMAP_RGBM_ENCODING ok=1
Cmd: compileSnippet
  error: 1 plat 4 at (73): Output value 'vert' is not completely initialized\nCompiling Vertex program with UNITY_PASS_FORWARDBASE DIRECTIONAL LIGHTMAP_ON
Platform defines: UNITY_ENABLE_REFLECTION_BUFFERS UNITY_NO_SCREENSPACE_SHADOWS UNITY_PBS_USE_BRDF3 UNITY_SPECCUBE_BOX_PROJECTION SHADER_API_DESKTOP UNITY_COLORSPACE_GAMMA UNITY_LIGHTMAP_RGBM_ENCODING
  api=4 type=0 insize=5762 outsize=1810 kw=UNITY_PASS_FORWARDBASE DIRECTIONAL LIGHTMAP_ON pd=UNITY_ENABLE_REFLECTION_BUFFERS UNITY_NO_SCREENSPACE_SHADOWS UNITY_PBS_USE_BRDF3 UNITY_SPECCUBE_BOX_PROJECTION SHADER_API_DESKTOP UNITY_COLORSPACE_GAMMA UNITY_LIGHTMAP_RGBM_ENCODING ok=1
Cmd: compileSnippet
  api=4 type=1 insize=5762 outsize=1666 kw=UNITY_PASS_FORWARDBASE DIRECTIONAL LIGHTMAP_ON pd=UNITY_ENABLE_REFLECTION_BUFFERS UNITY_NO_SCREENSPACE_SHADOWS UNITY_PBS_USE_BRDF3 UNITY_SPECCUBE_BOX_PROJECTION SHADER_API_DESKTOP UNITY_COLORSPACE_GAMMA UNITY_LIGHTMAP_RGBM_ENCODING ok=1
Cmd: compileSnippet
  error: 1 plat 4 at (73): Output value 'vert' is not completely initialized\nCompiling Vertex program with UNITY_PASS_FORWARDBASE DIRECTIONAL
Platform defines: UNITY_ENABLE_REFLECTION_BUFFERS UNITY_NO_SCREENSPACE_SHADOWS UNITY_PBS_USE_BRDF3 UNITY_SPECCUBE_BOX_PROJECTION SHADER_API_DESKTOP UNITY_COLORSPACE_GAMMA UNITY_LIGHTMAP_RGBM_ENCODING
  api=4 type=0 insize=5762 outsize=1810 kw=UNITY_PASS_FORWARDBASE DIRECTIONAL pd=UNITY_ENABLE_REFLECTION_BUFFERS UNITY_NO_SCREENSPACE_SHADOWS UNITY_PBS_USE_BRDF3 UNITY_SPECCUBE_BOX_PROJECTION SHADER_API_DESKTOP UNITY_COLORSPACE_GAMMA UNITY_LIGHTMAP_RGBM_ENCODING ok=1
Cmd: compileSnippet
  api=4 type=1 insize=5762 outsize=1666 kw=UNITY_PASS_FORWARDBASE DIRECTIONAL pd=UNITY_ENABLE_REFLECTION_BUFFERS UNITY_NO_SCREENSPACE_SHADOWS UNITY_PBS_USE_BRDF3 UNITY_SPECCUBE_BOX_PROJECTION SHADER_API_DESKTOP UNITY_COLORSPACE_GAMMA UNITY_LIGHTMAP_RGBM_ENCODING ok=1
Cmd: compileSnippet
  error: 1 plat 4 at (73): Output value 'vert' is not completely initialized\nCompiling Vertex program with UNITY_PASS_FORWARDBASE DIRECTIONAL LIGHTPROBE_SH
Platform defines: UNITY_ENABLE_REFLECTION_BUFFERS UNITY_NO_SCREENSPACE_SHADOWS UNITY_PBS_USE_BRDF3 UNITY_SPECCUBE_BOX_PROJECTION SHADER_API_DESKTOP UNITY_COLORSPACE_GAMMA UNITY_LIGHTMAP_RGBM_ENCODING
  api=4 type=0 insize=5762 outsize=1810 kw=UNITY_PASS_FORWARDBASE DIRECTIONAL LIGHTPROBE_SH pd=UNITY_ENABLE_REFLECTION_BUFFERS UNITY_NO_SCREENSPACE_SHADOWS UNITY_PBS_USE_BRDF3 UNITY_SPECCUBE_BOX_PROJECTION SHADER_API_DESKTOP UNITY_COLORSPACE_GAMMA UNITY_LIGHTMAP_RGBM_ENCODING ok=1
Cmd: compileSnippet
  api=4 type=1 insize=5762 outsize=1666 kw=UNITY_PASS_FORWARDBASE DIRECTIONAL LIGHTPROBE_SH pd=UNITY_ENABLE_REFLECTION_BUFFERS UNITY_NO_SCREENSPACE_SHADOWS UNITY_PBS_USE_BRDF3 UNITY_SPECCUBE_BOX_PROJECTION SHADER_API_DESKTOP UNITY_COLORSPACE_GAMMA UNITY_LIGHTMAP_RGBM_ENCODING ok=1
Cmd: preprocess
  insize=7260 outsize=1581 ok=1
Cmd: compileSnippet
  error: 1 plat 4 at (73): Output value 'vert' is not completely initialized\nCompiling Vertex program with UNITY_PASS_FORWARDBASE DIRECTIONAL
Platform defines: UNITY_ENABLE_REFLECTION_BUFFERS UNITY_USE_DITHER_MASK_FOR_ALPHABLENDED_SHADOWS UNITY_PBS_USE_BRDF1 UNITY_SPECCUBE_BOX_PROJECTION UNITY_SPECCUBE_BLENDING UNITY_ENABLE_DETAIL_NORMALMAP SHADER_API_DESKTOP UNITY_COLORSPACE_GAMMA UNITY_LIGHT_PROBE_PROXY_VOLUME UNITY_LIGHTMAP_RGBM_ENCODING
  api=4 type=0 insize=5762 outsize=1810 kw=UNITY_PASS_FORWARDBASE DIRECTIONAL pd=UNITY_ENABLE_REFLECTION_BUFFERS UNITY_USE_DITHER_MASK_FOR_ALPHABLENDED_SHADOWS UNITY_PBS_USE_BRDF1 UNITY_SPECCUBE_BOX_PROJECTION UNITY_SPECCUBE_BLENDING UNITY_ENABLE_DETAIL_NORMALMAP SHADER_API_DESKTOP UNITY_COLORSPACE_GAMMA UNITY_LIGHT_PROBE_PROXY_VOLUME UNITY_LIGHTMAP_RGBM_ENCODING ok=1
Cmd: compileSnippet
  api=4 type=1 insize=5762 outsize=2458 kw=UNITY_PASS_FORWARDBASE DIRECTIONAL pd=UNITY_ENABLE_REFLECTION_BUFFERS UNITY_USE_DITHER_MASK_FOR_ALPHABLENDED_SHADOWS UNITY_PBS_USE_BRDF1 UNITY_SPECCUBE_BOX_PROJECTION UNITY_SPECCUBE_BLENDING UNITY_ENABLE_DETAIL_NORMALMAP SHADER_API_DESKTOP UNITY_COLORSPACE_GAMMA UNITY_LIGHT_PROBE_PROXY_VOLUME UNITY_LIGHTMAP_RGBM_ENCODING ok=1
Cmd: compileSnippet
  error: 1 plat 4 at (73): Output value 'vert' is not completely initialized\nCompiling Vertex program with UNITY_PASS_FORWARDBASE DIRECTIONAL LIGHTMAP_ON
Platform defines: UNITY_ENABLE_REFLECTION_BUFFERS UNITY_NO_SCREENSPACE_SHADOWS UNITY_PBS_USE_BRDF3 UNITY_SPECCUBE_BOX_PROJECTION SHADER_API_DESKTOP UNITY_COLORSPACE_GAMMA UNITY_LIGHTMAP_RGBM_ENCODING
  api=4 type=0 insize=5762 outsize=1810 kw=UNITY_PASS_FORWARDBASE DIRECTIONAL LIGHTMAP_ON pd=UNITY_ENABLE_REFLECTION_BUFFERS UNITY_NO_SCREENSPACE_SHADOWS UNITY_PBS_USE_BRDF3 UNITY_SPECCUBE_BOX_PROJECTION SHADER_API_DESKTOP UNITY_COLORSPACE_GAMMA UNITY_LIGHTMAP_RGBM_ENCODING ok=1
Cmd: compileSnippet
  api=4 type=1 insize=5762 outsize=2458 kw=UNITY_PASS_FORWARDBASE DIRECTIONAL LIGHTMAP_ON pd=UNITY_ENABLE_REFLECTION_BUFFERS UNITY_NO_SCREENSPACE_SHADOWS UNITY_PBS_USE_BRDF3 UNITY_SPECCUBE_BOX_PROJECTION SHADER_API_DESKTOP UNITY_COLORSPACE_GAMMA UNITY_LIGHTMAP_RGBM_ENCODING ok=1
Cmd: compileSnippet
  error: 1 plat 4 at (73): Output value 'vert' is not completely initialized\nCompiling Vertex program with UNITY_PASS_FORWARDBASE DIRECTIONAL
Platform defines: UNITY_ENABLE_REFLECTION_BUFFERS UNITY_NO_SCREENSPACE_SHADOWS UNITY_PBS_USE_BRDF3 UNITY_SPECCUBE_BOX_PROJECTION SHADER_API_DESKTOP UNITY_COLORSPACE_GAMMA UNITY_LIGHTMAP_RGBM_ENCODING
  api=4 type=0 insize=5762 outsize=1810 kw=UNITY_PASS_FORWARDBASE DIRECTIONAL pd=UNITY_ENABLE_REFLECTION_BUFFERS UNITY_NO_SCREENSPACE_SHADOWS UNITY_PBS_USE_BRDF3 UNITY_SPECCUBE_BOX_PROJECTION SHADER_API_DESKTOP UNITY_COLORSPACE_GAMMA UNITY_LIGHTMAP_RGBM_ENCODING ok=1
Cmd: compileSnippet
  api=4 type=1 insize=5762 outsize=2458 kw=UNITY_PASS_FORWARDBASE DIRECTIONAL pd=UNITY_ENABLE_REFLECTION_BUFFERS UNITY_NO_SCREENSPACE_SHADOWS UNITY_PBS_USE_BRDF3 UNITY_SPECCUBE_BOX_PROJECTION SHADER_API_DESKTOP UNITY_COLORSPACE_GAMMA UNITY_LIGHTMAP_RGBM_ENCODING ok=1
Cmd: compileSnippet
  error: 1 plat 4 at (73): Output value 'vert' is not completely initialized\nCompiling Vertex program with UNITY_PASS_FORWARDBASE DIRECTIONAL LIGHTPROBE_SH
Platform defines: UNITY_ENABLE_REFLECTION_BUFFERS UNITY_NO_SCREENSPACE_SHADOWS UNITY_PBS_USE_BRDF3 UNITY_SPECCUBE_BOX_PROJECTION SHADER_API_DESKTOP UNITY_COLORSPACE_GAMMA UNITY_LIGHTMAP_RGBM_ENCODING
  api=4 type=0 insize=5762 outsize=1810 kw=UNITY_PASS_FORWARDBASE DIRECTIONAL LIGHTPROBE_SH pd=UNITY_ENABLE_REFLECTION_BUFFERS UNITY_NO_SCREENSPACE_SHADOWS UNITY_PBS_USE_BRDF3 UNITY_SPECCUBE_BOX_PROJECTION SHADER_API_DESKTOP UNITY_COLORSPACE_GAMMA UNITY_LIGHTMAP_RGBM_ENCODING ok=1
Cmd: compileSnippet
  api=4 type=1 insize=5762 outsize=2458 kw=UNITY_PASS_FORWARDBASE DIRECTIONAL LIGHTPROBE_SH pd=UNITY_ENABLE_REFLECTION_BUFFERS UNITY_NO_SCREENSPACE_SHADOWS UNITY_PBS_USE_BRDF3 UNITY_SPECCUBE_BOX_PROJECTION SHADER_API_DESKTOP UNITY_COLORSPACE_GAMMA UNITY_LIGHTMAP_RGBM_ENCODING ok=1
Cmd: preprocess
  insize=7268 outsize=1581 ok=1
Cmd: compileSnippet
  error: 1 plat 4 at (73): Output value 'vert' is not completely initialized\nCompiling Vertex program with UNITY_PASS_FORWARDBASE DIRECTIONAL
Platform defines: UNITY_ENABLE_REFLECTION_BUFFERS UNITY_USE_DITHER_MASK_FOR_ALPHABLENDED_SHADOWS UNITY_PBS_USE_BRDF1 UNITY_SPECCUBE_BOX_PROJECTION UNITY_SPECCUBE_BLENDING UNITY_ENABLE_DETAIL_NORMALMAP SHADER_API_DESKTOP UNITY_COLORSPACE_GAMMA UNITY_LIGHT_PROBE_PROXY_VOLUME UNITY_LIGHTMAP_RGBM_ENCODING
  api=4 type=0 insize=5770 outsize=1810 kw=UNITY_PASS_FORWARDBASE DIRECTIONAL pd=UNITY_ENABLE_REFLECTION_BUFFERS UNITY_USE_DITHER_MASK_FOR_ALPHABLENDED_SHADOWS UNITY_PBS_USE_BRDF1 UNITY_SPECCUBE_BOX_PROJECTION UNITY_SPECCUBE_BLENDING UNITY_ENABLE_DETAIL_NORMALMAP SHADER_API_DESKTOP UNITY_COLORSPACE_GAMMA UNITY_LIGHT_PROBE_PROXY_VOLUME UNITY_LIGHTMAP_RGBM_ENCODING ok=1
Cmd: compileSnippet
  api=4 type=1 insize=5770 outsize=2782 kw=UNITY_PASS_FORWARDBASE DIRECTIONAL pd=UNITY_ENABLE_REFLECTION_BUFFERS UNITY_USE_DITHER_MASK_FOR_ALPHABLENDED_SHADOWS UNITY_PBS_USE_BRDF1 UNITY_SPECCUBE_BOX_PROJECTION UNITY_SPECCUBE_BLENDING UNITY_ENABLE_DETAIL_NORMALMAP SHADER_API_DESKTOP UNITY_COLORSPACE_GAMMA UNITY_LIGHT_PROBE_PROXY_VOLUME UNITY_LIGHTMAP_RGBM_ENCODING ok=1
Cmd: compileSnippet
  error: 1 plat 4 at (73): Output value 'vert' is not completely initialized\nCompiling Vertex program with UNITY_PASS_FORWARDBASE DIRECTIONAL LIGHTMAP_ON
Platform defines: UNITY_ENABLE_REFLECTION_BUFFERS UNITY_NO_SCREENSPACE_SHADOWS UNITY_PBS_USE_BRDF3 UNITY_SPECCUBE_BOX_PROJECTION SHADER_API_DESKTOP UNITY_COLORSPACE_GAMMA UNITY_LIGHTMAP_RGBM_ENCODING
  api=4 type=0 insize=5770 outsize=1810 kw=UNITY_PASS_FORWARDBASE DIRECTIONAL LIGHTMAP_ON pd=UNITY_ENABLE_REFLECTION_BUFFERS UNITY_NO_SCREENSPACE_SHADOWS UNITY_PBS_USE_BRDF3 UNITY_SPECCUBE_BOX_PROJECTION SHADER_API_DESKTOP UNITY_COLORSPACE_GAMMA UNITY_LIGHTMAP_RGBM_ENCODING ok=1
Cmd: compileSnippet
  api=4 type=1 insize=5770 outsize=2782 kw=UNITY_PASS_FORWARDBASE DIRECTIONAL LIGHTMAP_ON pd=UNITY_ENABLE_REFLECTION_BUFFERS UNITY_NO_SCREENSPACE_SHADOWS UNITY_PBS_USE_BRDF3 UNITY_SPECCUBE_BOX_PROJECTION SHADER_API_DESKTOP UNITY_COLORSPACE_GAMMA UNITY_LIGHTMAP_RGBM_ENCODING ok=1
Cmd: compileSnippet
  error: 1 plat 4 at (73): Output value 'vert' is not completely initialized\nCompiling Vertex program with UNITY_PASS_FORWARDBASE DIRECTIONAL
Platform defines: UNITY_ENABLE_REFLECTION_BUFFERS UNITY_NO_SCREENSPACE_SHADOWS UNITY_PBS_USE_BRDF3 UNITY_SPECCUBE_BOX_PROJECTION SHADER_API_DESKTOP UNITY_COLORSPACE_GAMMA UNITY_LIGHTMAP_RGBM_ENCODING
  api=4 type=0 insize=5770 outsize=1810 kw=UNITY_PASS_FORWARDBASE DIRECTIONAL pd=UNITY_ENABLE_REFLECTION_BUFFERS UNITY_NO_SCREENSPACE_SHADOWS UNITY_PBS_USE_BRDF3 UNITY_SPECCUBE_BOX_PROJECTION SHADER_API_DESKTOP UNITY_COLORSPACE_GAMMA UNITY_LIGHTMAP_RGBM_ENCODING ok=1
Cmd: compileSnippet
  api=4 type=1 insize=5770 outsize=2782 kw=UNITY_PASS_FORWARDBASE DIRECTIONAL pd=UNITY_ENABLE_REFLECTION_BUFFERS UNITY_NO_SCREENSPACE_SHADOWS UNITY_PBS_USE_BRDF3 UNITY_SPECCUBE_BOX_PROJECTION SHADER_API_DESKTOP UNITY_COLORSPACE_GAMMA UNITY_LIGHTMAP_RGBM_ENCODING ok=1
Cmd: compileSnippet
  error: 1 plat 4 at (73): Output value 'vert' is not completely initialized\nCompiling Vertex program with UNITY_PASS_FORWARDBASE DIRECTIONAL LIGHTPROBE_SH
Platform defines: UNITY_ENABLE_REFLECTION_BUFFERS UNITY_NO_SCREENSPACE_SHADOWS UNITY_PBS_USE_BRDF3 UNITY_SPECCUBE_BOX_PROJECTION SHADER_API_DESKTOP UNITY_COLORSPACE_GAMMA UNITY_LIGHTMAP_RGBM_ENCODING
  api=4 type=0 insize=5770 outsize=1810 kw=UNITY_PASS_FORWARDBASE DIRECTIONAL LIGHTPROBE_SH pd=UNITY_ENABLE_REFLECTION_BUFFERS UNITY_NO_SCREENSPACE_SHADOWS UNITY_PBS_USE_BRDF3 UNITY_SPECCUBE_BOX_PROJECTION SHADER_API_DESKTOP UNITY_COLORSPACE_GAMMA UNITY_LIGHTMAP_RGBM_ENCODING ok=1
Cmd: compileSnippet
  api=4 type=1 insize=5770 outsize=2782 kw=UNITY_PASS_FORWARDBASE DIRECTIONAL LIGHTPROBE_SH pd=UNITY_ENABLE_REFLECTION_BUFFERS UNITY_NO_SCREENSPACE_SHADOWS UNITY_PBS_USE_BRDF3 UNITY_SPECCUBE_BOX_PROJECTION SHADER_API_DESKTOP UNITY_COLORSPACE_GAMMA UNITY_LIGHTMAP_RGBM_ENCODING ok=1
Cmd: preprocess
  insize=7270 outsize=1581 ok=1
Cmd: compileSnippet
  error: 1 plat 4 at (73): Output value 'vert' is not completely initialized\nCompiling Vertex program with UNITY_PASS_FORWARDBASE DIRECTIONAL
Platform defines: UNITY_ENABLE_REFLECTION_BUFFERS UNITY_USE_DITHER_MASK_FOR_ALPHABLENDED_SHADOWS UNITY_PBS_USE_BRDF1 UNITY_SPECCUBE_BOX_PROJECTION UNITY_SPECCUBE_BLENDING UNITY_ENABLE_DETAIL_NORMALMAP SHADER_API_DESKTOP UNITY_COLORSPACE_GAMMA UNITY_LIGHT_PROBE_PROXY_VOLUME UNITY_LIGHTMAP_RGBM_ENCODING
  api=4 type=0 insize=5772 outsize=1810 kw=UNITY_PASS_FORWARDBASE DIRECTIONAL pd=UNITY_ENABLE_REFLECTION_BUFFERS UNITY_USE_DITHER_MASK_FOR_ALPHABLENDED_SHADOWS UNITY_PBS_USE_BRDF1 UNITY_SPECCUBE_BOX_PROJECTION UNITY_SPECCUBE_BLENDING UNITY_ENABLE_DETAIL_NORMALMAP SHADER_API_DESKTOP UNITY_COLORSPACE_GAMMA UNITY_LIGHT_PROBE_PROXY_VOLUME UNITY_LIGHTMAP_RGBM_ENCODING ok=1
Cmd: compileSnippet
  api=4 type=1 insize=5772 outsize=2778 kw=UNITY_PASS_FORWARDBASE DIRECTIONAL pd=UNITY_ENABLE_REFLECTION_BUFFERS UNITY_USE_DITHER_MASK_FOR_ALPHABLENDED_SHADOWS UNITY_PBS_USE_BRDF1 UNITY_SPECCUBE_BOX_PROJECTION UNITY_SPECCUBE_BLENDING UNITY_ENABLE_DETAIL_NORMALMAP SHADER_API_DESKTOP UNITY_COLORSPACE_GAMMA UNITY_LIGHT_PROBE_PROXY_VOLUME UNITY_LIGHTMAP_RGBM_ENCODING ok=1
Cmd: compileSnippet
  error: 1 plat 4 at (73): Output value 'vert' is not completely initialized\nCompiling Vertex program with UNITY_PASS_FORWARDBASE DIRECTIONAL LIGHTMAP_ON
Platform defines: UNITY_ENABLE_REFLECTION_BUFFERS UNITY_NO_SCREENSPACE_SHADOWS UNITY_PBS_USE_BRDF3 UNITY_SPECCUBE_BOX_PROJECTION SHADER_API_DESKTOP UNITY_COLORSPACE_GAMMA UNITY_LIGHTMAP_RGBM_ENCODING
  api=4 type=0 insize=5772 outsize=1810 kw=UNITY_PASS_FORWARDBASE DIRECTIONAL LIGHTMAP_ON pd=UNITY_ENABLE_REFLECTION_BUFFERS UNITY_NO_SCREENSPACE_SHADOWS UNITY_PBS_USE_BRDF3 UNITY_SPECCUBE_BOX_PROJECTION SHADER_API_DESKTOP UNITY_COLORSPACE_GAMMA UNITY_LIGHTMAP_RGBM_ENCODING ok=1
Cmd: compileSnippet
  api=4 type=1 insize=5772 outsize=2778 kw=UNITY_PASS_FORWARDBASE DIRECTIONAL LIGHTMAP_ON pd=UNITY_ENABLE_REFLECTION_BUFFERS UNITY_NO_SCREENSPACE_SHADOWS UNITY_PBS_USE_BRDF3 UNITY_SPECCUBE_BOX_PROJECTION SHADER_API_DESKTOP UNITY_COLORSPACE_GAMMA UNITY_LIGHTMAP_RGBM_ENCODING ok=1
Cmd: compileSnippet
  error: 1 plat 4 at (73): Output value 'vert' is not completely initialized\nCompiling Vertex program with UNITY_PASS_FORWARDBASE DIRECTIONAL
Platform defines: UNITY_ENABLE_REFLECTION_BUFFERS UNITY_NO_SCREENSPACE_SHADOWS UNITY_PBS_USE_BRDF3 UNITY_SPECCUBE_BOX_PROJECTION SHADER_API_DESKTOP UNITY_COLORSPACE_GAMMA UNITY_LIGHTMAP_RGBM_ENCODING
  api=4 type=0 insize=5772 outsize=1810 kw=UNITY_PASS_FORWARDBASE DIRECTIONAL pd=UNITY_ENABLE_REFLECTION_BUFFERS UNITY_NO_SCREENSPACE_SHADOWS UNITY_PBS_USE_BRDF3 UNITY_SPECCUBE_BOX_PROJECTION SHADER_API_DESKTOP UNITY_COLORSPACE_GAMMA UNITY_LIGHTMAP_RGBM_ENCODING ok=1
Cmd: compileSnippet
  api=4 type=1 insize=5772 outsize=2778 kw=UNITY_PASS_FORWARDBASE DIRECTIONAL pd=UNITY_ENABLE_REFLECTION_BUFFERS UNITY_NO_SCREENSPACE_SHADOWS UNITY_PBS_USE_BRDF3 UNITY_SPECCUBE_BOX_PROJECTION SHADER_API_DESKTOP UNITY_COLORSPACE_GAMMA UNITY_LIGHTMAP_RGBM_ENCODING ok=1
Cmd: compileSnippet
  error: 1 plat 4 at (73): Output value 'vert' is not completely initialized\nCompiling Vertex program with UNITY_PASS_FORWARDBASE DIRECTIONAL LIGHTPROBE_SH
Platform defines: UNITY_ENABLE_REFLECTION_BUFFERS UNITY_NO_SCREENSPACE_SHADOWS UNITY_PBS_USE_BRDF3 UNITY_SPECCUBE_BOX_PROJECTION SHADER_API_DESKTOP UNITY_COLORSPACE_GAMMA UNITY_LIGHTMAP_RGBM_ENCODING
  api=4 type=0 insize=5772 outsize=1810 kw=UNITY_PASS_FORWARDBASE DIRECTIONAL LIGHTPROBE_SH pd=UNITY_ENABLE_REFLECTION_BUFFERS UNITY_NO_SCREENSPACE_SHADOWS UNITY_PBS_USE_BRDF3 UNITY_SPECCUBE_BOX_PROJECTION SHADER_API_DESKTOP UNITY_COLORSPACE_GAMMA UNITY_LIGHTMAP_RGBM_ENCODING ok=1
Cmd: compileSnippet
  api=4 type=1 insize=5772 outsize=2778 kw=UNITY_PASS_FORWARDBASE DIRECTIONAL LIGHTPROBE_SH pd=UNITY_ENABLE_REFLECTION_BUFFERS UNITY_NO_SCREENSPACE_SHADOWS UNITY_PBS_USE_BRDF3 UNITY_SPECCUBE_BOX_PROJECTION SHADER_API_DESKTOP UNITY_COLORSPACE_GAMMA UNITY_LIGHTMAP_RGBM_ENCODING ok=1
Cmd: preprocess
  insize=7272 outsize=1581 ok=1
Cmd: compileSnippet
  error: 1 plat 4 at (73): Output value 'vert' is not completely initialized\nCompiling Vertex program with UNITY_PASS_FORWARDBASE DIRECTIONAL
Platform defines: UNITY_ENABLE_REFLECTION_BUFFERS UNITY_USE_DITHER_MASK_FOR_ALPHABLENDED_SHADOWS UNITY_PBS_USE_BRDF1 UNITY_SPECCUBE_BOX_PROJECTION UNITY_SPECCUBE_BLENDING UNITY_ENABLE_DETAIL_NORMALMAP SHADER_API_DESKTOP UNITY_COLORSPACE_GAMMA UNITY_LIGHT_PROBE_PROXY_VOLUME UNITY_LIGHTMAP_RGBM_ENCODING
  api=4 type=0 insize=5774 outsize=1810 kw=UNITY_PASS_FORWARDBASE DIRECTIONAL pd=UNITY_ENABLE_REFLECTION_BUFFERS UNITY_USE_DITHER_MASK_FOR_ALPHABLENDED_SHADOWS UNITY_PBS_USE_BRDF1 UNITY_SPECCUBE_BOX_PROJECTION UNITY_SPECCUBE_BLENDING UNITY_ENABLE_DETAIL_NORMALMAP SHADER_API_DESKTOP UNITY_COLORSPACE_GAMMA UNITY_LIGHT_PROBE_PROXY_VOLUME UNITY_LIGHTMAP_RGBM_ENCODING ok=1
Cmd: compileSnippet
  api=4 type=1 insize=5774 outsize=2794 kw=UNITY_PASS_FORWARDBASE DIRECTIONAL pd=UNITY_ENABLE_REFLECTION_BUFFERS UNITY_USE_DITHER_MASK_FOR_ALPHABLENDED_SHADOWS UNITY_PBS_USE_BRDF1 UNITY_SPECCUBE_BOX_PROJECTION UNITY_SPECCUBE_BLENDING UNITY_ENABLE_DETAIL_NORMALMAP SHADER_API_DESKTOP UNITY_COLORSPACE_GAMMA UNITY_LIGHT_PROBE_PROXY_VOLUME UNITY_LIGHTMAP_RGBM_ENCODING ok=1
Cmd: compileSnippet
  error: 1 plat 4 at (73): Output value 'vert' is not completely initialized\nCompiling Vertex program with UNITY_PASS_FORWARDBASE DIRECTIONAL LIGHTMAP_ON
Platform defines: UNITY_ENABLE_REFLECTION_BUFFERS UNITY_NO_SCREENSPACE_SHADOWS UNITY_PBS_USE_BRDF3 UNITY_SPECCUBE_BOX_PROJECTION SHADER_API_DESKTOP UNITY_COLORSPACE_GAMMA UNITY_LIGHTMAP_RGBM_ENCODING
  api=4 type=0 insize=5774 outsize=1810 kw=UNITY_PASS_FORWARDBASE DIRECTIONAL LIGHTMAP_ON pd=UNITY_ENABLE_REFLECTION_BUFFERS UNITY_NO_SCREENSPACE_SHADOWS UNITY_PBS_USE_BRDF3 UNITY_SPECCUBE_BOX_PROJECTION SHADER_API_DESKTOP UNITY_COLORSPACE_GAMMA UNITY_LIGHTMAP_RGBM_ENCODING ok=1
Cmd: compileSnippet
  api=4 type=1 insize=5774 outsize=2794 kw=UNITY_PASS_FORWARDBASE DIRECTIONAL LIGHTMAP_ON pd=UNITY_ENABLE_REFLECTION_BUFFERS UNITY_NO_SCREENSPACE_SHADOWS UNITY_PBS_USE_BRDF3 UNITY_SPECCUBE_BOX_PROJECTION SHADER_API_DESKTOP UNITY_COLORSPACE_GAMMA UNITY_LIGHTMAP_RGBM_ENCODING ok=1
Cmd: compileSnippet
  error: 1 plat 4 at (73): Output value 'vert' is not completely initialized\nCompiling Vertex program with UNITY_PASS_FORWARDBASE DIRECTIONAL
Platform defines: UNITY_ENABLE_REFLECTION_BUFFERS UNITY_NO_SCREENSPACE_SHADOWS UNITY_PBS_USE_BRDF3 UNITY_SPECCUBE_BOX_PROJECTION SHADER_API_DESKTOP UNITY_COLORSPACE_GAMMA UNITY_LIGHTMAP_RGBM_ENCODING
  api=4 type=0 insize=5774 outsize=1810 kw=UNITY_PASS_FORWARDBASE DIRECTIONAL pd=UNITY_ENABLE_REFLECTION_BUFFERS UNITY_NO_SCREENSPACE_SHADOWS UNITY_PBS_USE_BRDF3 UNITY_SPECCUBE_BOX_PROJECTION SHADER_API_DESKTOP UNITY_COLORSPACE_GAMMA UNITY_LIGHTMAP_RGBM_ENCODING ok=1
Cmd: compileSnippet
  api=4 type=1 insize=5774 outsize=2794 kw=UNITY_PASS_FORWARDBASE DIRECTIONAL pd=UNITY_ENABLE_REFLECTION_BUFFERS UNITY_NO_SCREENSPACE_SHADOWS UNITY_PBS_USE_BRDF3 UNITY_SPECCUBE_BOX_PROJECTION SHADER_API_DESKTOP UNITY_COLORSPACE_GAMMA UNITY_LIGHTMAP_RGBM_ENCODING ok=1
Cmd: compileSnippet
  error: 1 plat 4 at (73): Output value 'vert' is not completely initialized\nCompiling Vertex program with UNITY_PASS_FORWARDBASE DIRECTIONAL LIGHTPROBE_SH
Platform defines: UNITY_ENABLE_REFLECTION_BUFFERS UNITY_NO_SCREENSPACE_SHADOWS UNITY_PBS_USE_BRDF3 UNITY_SPECCUBE_BOX_PROJECTION SHADER_API_DESKTOP UNITY_COLORSPACE_GAMMA UNITY_LIGHTMAP_RGBM_ENCODING
  api=4 type=0 insize=5774 outsize=1810 kw=UNITY_PASS_FORWARDBASE DIRECTIONAL LIGHTPROBE_SH pd=UNITY_ENABLE_REFLECTION_BUFFERS UNITY_NO_SCREENSPACE_SHADOWS UNITY_PBS_USE_BRDF3 UNITY_SPECCUBE_BOX_PROJECTION SHADER_API_DESKTOP UNITY_COLORSPACE_GAMMA UNITY_LIGHTMAP_RGBM_ENCODING ok=1
Cmd: compileSnippet
  api=4 type=1 insize=5774 outsize=2794 kw=UNITY_PASS_FORWARDBASE DIRECTIONAL LIGHTPROBE_SH pd=UNITY_ENABLE_REFLECTION_BUFFERS UNITY_NO_SCREENSPACE_SHADOWS UNITY_PBS_USE_BRDF3 UNITY_SPECCUBE_BOX_PROJECTION SHADER_API_DESKTOP UNITY_COLORSPACE_GAMMA UNITY_LIGHTMAP_RGBM_ENCODING ok=1
Cmd: preprocess
  insize=7272 outsize=1581 ok=1
Cmd: compileSnippet
  error: 1 plat 4 at (73): Output value 'vert' is not completely initialized\nCompiling Vertex program with UNITY_PASS_FORWARDBASE DIRECTIONAL
Platform defines: UNITY_ENABLE_REFLECTION_BUFFERS UNITY_USE_DITHER_MASK_FOR_ALPHABLENDED_SHADOWS UNITY_PBS_USE_BRDF1 UNITY_SPECCUBE_BOX_PROJECTION UNITY_SPECCUBE_BLENDING UNITY_ENABLE_DETAIL_NORMALMAP SHADER_API_DESKTOP UNITY_COLORSPACE_GAMMA UNITY_LIGHT_PROBE_PROXY_VOLUME UNITY_LIGHTMAP_RGBM_ENCODING
  api=4 type=0 insize=5774 outsize=1810 kw=UNITY_PASS_FORWARDBASE DIRECTIONAL pd=UNITY_ENABLE_REFLECTION_BUFFERS UNITY_USE_DITHER_MASK_FOR_ALPHABLENDED_SHADOWS UNITY_PBS_USE_BRDF1 UNITY_SPECCUBE_BOX_PROJECTION UNITY_SPECCUBE_BLENDING UNITY_ENABLE_DETAIL_NORMALMAP SHADER_API_DESKTOP UNITY_COLORSPACE_GAMMA UNITY_LIGHT_PROBE_PROXY_VOLUME UNITY_LIGHTMAP_RGBM_ENCODING ok=1
Cmd: compileSnippet
  api=4 type=1 insize=5774 outsize=2794 kw=UNITY_PASS_FORWARDBASE DIRECTIONAL pd=UNITY_ENABLE_REFLECTION_BUFFERS UNITY_USE_DITHER_MASK_FOR_ALPHABLENDED_SHADOWS UNITY_PBS_USE_BRDF1 UNITY_SPECCUBE_BOX_PROJECTION UNITY_SPECCUBE_BLENDING UNITY_ENABLE_DETAIL_NORMALMAP SHADER_API_DESKTOP UNITY_COLORSPACE_GAMMA UNITY_LIGHT_PROBE_PROXY_VOLUME UNITY_LIGHTMAP_RGBM_ENCODING ok=1
Cmd: compileSnippet
  error: 1 plat 4 at (73): Output value 'vert' is not completely initialized\nCompiling Vertex program with UNITY_PASS_FORWARDBASE DIRECTIONAL LIGHTMAP_ON
Platform defines: UNITY_ENABLE_REFLECTION_BUFFERS UNITY_NO_SCREENSPACE_SHADOWS UNITY_PBS_USE_BRDF3 UNITY_SPECCUBE_BOX_PROJECTION SHADER_API_DESKTOP UNITY_COLORSPACE_GAMMA UNITY_LIGHTMAP_RGBM_ENCODING
  api=4 type=0 insize=5774 outsize=1810 kw=UNITY_PASS_FORWARDBASE DIRECTIONAL LIGHTMAP_ON pd=UNITY_ENABLE_REFLECTION_BUFFERS UNITY_NO_SCREENSPACE_SHADOWS UNITY_PBS_USE_BRDF3 UNITY_SPECCUBE_BOX_PROJECTION SHADER_API_DESKTOP UNITY_COLORSPACE_GAMMA UNITY_LIGHTMAP_RGBM_ENCODING ok=1
Cmd: compileSnippet
  api=4 type=1 insize=5774 outsize=2794 kw=UNITY_PASS_FORWARDBASE DIRECTIONAL LIGHTMAP_ON pd=UNITY_ENABLE_REFLECTION_BUFFERS UNITY_NO_SCREENSPACE_SHADOWS UNITY_PBS_USE_BRDF3 UNITY_SPECCUBE_BOX_PROJECTION SHADER_API_DESKTOP UNITY_COLORSPACE_GAMMA UNITY_LIGHTMAP_RGBM_ENCODING ok=1
Cmd: compileSnippet
  error: 1 plat 4 at (73): Output value 'vert' is not completely initialized\nCompiling Vertex program with UNITY_PASS_FORWARDBASE DIRECTIONAL
Platform defines: UNITY_ENABLE_REFLECTION_BUFFERS UNITY_NO_SCREENSPACE_SHADOWS UNITY_PBS_USE_BRDF3 UNITY_SPECCUBE_BOX_PROJECTION SHADER_API_DESKTOP UNITY_COLORSPACE_GAMMA UNITY_LIGHTMAP_RGBM_ENCODING
  api=4 type=0 insize=5774 outsize=1810 kw=UNITY_PASS_FORWARDBASE DIRECTIONAL pd=UNITY_ENABLE_REFLECTION_BUFFERS UNITY_NO_SCREENSPACE_SHADOWS UNITY_PBS_USE_BRDF3 UNITY_SPECCUBE_BOX_PROJECTION SHADER_API_DESKTOP UNITY_COLORSPACE_GAMMA UNITY_LIGHTMAP_RGBM_ENCODING ok=1
Cmd: compileSnippet
  api=4 type=1 insize=5774 outsize=2794 kw=UNITY_PASS_FORWARDBASE DIRECTIONAL pd=UNITY_ENABLE_REFLECTION_BUFFERS UNITY_NO_SCREENSPACE_SHADOWS UNITY_PBS_USE_BRDF3 UNITY_SPECCUBE_BOX_PROJECTION SHADER_API_DESKTOP UNITY_COLORSPACE_GAMMA UNITY_LIGHTMAP_RGBM_ENCODING ok=1
Cmd: compileSnippet
  error: 1 plat 4 at (73): Output value 'vert' is not completely initialized\nCompiling Vertex program with UNITY_PASS_FORWARDBASE DIRECTIONAL LIGHTPROBE_SH
Platform defines: UNITY_ENABLE_REFLECTION_BUFFERS UNITY_NO_SCREENSPACE_SHADOWS UNITY_PBS_USE_BRDF3 UNITY_SPECCUBE_BOX_PROJECTION SHADER_API_DESKTOP UNITY_COLORSPACE_GAMMA UNITY_LIGHTMAP_RGBM_ENCODING
  api=4 type=0 insize=5774 outsize=1810 kw=UNITY_PASS_FORWARDBASE DIRECTIONAL LIGHTPROBE_SH pd=UNITY_ENABLE_REFLECTION_BUFFERS UNITY_NO_SCREENSPACE_SHADOWS UNITY_PBS_USE_BRDF3 UNITY_SPECCUBE_BOX_PROJECTION SHADER_API_DESKTOP UNITY_COLORSPACE_GAMMA UNITY_LIGHTMAP_RGBM_ENCODING ok=1
Cmd: compileSnippet
  api=4 type=1 insize=5774 outsize=2794 kw=UNITY_PASS_FORWARDBASE DIRECTIONAL LIGHTPROBE_SH pd=UNITY_ENABLE_REFLECTION_BUFFERS UNITY_NO_SCREENSPACE_SHADOWS UNITY_PBS_USE_BRDF3 UNITY_SPECCUBE_BOX_PROJECTION SHADER_API_DESKTOP UNITY_COLORSPACE_GAMMA UNITY_LIGHTMAP_RGBM_ENCODING ok=1
Cmd: preprocess
  insize=7276 outsize=1581 ok=1
Cmd: compileSnippet
  error: 1 plat 4 at (73): Output value 'vert' is not completely initialized\nCompiling Vertex program with UNITY_PASS_FORWARDBASE DIRECTIONAL
Platform defines: UNITY_ENABLE_REFLECTION_BUFFERS UNITY_USE_DITHER_MASK_FOR_ALPHABLENDED_SHADOWS UNITY_PBS_USE_BRDF1 UNITY_SPECCUBE_BOX_PROJECTION UNITY_SPECCUBE_BLENDING UNITY_ENABLE_DETAIL_NORMALMAP SHADER_API_DESKTOP UNITY_COLORSPACE_GAMMA UNITY_LIGHT_PROBE_PROXY_VOLUME UNITY_LIGHTMAP_RGBM_ENCODING
  api=4 type=0 insize=5778 outsize=1810 kw=UNITY_PASS_FORWARDBASE DIRECTIONAL pd=UNITY_ENABLE_REFLECTION_BUFFERS UNITY_USE_DITHER_MASK_FOR_ALPHABLENDED_SHADOWS UNITY_PBS_USE_BRDF1 UNITY_SPECCUBE_BOX_PROJECTION UNITY_SPECCUBE_BLENDING UNITY_ENABLE_DETAIL_NORMALMAP SHADER_API_DESKTOP UNITY_COLORSPACE_GAMMA UNITY_LIGHT_PROBE_PROXY_VOLUME UNITY_LIGHTMAP_RGBM_ENCODING ok=1
Cmd: compileSnippet
  api=4 type=1 insize=5778 outsize=2774 kw=UNITY_PASS_FORWARDBASE DIRECTIONAL pd=UNITY_ENABLE_REFLECTION_BUFFERS UNITY_USE_DITHER_MASK_FOR_ALPHABLENDED_SHADOWS UNITY_PBS_USE_BRDF1 UNITY_SPECCUBE_BOX_PROJECTION UNITY_SPECCUBE_BLENDING UNITY_ENABLE_DETAIL_NORMALMAP SHADER_API_DESKTOP UNITY_COLORSPACE_GAMMA UNITY_LIGHT_PROBE_PROXY_VOLUME UNITY_LIGHTMAP_RGBM_ENCODING ok=1
Cmd: compileSnippet
  error: 1 plat 4 at (73): Output value 'vert' is not completely initialized\nCompiling Vertex program with UNITY_PASS_FORWARDBASE DIRECTIONAL LIGHTMAP_ON
Platform defines: UNITY_ENABLE_REFLECTION_BUFFERS UNITY_NO_SCREENSPACE_SHADOWS UNITY_PBS_USE_BRDF3 UNITY_SPECCUBE_BOX_PROJECTION SHADER_API_DESKTOP UNITY_COLORSPACE_GAMMA UNITY_LIGHTMAP_RGBM_ENCODING
  api=4 type=0 insize=5778 outsize=1810 kw=UNITY_PASS_FORWARDBASE DIRECTIONAL LIGHTMAP_ON pd=UNITY_ENABLE_REFLECTION_BUFFERS UNITY_NO_SCREENSPACE_SHADOWS UNITY_PBS_USE_BRDF3 UNITY_SPECCUBE_BOX_PROJECTION SHADER_API_DESKTOP UNITY_COLORSPACE_GAMMA UNITY_LIGHTMAP_RGBM_ENCODING ok=1
Cmd: compileSnippet
  api=4 type=1 insize=5778 outsize=2774 kw=UNITY_PASS_FORWARDBASE DIRECTIONAL LIGHTMAP_ON pd=UNITY_ENABLE_REFLECTION_BUFFERS UNITY_NO_SCREENSPACE_SHADOWS UNITY_PBS_USE_BRDF3 UNITY_SPECCUBE_BOX_PROJECTION SHADER_API_DESKTOP UNITY_COLORSPACE_GAMMA UNITY_LIGHTMAP_RGBM_ENCODING ok=1
Cmd: compileSnippet
  api=4 type=0 insize=5778 outsize=2030 kw=UNITY_PASS_FORWARDBASE DIRECTIONAL SHADOWS_SCREEN LIGHTMAP_ON LIGHTMAP_SHADOW_MIXING pd=UNITY_ENABLE_REFLECTION_BUFFERS UNITY_NO_SCREENSPACE_SHADOWS UNITY_PBS_USE_BRDF3 UNITY_SPECCUBE_BOX_PROJECTION SHADER_API_DESKTOP UNITY_COLORSPACE_GAMMA UNITY_LIGHTMAP_RGBM_ENCODING ok=1
Cmd: compileSnippet
  api=4 type=1 insize=5778 outsize=2746 kw=UNITY_PASS_FORWARDBASE DIRECTIONAL SHADOWS_SCREEN LIGHTMAP_ON LIGHTMAP_SHADOW_MIXING pd=UNITY_ENABLE_REFLECTION_BUFFERS UNITY_NO_SCREENSPACE_SHADOWS UNITY_PBS_USE_BRDF3 UNITY_SPECCUBE_BOX_PROJECTION SHADER_API_DESKTOP UNITY_COLORSPACE_GAMMA UNITY_LIGHTMAP_RGBM_ENCODING ok=1
Cmd: compileSnippet
  error: 1 plat 4 at (73): Output value 'vert' is not completely initialized\nCompiling Vertex program with UNITY_PASS_FORWARDBASE DIRECTIONAL LIGHTMAP_ON LIGHTMAP_SHADOW_MIXING
Platform defines: UNITY_ENABLE_REFLECTION_BUFFERS UNITY_NO_SCREENSPACE_SHADOWS UNITY_PBS_USE_BRDF3 UNITY_SPECCUBE_BOX_PROJECTION SHADER_API_DESKTOP UNITY_COLORSPACE_GAMMA UNITY_LIGHTMAP_RGBM_ENCODING
  api=4 type=0 insize=5778 outsize=1810 kw=UNITY_PASS_FORWARDBASE DIRECTIONAL LIGHTMAP_ON LIGHTMAP_SHADOW_MIXING pd=UNITY_ENABLE_REFLECTION_BUFFERS UNITY_NO_SCREENSPACE_SHADOWS UNITY_PBS_USE_BRDF3 UNITY_SPECCUBE_BOX_PROJECTION SHADER_API_DESKTOP UNITY_COLORSPACE_GAMMA UNITY_LIGHTMAP_RGBM_ENCODING ok=1
Cmd: compileSnippet
  api=4 type=1 insize=5778 outsize=2774 kw=UNITY_PASS_FORWARDBASE DIRECTIONAL LIGHTMAP_ON LIGHTMAP_SHADOW_MIXING pd=UNITY_ENABLE_REFLECTION_BUFFERS UNITY_NO_SCREENSPACE_SHADOWS UNITY_PBS_USE_BRDF3 UNITY_SPECCUBE_BOX_PROJECTION SHADER_API_DESKTOP UNITY_COLORSPACE_GAMMA UNITY_LIGHTMAP_RGBM_ENCODING ok=1
Cmd: preprocess
  insize=7276 outsize=1581 ok=1
Cmd: compileSnippet
  error: 1 plat 4 at (73): Output value 'vert' is not completely initialized\nCompiling Vertex program with UNITY_PASS_FORWARDBASE DIRECTIONAL
Platform defines: UNITY_ENABLE_REFLECTION_BUFFERS UNITY_USE_DITHER_MASK_FOR_ALPHABLENDED_SHADOWS UNITY_PBS_USE_BRDF1 UNITY_SPECCUBE_BOX_PROJECTION UNITY_SPECCUBE_BLENDING UNITY_ENABLE_DETAIL_NORMALMAP SHADER_API_DESKTOP UNITY_COLORSPACE_GAMMA UNITY_LIGHT_PROBE_PROXY_VOLUME UNITY_LIGHTMAP_RGBM_ENCODING
  api=4 type=0 insize=5778 outsize=1810 kw=UNITY_PASS_FORWARDBASE DIRECTIONAL pd=UNITY_ENABLE_REFLECTION_BUFFERS UNITY_USE_DITHER_MASK_FOR_ALPHABLENDED_SHADOWS UNITY_PBS_USE_BRDF1 UNITY_SPECCUBE_BOX_PROJECTION UNITY_SPECCUBE_BLENDING UNITY_ENABLE_DETAIL_NORMALMAP SHADER_API_DESKTOP UNITY_COLORSPACE_GAMMA UNITY_LIGHT_PROBE_PROXY_VOLUME UNITY_LIGHTMAP_RGBM_ENCODING ok=1
Cmd: compileSnippet
  api=4 type=1 insize=5778 outsize=2762 kw=UNITY_PASS_FORWARDBASE DIRECTIONAL pd=UNITY_ENABLE_REFLECTION_BUFFERS UNITY_USE_DITHER_MASK_FOR_ALPHABLENDED_SHADOWS UNITY_PBS_USE_BRDF1 UNITY_SPECCUBE_BOX_PROJECTION UNITY_SPECCUBE_BLENDING UNITY_ENABLE_DETAIL_NORMALMAP SHADER_API_DESKTOP UNITY_COLORSPACE_GAMMA UNITY_LIGHT_PROBE_PROXY_VOLUME UNITY_LIGHTMAP_RGBM_ENCODING ok=1
Cmd: compileSnippet
  api=4 type=0 insize=5778 outsize=2030 kw=UNITY_PASS_FORWARDBASE DIRECTIONAL SHADOWS_SCREEN LIGHTMAP_ON LIGHTMAP_SHADOW_MIXING pd=UNITY_ENABLE_REFLECTION_BUFFERS UNITY_NO_SCREENSPACE_SHADOWS UNITY_PBS_USE_BRDF3 UNITY_SPECCUBE_BOX_PROJECTION SHADER_API_DESKTOP UNITY_COLORSPACE_GAMMA UNITY_LIGHTMAP_RGBM_ENCODING ok=1
Cmd: compileSnippet
  api=4 type=1 insize=5778 outsize=2734 kw=UNITY_PASS_FORWARDBASE DIRECTIONAL SHADOWS_SCREEN LIGHTMAP_ON LIGHTMAP_SHADOW_MIXING pd=UNITY_ENABLE_REFLECTION_BUFFERS UNITY_NO_SCREENSPACE_SHADOWS UNITY_PBS_USE_BRDF3 UNITY_SPECCUBE_BOX_PROJECTION SHADER_API_DESKTOP UNITY_COLORSPACE_GAMMA UNITY_LIGHTMAP_RGBM_ENCODING ok=1
Cmd: compileSnippet
  error: 1 plat 4 at (73): Output value 'vert' is not completely initialized\nCompiling Vertex program with UNITY_PASS_FORWARDBASE DIRECTIONAL
Platform defines: UNITY_ENABLE_REFLECTION_BUFFERS UNITY_NO_SCREENSPACE_SHADOWS UNITY_PBS_USE_BRDF3 UNITY_SPECCUBE_BOX_PROJECTION SHADER_API_DESKTOP UNITY_COLORSPACE_GAMMA UNITY_LIGHTMAP_RGBM_ENCODING
  api=4 type=0 insize=5778 outsize=1810 kw=UNITY_PASS_FORWARDBASE DIRECTIONAL pd=UNITY_ENABLE_REFLECTION_BUFFERS UNITY_NO_SCREENSPACE_SHADOWS UNITY_PBS_USE_BRDF3 UNITY_SPECCUBE_BOX_PROJECTION SHADER_API_DESKTOP UNITY_COLORSPACE_GAMMA UNITY_LIGHTMAP_RGBM_ENCODING ok=1
Cmd: compileSnippet
  api=4 type=1 insize=5778 outsize=2762 kw=UNITY_PASS_FORWARDBASE DIRECTIONAL pd=UNITY_ENABLE_REFLECTION_BUFFERS UNITY_NO_SCREENSPACE_SHADOWS UNITY_PBS_USE_BRDF3 UNITY_SPECCUBE_BOX_PROJECTION SHADER_API_DESKTOP UNITY_COLORSPACE_GAMMA UNITY_LIGHTMAP_RGBM_ENCODING ok=1
Cmd: compileSnippet
  error: 1 plat 4 at (73): Output value 'vert' is not completely initialized\nCompiling Vertex program with UNITY_PASS_FORWARDBASE DIRECTIONAL LIGHTPROBE_SH
Platform defines: UNITY_ENABLE_REFLECTION_BUFFERS UNITY_NO_SCREENSPACE_SHADOWS UNITY_PBS_USE_BRDF3 UNITY_SPECCUBE_BOX_PROJECTION SHADER_API_DESKTOP UNITY_COLORSPACE_GAMMA UNITY_LIGHTMAP_RGBM_ENCODING
  api=4 type=0 insize=5778 outsize=1810 kw=UNITY_PASS_FORWARDBASE DIRECTIONAL LIGHTPROBE_SH pd=UNITY_ENABLE_REFLECTION_BUFFERS UNITY_NO_SCREENSPACE_SHADOWS UNITY_PBS_USE_BRDF3 UNITY_SPECCUBE_BOX_PROJECTION SHADER_API_DESKTOP UNITY_COLORSPACE_GAMMA UNITY_LIGHTMAP_RGBM_ENCODING ok=1
Cmd: compileSnippet
  api=4 type=1 insize=5778 outsize=2762 kw=UNITY_PASS_FORWARDBASE DIRECTIONAL LIGHTPROBE_SH pd=UNITY_ENABLE_REFLECTION_BUFFERS UNITY_NO_SCREENSPACE_SHADOWS UNITY_PBS_USE_BRDF3 UNITY_SPECCUBE_BOX_PROJECTION SHADER_API_DESKTOP UNITY_COLORSPACE_GAMMA UNITY_LIGHTMAP_RGBM_ENCODING ok=1
Cmd: preprocess
  insize=7276 outsize=1581 ok=1
Cmd: compileSnippet
  error: 1 plat 4 at (73): Output value 'vert' is not completely initialized\nCompiling Vertex program with UNITY_PASS_FORWARDBASE DIRECTIONAL
Platform defines: UNITY_ENABLE_REFLECTION_BUFFERS UNITY_USE_DITHER_MASK_FOR_ALPHABLENDED_SHADOWS UNITY_PBS_USE_BRDF1 UNITY_SPECCUBE_BOX_PROJECTION UNITY_SPECCUBE_BLENDING UNITY_ENABLE_DETAIL_NORMALMAP SHADER_API_DESKTOP UNITY_COLORSPACE_GAMMA UNITY_LIGHT_PROBE_PROXY_VOLUME UNITY_LIGHTMAP_RGBM_ENCODING
  api=4 type=0 insize=5778 outsize=1810 kw=UNITY_PASS_FORWARDBASE DIRECTIONAL pd=UNITY_ENABLE_REFLECTION_BUFFERS UNITY_USE_DITHER_MASK_FOR_ALPHABLENDED_SHADOWS UNITY_PBS_USE_BRDF1 UNITY_SPECCUBE_BOX_PROJECTION UNITY_SPECCUBE_BLENDING UNITY_ENABLE_DETAIL_NORMALMAP SHADER_API_DESKTOP UNITY_COLORSPACE_GAMMA UNITY_LIGHT_PROBE_PROXY_VOLUME UNITY_LIGHTMAP_RGBM_ENCODING ok=1
Cmd: compileSnippet
  api=4 type=1 insize=5778 outsize=2770 kw=UNITY_PASS_FORWARDBASE DIRECTIONAL pd=UNITY_ENABLE_REFLECTION_BUFFERS UNITY_USE_DITHER_MASK_FOR_ALPHABLENDED_SHADOWS UNITY_PBS_USE_BRDF1 UNITY_SPECCUBE_BOX_PROJECTION UNITY_SPECCUBE_BLENDING UNITY_ENABLE_DETAIL_NORMALMAP SHADER_API_DESKTOP UNITY_COLORSPACE_GAMMA UNITY_LIGHT_PROBE_PROXY_VOLUME UNITY_LIGHTMAP_RGBM_ENCODING ok=1
Cmd: compileSnippet
  api=4 type=0 insize=5778 outsize=2030 kw=UNITY_PASS_FORWARDBASE DIRECTIONAL SHADOWS_SCREEN LIGHTMAP_ON LIGHTMAP_SHADOW_MIXING pd=UNITY_ENABLE_REFLECTION_BUFFERS UNITY_NO_SCREENSPACE_SHADOWS UNITY_PBS_USE_BRDF3 UNITY_SPECCUBE_BOX_PROJECTION SHADER_API_DESKTOP UNITY_COLORSPACE_GAMMA UNITY_LIGHTMAP_RGBM_ENCODING ok=1
Cmd: compileSnippet
  api=4 type=1 insize=5778 outsize=2742 kw=UNITY_PASS_FORWARDBASE DIRECTIONAL SHADOWS_SCREEN LIGHTMAP_ON LIGHTMAP_SHADOW_MIXING pd=UNITY_ENABLE_REFLECTION_BUFFERS UNITY_NO_SCREENSPACE_SHADOWS UNITY_PBS_USE_BRDF3 UNITY_SPECCUBE_BOX_PROJECTION SHADER_API_DESKTOP UNITY_COLORSPACE_GAMMA UNITY_LIGHTMAP_RGBM_ENCODING ok=1
Cmd: compileSnippet
  error: 1 plat 4 at (73): Output value 'vert' is not completely initialized\nCompiling Vertex program with UNITY_PASS_FORWARDBASE DIRECTIONAL
Platform defines: UNITY_ENABLE_REFLECTION_BUFFERS UNITY_NO_SCREENSPACE_SHADOWS UNITY_PBS_USE_BRDF3 UNITY_SPECCUBE_BOX_PROJECTION SHADER_API_DESKTOP UNITY_COLORSPACE_GAMMA UNITY_LIGHTMAP_RGBM_ENCODING
  api=4 type=0 insize=5778 outsize=1810 kw=UNITY_PASS_FORWARDBASE DIRECTIONAL pd=UNITY_ENABLE_REFLECTION_BUFFERS UNITY_NO_SCREENSPACE_SHADOWS UNITY_PBS_USE_BRDF3 UNITY_SPECCUBE_BOX_PROJECTION SHADER_API_DESKTOP UNITY_COLORSPACE_GAMMA UNITY_LIGHTMAP_RGBM_ENCODING ok=1
Cmd: compileSnippet
  api=4 type=1 insize=5778 outsize=2770 kw=UNITY_PASS_FORWARDBASE DIRECTIONAL pd=UNITY_ENABLE_REFLECTION_BUFFERS UNITY_NO_SCREENSPACE_SHADOWS UNITY_PBS_USE_BRDF3 UNITY_SPECCUBE_BOX_PROJECTION SHADER_API_DESKTOP UNITY_COLORSPACE_GAMMA UNITY_LIGHTMAP_RGBM_ENCODING ok=1
Cmd: compileSnippet
  error: 1 plat 4 at (73): Output value 'vert' is not completely initialized\nCompiling Vertex program with UNITY_PASS_FORWARDBASE DIRECTIONAL LIGHTPROBE_SH
Platform defines: UNITY_ENABLE_REFLECTION_BUFFERS UNITY_NO_SCREENSPACE_SHADOWS UNITY_PBS_USE_BRDF3 UNITY_SPECCUBE_BOX_PROJECTION SHADER_API_DESKTOP UNITY_COLORSPACE_GAMMA UNITY_LIGHTMAP_RGBM_ENCODING
  api=4 type=0 insize=5778 outsize=1810 kw=UNITY_PASS_FORWARDBASE DIRECTIONAL LIGHTPROBE_SH pd=UNITY_ENABLE_REFLECTION_BUFFERS UNITY_NO_SCREENSPACE_SHADOWS UNITY_PBS_USE_BRDF3 UNITY_SPECCUBE_BOX_PROJECTION SHADER_API_DESKTOP UNITY_COLORSPACE_GAMMA UNITY_LIGHTMAP_RGBM_ENCODING ok=1
Cmd: compileSnippet
  api=4 type=1 insize=5778 outsize=2770 kw=UNITY_PASS_FORWARDBASE DIRECTIONAL LIGHTPROBE_SH pd=UNITY_ENABLE_REFLECTION_BUFFERS UNITY_NO_SCREENSPACE_SHADOWS UNITY_PBS_USE_BRDF3 UNITY_SPECCUBE_BOX_PROJECTION SHADER_API_DESKTOP UNITY_COLORSPACE_GAMMA UNITY_LIGHTMAP_RGBM_ENCODING ok=1
Cmd: preprocess
  insize=7257 outsize=1581 ok=1
Cmd: compileSnippet
  error: 1 plat 4 at (73): Output value 'vert' is not completely initialized\nCompiling Vertex program with UNITY_PASS_FORWARDBASE DIRECTIONAL
Platform defines: UNITY_ENABLE_REFLECTION_BUFFERS UNITY_USE_DITHER_MASK_FOR_ALPHABLENDED_SHADOWS UNITY_PBS_USE_BRDF1 UNITY_SPECCUBE_BOX_PROJECTION UNITY_SPECCUBE_BLENDING UNITY_ENABLE_DETAIL_NORMALMAP SHADER_API_DESKTOP UNITY_COLORSPACE_GAMMA UNITY_LIGHT_PROBE_PROXY_VOLUME UNITY_LIGHTMAP_RGBM_ENCODING
  api=4 type=0 insize=5759 outsize=1810 kw=UNITY_PASS_FORWARDBASE DIRECTIONAL pd=UNITY_ENABLE_REFLECTION_BUFFERS UNITY_USE_DITHER_MASK_FOR_ALPHABLENDED_SHADOWS UNITY_PBS_USE_BRDF1 UNITY_SPECCUBE_BOX_PROJECTION UNITY_SPECCUBE_BLENDING UNITY_ENABLE_DETAIL_NORMALMAP SHADER_API_DESKTOP UNITY_COLORSPACE_GAMMA UNITY_LIGHT_PROBE_PROXY_VOLUME UNITY_LIGHTMAP_RGBM_ENCODING ok=1
Cmd: compileSnippet
  api=4 type=1 insize=5759 outsize=3854 kw=UNITY_PASS_FORWARDBASE DIRECTIONAL pd=UNITY_ENABLE_REFLECTION_BUFFERS UNITY_USE_DITHER_MASK_FOR_ALPHABLENDED_SHADOWS UNITY_PBS_USE_BRDF1 UNITY_SPECCUBE_BOX_PROJECTION UNITY_SPECCUBE_BLENDING UNITY_ENABLE_DETAIL_NORMALMAP SHADER_API_DESKTOP UNITY_COLORSPACE_GAMMA UNITY_LIGHT_PROBE_PROXY_VOLUME UNITY_LIGHTMAP_RGBM_ENCODING ok=1
Cmd: compileSnippet
  api=4 type=0 insize=5759 outsize=2030 kw=UNITY_PASS_FORWARDBASE DIRECTIONAL SHADOWS_SCREEN LIGHTMAP_ON LIGHTMAP_SHADOW_MIXING pd=UNITY_ENABLE_REFLECTION_BUFFERS UNITY_NO_SCREENSPACE_SHADOWS UNITY_PBS_USE_BRDF3 UNITY_SPECCUBE_BOX_PROJECTION SHADER_API_DESKTOP UNITY_COLORSPACE_GAMMA UNITY_LIGHTMAP_RGBM_ENCODING ok=1
Cmd: compileSnippet
  api=4 type=1 insize=5759 outsize=3406 kw=UNITY_PASS_FORWARDBASE DIRECTIONAL SHADOWS_SCREEN LIGHTMAP_ON LIGHTMAP_SHADOW_MIXING pd=UNITY_ENABLE_REFLECTION_BUFFERS UNITY_NO_SCREENSPACE_SHADOWS UNITY_PBS_USE_BRDF3 UNITY_SPECCUBE_BOX_PROJECTION SHADER_API_DESKTOP UNITY_COLORSPACE_GAMMA UNITY_LIGHTMAP_RGBM_ENCODING ok=1
Cmd: compileSnippet
  error: 1 plat 4 at (73): Output value 'vert' is not completely initialized\nCompiling Vertex program with UNITY_PASS_FORWARDBASE DIRECTIONAL
Platform defines: UNITY_ENABLE_REFLECTION_BUFFERS UNITY_NO_SCREENSPACE_SHADOWS UNITY_PBS_USE_BRDF3 UNITY_SPECCUBE_BOX_PROJECTION SHADER_API_DESKTOP UNITY_COLORSPACE_GAMMA UNITY_LIGHTMAP_RGBM_ENCODING
  api=4 type=0 insize=5759 outsize=1810 kw=UNITY_PASS_FORWARDBASE DIRECTIONAL pd=UNITY_ENABLE_REFLECTION_BUFFERS UNITY_NO_SCREENSPACE_SHADOWS UNITY_PBS_USE_BRDF3 UNITY_SPECCUBE_BOX_PROJECTION SHADER_API_DESKTOP UNITY_COLORSPACE_GAMMA UNITY_LIGHTMAP_RGBM_ENCODING ok=1
Cmd: compileSnippet
  api=4 type=1 insize=5759 outsize=3230 kw=UNITY_PASS_FORWARDBASE DIRECTIONAL pd=UNITY_ENABLE_REFLECTION_BUFFERS UNITY_NO_SCREENSPACE_SHADOWS UNITY_PBS_USE_BRDF3 UNITY_SPECCUBE_BOX_PROJECTION SHADER_API_DESKTOP UNITY_COLORSPACE_GAMMA UNITY_LIGHTMAP_RGBM_ENCODING ok=1
Cmd: compileSnippet
  error: 1 plat 4 at (73): Output value 'vert' is not completely initialized\nCompiling Vertex program with UNITY_PASS_FORWARDBASE DIRECTIONAL LIGHTPROBE_SH
Platform defines: UNITY_ENABLE_REFLECTION_BUFFERS UNITY_NO_SCREENSPACE_SHADOWS UNITY_PBS_USE_BRDF3 UNITY_SPECCUBE_BOX_PROJECTION SHADER_API_DESKTOP UNITY_COLORSPACE_GAMMA UNITY_LIGHTMAP_RGBM_ENCODING
  api=4 type=0 insize=5759 outsize=1810 kw=UNITY_PASS_FORWARDBASE DIRECTIONAL LIGHTPROBE_SH pd=UNITY_ENABLE_REFLECTION_BUFFERS UNITY_NO_SCREENSPACE_SHADOWS UNITY_PBS_USE_BRDF3 UNITY_SPECCUBE_BOX_PROJECTION SHADER_API_DESKTOP UNITY_COLORSPACE_GAMMA UNITY_LIGHTMAP_RGBM_ENCODING ok=1
Cmd: compileSnippet
  api=4 type=1 insize=5759 outsize=3230 kw=UNITY_PASS_FORWARDBASE DIRECTIONAL LIGHTPROBE_SH pd=UNITY_ENABLE_REFLECTION_BUFFERS UNITY_NO_SCREENSPACE_SHADOWS UNITY_PBS_USE_BRDF3 UNITY_SPECCUBE_BOX_PROJECTION SHADER_API_DESKTOP UNITY_COLORSPACE_GAMMA UNITY_LIGHTMAP_RGBM_ENCODING ok=1
Cmd: preprocess
  insize=7259 outsize=1581 ok=1
Cmd: compileSnippet
  error: 1 plat 4 at (73): Output value 'vert' is not completely initialized\nCompiling Vertex program with UNITY_PASS_FORWARDBASE DIRECTIONAL
Platform defines: UNITY_ENABLE_REFLECTION_BUFFERS UNITY_USE_DITHER_MASK_FOR_ALPHABLENDED_SHADOWS UNITY_PBS_USE_BRDF1 UNITY_SPECCUBE_BOX_PROJECTION UNITY_SPECCUBE_BLENDING UNITY_ENABLE_DETAIL_NORMALMAP SHADER_API_DESKTOP UNITY_COLORSPACE_GAMMA UNITY_LIGHT_PROBE_PROXY_VOLUME UNITY_LIGHTMAP_RGBM_ENCODING
  api=4 type=0 insize=5761 outsize=1810 kw=UNITY_PASS_FORWARDBASE DIRECTIONAL pd=UNITY_ENABLE_REFLECTION_BUFFERS UNITY_USE_DITHER_MASK_FOR_ALPHABLENDED_SHADOWS UNITY_PBS_USE_BRDF1 UNITY_SPECCUBE_BOX_PROJECTION UNITY_SPECCUBE_BLENDING UNITY_ENABLE_DETAIL_NORMALMAP SHADER_API_DESKTOP UNITY_COLORSPACE_GAMMA UNITY_LIGHT_PROBE_PROXY_VOLUME UNITY_LIGHTMAP_RGBM_ENCODING ok=1
Cmd: compileSnippet
  api=4 type=1 insize=5761 outsize=3854 kw=UNITY_PASS_FORWARDBASE DIRECTIONAL pd=UNITY_ENABLE_REFLECTION_BUFFERS UNITY_USE_DITHER_MASK_FOR_ALPHABLENDED_SHADOWS UNITY_PBS_USE_BRDF1 UNITY_SPECCUBE_BOX_PROJECTION UNITY_SPECCUBE_BLENDING UNITY_ENABLE_DETAIL_NORMALMAP SHADER_API_DESKTOP UNITY_COLORSPACE_GAMMA UNITY_LIGHT_PROBE_PROXY_VOLUME UNITY_LIGHTMAP_RGBM_ENCODING ok=1
Cmd: compileSnippet
  api=4 type=0 insize=5761 outsize=2030 kw=UNITY_PASS_FORWARDBASE DIRECTIONAL SHADOWS_SCREEN LIGHTMAP_ON LIGHTMAP_SHADOW_MIXING pd=UNITY_ENABLE_REFLECTION_BUFFERS UNITY_NO_SCREENSPACE_SHADOWS UNITY_PBS_USE_BRDF3 UNITY_SPECCUBE_BOX_PROJECTION SHADER_API_DESKTOP UNITY_COLORSPACE_GAMMA UNITY_LIGHTMAP_RGBM_ENCODING ok=1
Cmd: compileSnippet
  api=4 type=1 insize=5761 outsize=3406 kw=UNITY_PASS_FORWARDBASE DIRECTIONAL SHADOWS_SCREEN LIGHTMAP_ON LIGHTMAP_SHADOW_MIXING pd=UNITY_ENABLE_REFLECTION_BUFFERS UNITY_NO_SCREENSPACE_SHADOWS UNITY_PBS_USE_BRDF3 UNITY_SPECCUBE_BOX_PROJECTION SHADER_API_DESKTOP UNITY_COLORSPACE_GAMMA UNITY_LIGHTMAP_RGBM_ENCODING ok=1
Cmd: preprocess
  insize=7259 outsize=1581 ok=1
Cmd: compileSnippet
  error: 1 plat 4 at (73): Output value 'vert' is not completely initialized\nCompiling Vertex program with UNITY_PASS_FORWARDBASE DIRECTIONAL
Platform defines: UNITY_ENABLE_REFLECTION_BUFFERS UNITY_USE_DITHER_MASK_FOR_ALPHABLENDED_SHADOWS UNITY_PBS_USE_BRDF1 UNITY_SPECCUBE_BOX_PROJECTION UNITY_SPECCUBE_BLENDING UNITY_ENABLE_DETAIL_NORMALMAP SHADER_API_DESKTOP UNITY_COLORSPACE_GAMMA UNITY_LIGHT_PROBE_PROXY_VOLUME UNITY_LIGHTMAP_RGBM_ENCODING
  api=4 type=0 insize=5761 outsize=1810 kw=UNITY_PASS_FORWARDBASE DIRECTIONAL pd=UNITY_ENABLE_REFLECTION_BUFFERS UNITY_USE_DITHER_MASK_FOR_ALPHABLENDED_SHADOWS UNITY_PBS_USE_BRDF1 UNITY_SPECCUBE_BOX_PROJECTION UNITY_SPECCUBE_BLENDING UNITY_ENABLE_DETAIL_NORMALMAP SHADER_API_DESKTOP UNITY_COLORSPACE_GAMMA UNITY_LIGHT_PROBE_PROXY_VOLUME UNITY_LIGHTMAP_RGBM_ENCODING ok=1
Cmd: compileSnippet
  api=4 type=1 insize=5761 outsize=3854 kw=UNITY_PASS_FORWARDBASE DIRECTIONAL pd=UNITY_ENABLE_REFLECTION_BUFFERS UNITY_USE_DITHER_MASK_FOR_ALPHABLENDED_SHADOWS UNITY_PBS_USE_BRDF1 UNITY_SPECCUBE_BOX_PROJECTION UNITY_SPECCUBE_BLENDING UNITY_ENABLE_DETAIL_NORMALMAP SHADER_API_DESKTOP UNITY_COLORSPACE_GAMMA UNITY_LIGHT_PROBE_PROXY_VOLUME UNITY_LIGHTMAP_RGBM_ENCODING ok=1
Cmd: compileSnippet
  api=4 type=0 insize=5761 outsize=2030 kw=UNITY_PASS_FORWARDBASE DIRECTIONAL SHADOWS_SCREEN LIGHTMAP_ON LIGHTMAP_SHADOW_MIXING pd=UNITY_ENABLE_REFLECTION_BUFFERS UNITY_NO_SCREENSPACE_SHADOWS UNITY_PBS_USE_BRDF3 UNITY_SPECCUBE_BOX_PROJECTION SHADER_API_DESKTOP UNITY_COLORSPACE_GAMMA UNITY_LIGHTMAP_RGBM_ENCODING ok=1
Cmd: compileSnippet
  api=4 type=1 insize=5761 outsize=3406 kw=UNITY_PASS_FORWARDBASE DIRECTIONAL SHADOWS_SCREEN LIGHTMAP_ON LIGHTMAP_SHADOW_MIXING pd=UNITY_ENABLE_REFLECTION_BUFFERS UNITY_NO_SCREENSPACE_SHADOWS UNITY_PBS_USE_BRDF3 UNITY_SPECCUBE_BOX_PROJECTION SHADER_API_DESKTOP UNITY_COLORSPACE_GAMMA UNITY_LIGHTMAP_RGBM_ENCODING ok=1
Cmd: compileSnippet
  error: 1 plat 4 at (73): Output value 'vert' is not completely initialized\nCompiling Vertex program with UNITY_PASS_FORWARDBASE DIRECTIONAL
Platform defines: UNITY_ENABLE_REFLECTION_BUFFERS UNITY_NO_SCREENSPACE_SHADOWS UNITY_PBS_USE_BRDF3 UNITY_SPECCUBE_BOX_PROJECTION SHADER_API_DESKTOP UNITY_COLORSPACE_GAMMA UNITY_LIGHTMAP_RGBM_ENCODING
  api=4 type=0 insize=5761 outsize=1810 kw=UNITY_PASS_FORWARDBASE DIRECTIONAL pd=UNITY_ENABLE_REFLECTION_BUFFERS UNITY_NO_SCREENSPACE_SHADOWS UNITY_PBS_USE_BRDF3 UNITY_SPECCUBE_BOX_PROJECTION SHADER_API_DESKTOP UNITY_COLORSPACE_GAMMA UNITY_LIGHTMAP_RGBM_ENCODING ok=1
Cmd: compileSnippet
  api=4 type=1 insize=5761 outsize=3230 kw=UNITY_PASS_FORWARDBASE DIRECTIONAL pd=UNITY_ENABLE_REFLECTION_BUFFERS UNITY_NO_SCREENSPACE_SHADOWS UNITY_PBS_USE_BRDF3 UNITY_SPECCUBE_BOX_PROJECTION SHADER_API_DESKTOP UNITY_COLORSPACE_GAMMA UNITY_LIGHTMAP_RGBM_ENCODING ok=1
Cmd: compileSnippet
  error: 1 plat 4 at (73): Output value 'vert' is not completely initialized\nCompiling Vertex program with UNITY_PASS_FORWARDBASE DIRECTIONAL LIGHTPROBE_SH
Platform defines: UNITY_ENABLE_REFLECTION_BUFFERS UNITY_NO_SCREENSPACE_SHADOWS UNITY_PBS_USE_BRDF3 UNITY_SPECCUBE_BOX_PROJECTION SHADER_API_DESKTOP UNITY_COLORSPACE_GAMMA UNITY_LIGHTMAP_RGBM_ENCODING
  api=4 type=0 insize=5761 outsize=1810 kw=UNITY_PASS_FORWARDBASE DIRECTIONAL LIGHTPROBE_SH pd=UNITY_ENABLE_REFLECTION_BUFFERS UNITY_NO_SCREENSPACE_SHADOWS UNITY_PBS_USE_BRDF3 UNITY_SPECCUBE_BOX_PROJECTION SHADER_API_DESKTOP UNITY_COLORSPACE_GAMMA UNITY_LIGHTMAP_RGBM_ENCODING ok=1
Cmd: compileSnippet
  api=4 type=1 insize=5761 outsize=3230 kw=UNITY_PASS_FORWARDBASE DIRECTIONAL LIGHTPROBE_SH pd=UNITY_ENABLE_REFLECTION_BUFFERS UNITY_NO_SCREENSPACE_SHADOWS UNITY_PBS_USE_BRDF3 UNITY_SPECCUBE_BOX_PROJECTION SHADER_API_DESKTOP UNITY_COLORSPACE_GAMMA UNITY_LIGHTMAP_RGBM_ENCODING ok=1
Cmd: preprocess
  insize=7259 outsize=1581 ok=1
Cmd: compileSnippet
  error: 1 plat 4 at (73): Output value 'vert' is not completely initialized\nCompiling Vertex program with UNITY_PASS_FORWARDBASE DIRECTIONAL
Platform defines: UNITY_ENABLE_REFLECTION_BUFFERS UNITY_USE_DITHER_MASK_FOR_ALPHABLENDED_SHADOWS UNITY_PBS_USE_BRDF1 UNITY_SPECCUBE_BOX_PROJECTION UNITY_SPECCUBE_BLENDING UNITY_ENABLE_DETAIL_NORMALMAP SHADER_API_DESKTOP UNITY_COLORSPACE_GAMMA UNITY_LIGHT_PROBE_PROXY_VOLUME UNITY_LIGHTMAP_RGBM_ENCODING
  api=4 type=0 insize=5761 outsize=1810 kw=UNITY_PASS_FORWARDBASE DIRECTIONAL pd=UNITY_ENABLE_REFLECTION_BUFFERS UNITY_USE_DITHER_MASK_FOR_ALPHABLENDED_SHADOWS UNITY_PBS_USE_BRDF1 UNITY_SPECCUBE_BOX_PROJECTION UNITY_SPECCUBE_BLENDING UNITY_ENABLE_DETAIL_NORMALMAP SHADER_API_DESKTOP UNITY_COLORSPACE_GAMMA UNITY_LIGHT_PROBE_PROXY_VOLUME UNITY_LIGHTMAP_RGBM_ENCODING ok=1
Cmd: compileSnippet
  api=4 type=1 insize=5761 outsize=3854 kw=UNITY_PASS_FORWARDBASE DIRECTIONAL pd=UNITY_ENABLE_REFLECTION_BUFFERS UNITY_USE_DITHER_MASK_FOR_ALPHABLENDED_SHADOWS UNITY_PBS_USE_BRDF1 UNITY_SPECCUBE_BOX_PROJECTION UNITY_SPECCUBE_BLENDING UNITY_ENABLE_DETAIL_NORMALMAP SHADER_API_DESKTOP UNITY_COLORSPACE_GAMMA UNITY_LIGHT_PROBE_PROXY_VOLUME UNITY_LIGHTMAP_RGBM_ENCODING ok=1
Cmd: compileSnippet
  api=4 type=0 insize=5761 outsize=2030 kw=UNITY_PASS_FORWARDBASE DIRECTIONAL SHADOWS_SCREEN LIGHTMAP_ON LIGHTMAP_SHADOW_MIXING pd=UNITY_ENABLE_REFLECTION_BUFFERS UNITY_NO_SCREENSPACE_SHADOWS UNITY_PBS_USE_BRDF3 UNITY_SPECCUBE_BOX_PROJECTION SHADER_API_DESKTOP UNITY_COLORSPACE_GAMMA UNITY_LIGHTMAP_RGBM_ENCODING ok=1
Cmd: compileSnippet
  api=4 type=1 insize=5761 outsize=3406 kw=UNITY_PASS_FORWARDBASE DIRECTIONAL SHADOWS_SCREEN LIGHTMAP_ON LIGHTMAP_SHADOW_MIXING pd=UNITY_ENABLE_REFLECTION_BUFFERS UNITY_NO_SCREENSPACE_SHADOWS UNITY_PBS_USE_BRDF3 UNITY_SPECCUBE_BOX_PROJECTION SHADER_API_DESKTOP UNITY_COLORSPACE_GAMMA UNITY_LIGHTMAP_RGBM_ENCODING ok=1
Cmd: compileSnippet
  error: 1 plat 4 at (73): Output value 'vert' is not completely initialized\nCompiling Vertex program with UNITY_PASS_FORWARDBASE DIRECTIONAL
Platform defines: UNITY_ENABLE_REFLECTION_BUFFERS UNITY_NO_SCREENSPACE_SHADOWS UNITY_PBS_USE_BRDF3 UNITY_SPECCUBE_BOX_PROJECTION SHADER_API_DESKTOP UNITY_COLORSPACE_GAMMA UNITY_LIGHTMAP_RGBM_ENCODING
  api=4 type=0 insize=5761 outsize=1810 kw=UNITY_PASS_FORWARDBASE DIRECTIONAL pd=UNITY_ENABLE_REFLECTION_BUFFERS UNITY_NO_SCREENSPACE_SHADOWS UNITY_PBS_USE_BRDF3 UNITY_SPECCUBE_BOX_PROJECTION SHADER_API_DESKTOP UNITY_COLORSPACE_GAMMA UNITY_LIGHTMAP_RGBM_ENCODING ok=1
Cmd: compileSnippet
  api=4 type=1 insize=5761 outsize=3230 kw=UNITY_PASS_FORWARDBASE DIRECTIONAL pd=UNITY_ENABLE_REFLECTION_BUFFERS UNITY_NO_SCREENSPACE_SHADOWS UNITY_PBS_USE_BRDF3 UNITY_SPECCUBE_BOX_PROJECTION SHADER_API_DESKTOP UNITY_COLORSPACE_GAMMA UNITY_LIGHTMAP_RGBM_ENCODING ok=1
Cmd: compileSnippet
  error: 1 plat 4 at (73): Output value 'vert' is not completely initialized\nCompiling Vertex program with UNITY_PASS_FORWARDBASE DIRECTIONAL LIGHTPROBE_SH
Platform defines: UNITY_ENABLE_REFLECTION_BUFFERS UNITY_NO_SCREENSPACE_SHADOWS UNITY_PBS_USE_BRDF3 UNITY_SPECCUBE_BOX_PROJECTION SHADER_API_DESKTOP UNITY_COLORSPACE_GAMMA UNITY_LIGHTMAP_RGBM_ENCODING
  api=4 type=0 insize=5761 outsize=1810 kw=UNITY_PASS_FORWARDBASE DIRECTIONAL LIGHTPROBE_SH pd=UNITY_ENABLE_REFLECTION_BUFFERS UNITY_NO_SCREENSPACE_SHADOWS UNITY_PBS_USE_BRDF3 UNITY_SPECCUBE_BOX_PROJECTION SHADER_API_DESKTOP UNITY_COLORSPACE_GAMMA UNITY_LIGHTMAP_RGBM_ENCODING ok=1
Cmd: compileSnippet
  api=4 type=1 insize=5761 outsize=3230 kw=UNITY_PASS_FORWARDBASE DIRECTIONAL LIGHTPROBE_SH pd=UNITY_ENABLE_REFLECTION_BUFFERS UNITY_NO_SCREENSPACE_SHADOWS UNITY_PBS_USE_BRDF3 UNITY_SPECCUBE_BOX_PROJECTION SHADER_API_DESKTOP UNITY_COLORSPACE_GAMMA UNITY_LIGHTMAP_RGBM_ENCODING ok=1
Cmd: preprocess
  insize=7242 outsize=1581 ok=1
Cmd: compileSnippet
  error: 1 plat 4 at (73): Output value 'vert' is not completely initialized\nCompiling Vertex program with UNITY_PASS_FORWARDBASE DIRECTIONAL
Platform defines: UNITY_ENABLE_REFLECTION_BUFFERS UNITY_USE_DITHER_MASK_FOR_ALPHABLENDED_SHADOWS UNITY_PBS_USE_BRDF1 UNITY_SPECCUBE_BOX_PROJECTION UNITY_SPECCUBE_BLENDING UNITY_ENABLE_DETAIL_NORMALMAP SHADER_API_DESKTOP UNITY_COLORSPACE_GAMMA UNITY_LIGHT_PROBE_PROXY_VOLUME UNITY_LIGHTMAP_RGBM_ENCODING
  api=4 type=0 insize=5744 outsize=1810 kw=UNITY_PASS_FORWARDBASE DIRECTIONAL pd=UNITY_ENABLE_REFLECTION_BUFFERS UNITY_USE_DITHER_MASK_FOR_ALPHABLENDED_SHADOWS UNITY_PBS_USE_BRDF1 UNITY_SPECCUBE_BOX_PROJECTION UNITY_SPECCUBE_BLENDING UNITY_ENABLE_DETAIL_NORMALMAP SHADER_API_DESKTOP UNITY_COLORSPACE_GAMMA UNITY_LIGHT_PROBE_PROXY_VOLUME UNITY_LIGHTMAP_RGBM_ENCODING ok=1
Cmd: compileSnippet
  api=4 type=1 insize=5744 outsize=3226 kw=UNITY_PASS_FORWARDBASE DIRECTIONAL pd=UNITY_ENABLE_REFLECTION_BUFFERS UNITY_USE_DITHER_MASK_FOR_ALPHABLENDED_SHADOWS UNITY_PBS_USE_BRDF1 UNITY_SPECCUBE_BOX_PROJECTION UNITY_SPECCUBE_BLENDING UNITY_ENABLE_DETAIL_NORMALMAP SHADER_API_DESKTOP UNITY_COLORSPACE_GAMMA UNITY_LIGHT_PROBE_PROXY_VOLUME UNITY_LIGHTMAP_RGBM_ENCODING ok=1
Cmd: compileSnippet
  api=4 type=0 insize=5744 outsize=2030 kw=UNITY_PASS_FORWARDBASE DIRECTIONAL SHADOWS_SCREEN LIGHTMAP_ON LIGHTMAP_SHADOW_MIXING pd=UNITY_ENABLE_REFLECTION_BUFFERS UNITY_NO_SCREENSPACE_SHADOWS UNITY_PBS_USE_BRDF3 UNITY_SPECCUBE_BOX_PROJECTION SHADER_API_DESKTOP UNITY_COLORSPACE_GAMMA UNITY_LIGHTMAP_RGBM_ENCODING ok=1
Cmd: compileSnippet
  api=4 type=1 insize=5744 outsize=2822 kw=UNITY_PASS_FORWARDBASE DIRECTIONAL SHADOWS_SCREEN LIGHTMAP_ON LIGHTMAP_SHADOW_MIXING pd=UNITY_ENABLE_REFLECTION_BUFFERS UNITY_NO_SCREENSPACE_SHADOWS UNITY_PBS_USE_BRDF3 UNITY_SPECCUBE_BOX_PROJECTION SHADER_API_DESKTOP UNITY_COLORSPACE_GAMMA UNITY_LIGHTMAP_RGBM_ENCODING ok=1
Cmd: compileSnippet
  error: 1 plat 4 at (73): Output value 'vert' is not completely initialized\nCompiling Vertex program with UNITY_PASS_FORWARDBASE DIRECTIONAL
Platform defines: UNITY_ENABLE_REFLECTION_BUFFERS UNITY_NO_SCREENSPACE_SHADOWS UNITY_PBS_USE_BRDF3 UNITY_SPECCUBE_BOX_PROJECTION SHADER_API_DESKTOP UNITY_COLORSPACE_GAMMA UNITY_LIGHTMAP_RGBM_ENCODING
  api=4 type=0 insize=5744 outsize=1810 kw=UNITY_PASS_FORWARDBASE DIRECTIONAL pd=UNITY_ENABLE_REFLECTION_BUFFERS UNITY_NO_SCREENSPACE_SHADOWS UNITY_PBS_USE_BRDF3 UNITY_SPECCUBE_BOX_PROJECTION SHADER_API_DESKTOP UNITY_COLORSPACE_GAMMA UNITY_LIGHTMAP_RGBM_ENCODING ok=1
Cmd: compileSnippet
  api=4 type=1 insize=5744 outsize=2618 kw=UNITY_PASS_FORWARDBASE DIRECTIONAL pd=UNITY_ENABLE_REFLECTION_BUFFERS UNITY_NO_SCREENSPACE_SHADOWS UNITY_PBS_USE_BRDF3 UNITY_SPECCUBE_BOX_PROJECTION SHADER_API_DESKTOP UNITY_COLORSPACE_GAMMA UNITY_LIGHTMAP_RGBM_ENCODING ok=1
Cmd: compileSnippet
  error: 1 plat 4 at (73): Output value 'vert' is not completely initialized\nCompiling Vertex program with UNITY_PASS_FORWARDBASE DIRECTIONAL LIGHTPROBE_SH
Platform defines: UNITY_ENABLE_REFLECTION_BUFFERS UNITY_NO_SCREENSPACE_SHADOWS UNITY_PBS_USE_BRDF3 UNITY_SPECCUBE_BOX_PROJECTION SHADER_API_DESKTOP UNITY_COLORSPACE_GAMMA UNITY_LIGHTMAP_RGBM_ENCODING
  api=4 type=0 insize=5744 outsize=1810 kw=UNITY_PASS_FORWARDBASE DIRECTIONAL LIGHTPROBE_SH pd=UNITY_ENABLE_REFLECTION_BUFFERS UNITY_NO_SCREENSPACE_SHADOWS UNITY_PBS_USE_BRDF3 UNITY_SPECCUBE_BOX_PROJECTION SHADER_API_DESKTOP UNITY_COLORSPACE_GAMMA UNITY_LIGHTMAP_RGBM_ENCODING ok=1
Cmd: compileSnippet
  api=4 type=1 insize=5744 outsize=2618 kw=UNITY_PASS_FORWARDBASE DIRECTIONAL LIGHTPROBE_SH pd=UNITY_ENABLE_REFLECTION_BUFFERS UNITY_NO_SCREENSPACE_SHADOWS UNITY_PBS_USE_BRDF3 UNITY_SPECCUBE_BOX_PROJECTION SHADER_API_DESKTOP UNITY_COLORSPACE_GAMMA UNITY_LIGHTMAP_RGBM_ENCODING ok=1
Cmd: compileSnippet
  error: 1 plat 4 at (73): Output value 'vert' is not completely initialized\nCompiling Vertex program with UNITY_PASS_FORWARDBASE DIRECTIONAL LIGHTMAP_ON LIGHTMAP_SHADOW_MIXING
Platform defines: UNITY_ENABLE_REFLECTION_BUFFERS UNITY_NO_SCREENSPACE_SHADOWS UNITY_PBS_USE_BRDF3 UNITY_SPECCUBE_BOX_PROJECTION SHADER_API_DESKTOP UNITY_COLORSPACE_GAMMA UNITY_LIGHTMAP_RGBM_ENCODING
  api=4 type=0 insize=5744 outsize=1810 kw=UNITY_PASS_FORWARDBASE DIRECTIONAL LIGHTMAP_ON LIGHTMAP_SHADOW_MIXING pd=UNITY_ENABLE_REFLECTION_BUFFERS UNITY_NO_SCREENSPACE_SHADOWS UNITY_PBS_USE_BRDF3 UNITY_SPECCUBE_BOX_PROJECTION SHADER_API_DESKTOP UNITY_COLORSPACE_GAMMA UNITY_LIGHTMAP_RGBM_ENCODING ok=1
Cmd: compileSnippet
  api=4 type=1 insize=5744 outsize=1406 kw=UNITY_PASS_FORWARDBASE DIRECTIONAL LIGHTMAP_ON LIGHTMAP_SHADOW_MIXING pd=UNITY_ENABLE_REFLECTION_BUFFERS UNITY_NO_SCREENSPACE_SHADOWS UNITY_PBS_USE_BRDF3 UNITY_SPECCUBE_BOX_PROJECTION SHADER_API_DESKTOP UNITY_COLORSPACE_GAMMA UNITY_LIGHTMAP_RGBM_ENCODING ok=1
Cmd: preprocess
  insize=7243 outsize=1581 ok=1
Cmd: compileSnippet
  error: 1 plat 4 at (73): Output value 'vert' is not completely initialized\nCompiling Vertex program with UNITY_PASS_FORWARDBASE DIRECTIONAL
Platform defines: UNITY_ENABLE_REFLECTION_BUFFERS UNITY_USE_DITHER_MASK_FOR_ALPHABLENDED_SHADOWS UNITY_PBS_USE_BRDF1 UNITY_SPECCUBE_BOX_PROJECTION UNITY_SPECCUBE_BLENDING UNITY_ENABLE_DETAIL_NORMALMAP SHADER_API_DESKTOP UNITY_COLORSPACE_GAMMA UNITY_LIGHT_PROBE_PROXY_VOLUME UNITY_LIGHTMAP_RGBM_ENCODING
  api=4 type=0 insize=5745 outsize=1810 kw=UNITY_PASS_FORWARDBASE DIRECTIONAL pd=UNITY_ENABLE_REFLECTION_BUFFERS UNITY_USE_DITHER_MASK_FOR_ALPHABLENDED_SHADOWS UNITY_PBS_USE_BRDF1 UNITY_SPECCUBE_BOX_PROJECTION UNITY_SPECCUBE_BLENDING UNITY_ENABLE_DETAIL_NORMALMAP SHADER_API_DESKTOP UNITY_COLORSPACE_GAMMA UNITY_LIGHT_PROBE_PROXY_VOLUME UNITY_LIGHTMAP_RGBM_ENCODING ok=1
Cmd: compileSnippet
  api=4 type=1 insize=5745 outsize=3226 kw=UNITY_PASS_FORWARDBASE DIRECTIONAL pd=UNITY_ENABLE_REFLECTION_BUFFERS UNITY_USE_DITHER_MASK_FOR_ALPHABLENDED_SHADOWS UNITY_PBS_USE_BRDF1 UNITY_SPECCUBE_BOX_PROJECTION UNITY_SPECCUBE_BLENDING UNITY_ENABLE_DETAIL_NORMALMAP SHADER_API_DESKTOP UNITY_COLORSPACE_GAMMA UNITY_LIGHT_PROBE_PROXY_VOLUME UNITY_LIGHTMAP_RGBM_ENCODING ok=1
Cmd: compileSnippet
  api=4 type=0 insize=5745 outsize=2030 kw=UNITY_PASS_FORWARDBASE DIRECTIONAL SHADOWS_SCREEN LIGHTMAP_ON LIGHTMAP_SHADOW_MIXING pd=UNITY_ENABLE_REFLECTION_BUFFERS UNITY_NO_SCREENSPACE_SHADOWS UNITY_PBS_USE_BRDF3 UNITY_SPECCUBE_BOX_PROJECTION SHADER_API_DESKTOP UNITY_COLORSPACE_GAMMA UNITY_LIGHTMAP_RGBM_ENCODING ok=1
Cmd: compileSnippet
  api=4 type=1 insize=5745 outsize=2822 kw=UNITY_PASS_FORWARDBASE DIRECTIONAL SHADOWS_SCREEN LIGHTMAP_ON LIGHTMAP_SHADOW_MIXING pd=UNITY_ENABLE_REFLECTION_BUFFERS UNITY_NO_SCREENSPACE_SHADOWS UNITY_PBS_USE_BRDF3 UNITY_SPECCUBE_BOX_PROJECTION SHADER_API_DESKTOP UNITY_COLORSPACE_GAMMA UNITY_LIGHTMAP_RGBM_ENCODING ok=1
Cmd: compileSnippet
  error: 1 plat 4 at (73): Output value 'vert' is not completely initialized\nCompiling Vertex program with UNITY_PASS_FORWARDBASE DIRECTIONAL LIGHTMAP_ON LIGHTMAP_SHADOW_MIXING
Platform defines: UNITY_ENABLE_REFLECTION_BUFFERS UNITY_NO_SCREENSPACE_SHADOWS UNITY_PBS_USE_BRDF3 UNITY_SPECCUBE_BOX_PROJECTION SHADER_API_DESKTOP UNITY_COLORSPACE_GAMMA UNITY_LIGHTMAP_RGBM_ENCODING
  api=4 type=0 insize=5745 outsize=1810 kw=UNITY_PASS_FORWARDBASE DIRECTIONAL LIGHTMAP_ON LIGHTMAP_SHADOW_MIXING pd=UNITY_ENABLE_REFLECTION_BUFFERS UNITY_NO_SCREENSPACE_SHADOWS UNITY_PBS_USE_BRDF3 UNITY_SPECCUBE_BOX_PROJECTION SHADER_API_DESKTOP UNITY_COLORSPACE_GAMMA UNITY_LIGHTMAP_RGBM_ENCODING ok=1
Cmd: compileSnippet
  api=4 type=1 insize=5745 outsize=1406 kw=UNITY_PASS_FORWARDBASE DIRECTIONAL LIGHTMAP_ON LIGHTMAP_SHADOW_MIXING pd=UNITY_ENABLE_REFLECTION_BUFFERS UNITY_NO_SCREENSPACE_SHADOWS UNITY_PBS_USE_BRDF3 UNITY_SPECCUBE_BOX_PROJECTION SHADER_API_DESKTOP UNITY_COLORSPACE_GAMMA UNITY_LIGHTMAP_RGBM_ENCODING ok=1
Cmd: compileSnippet
  error: 1 plat 4 at (73): Output value 'vert' is not completely initialized\nCompiling Vertex program with UNITY_PASS_FORWARDBASE DIRECTIONAL
Platform defines: UNITY_ENABLE_REFLECTION_BUFFERS UNITY_NO_SCREENSPACE_SHADOWS UNITY_PBS_USE_BRDF3 UNITY_SPECCUBE_BOX_PROJECTION SHADER_API_DESKTOP UNITY_COLORSPACE_GAMMA UNITY_LIGHTMAP_RGBM_ENCODING
  api=4 type=0 insize=5745 outsize=1810 kw=UNITY_PASS_FORWARDBASE DIRECTIONAL pd=UNITY_ENABLE_REFLECTION_BUFFERS UNITY_NO_SCREENSPACE_SHADOWS UNITY_PBS_USE_BRDF3 UNITY_SPECCUBE_BOX_PROJECTION SHADER_API_DESKTOP UNITY_COLORSPACE_GAMMA UNITY_LIGHTMAP_RGBM_ENCODING ok=1
Cmd: compileSnippet
  api=4 type=1 insize=5745 outsize=2618 kw=UNITY_PASS_FORWARDBASE DIRECTIONAL pd=UNITY_ENABLE_REFLECTION_BUFFERS UNITY_NO_SCREENSPACE_SHADOWS UNITY_PBS_USE_BRDF3 UNITY_SPECCUBE_BOX_PROJECTION SHADER_API_DESKTOP UNITY_COLORSPACE_GAMMA UNITY_LIGHTMAP_RGBM_ENCODING ok=1
Cmd: compileSnippet
  error: 1 plat 4 at (73): Output value 'vert' is not completely initialized\nCompiling Vertex program with UNITY_PASS_FORWARDBASE DIRECTIONAL LIGHTPROBE_SH
Platform defines: UNITY_ENABLE_REFLECTION_BUFFERS UNITY_NO_SCREENSPACE_SHADOWS UNITY_PBS_USE_BRDF3 UNITY_SPECCUBE_BOX_PROJECTION SHADER_API_DESKTOP UNITY_COLORSPACE_GAMMA UNITY_LIGHTMAP_RGBM_ENCODING
  api=4 type=0 insize=5745 outsize=1810 kw=UNITY_PASS_FORWARDBASE DIRECTIONAL LIGHTPROBE_SH pd=UNITY_ENABLE_REFLECTION_BUFFERS UNITY_NO_SCREENSPACE_SHADOWS UNITY_PBS_USE_BRDF3 UNITY_SPECCUBE_BOX_PROJECTION SHADER_API_DESKTOP UNITY_COLORSPACE_GAMMA UNITY_LIGHTMAP_RGBM_ENCODING ok=1
Cmd: compileSnippet
  api=4 type=1 insize=5745 outsize=2618 kw=UNITY_PASS_FORWARDBASE DIRECTIONAL LIGHTPROBE_SH pd=UNITY_ENABLE_REFLECTION_BUFFERS UNITY_NO_SCREENSPACE_SHADOWS UNITY_PBS_USE_BRDF3 UNITY_SPECCUBE_BOX_PROJECTION SHADER_API_DESKTOP UNITY_COLORSPACE_GAMMA UNITY_LIGHTMAP_RGBM_ENCODING ok=1
Cmd: compileSnippet
  api=4 type=0 insize=836 outsize=1050 kw=UNITY_PASS_META _METALLICGLOSSMAP pd=UNITY_ENABLE_REFLECTION_BUFFERS UNITY_NO_SCREENSPACE_SHADOWS UNITY_PBS_USE_BRDF3 UNITY_SPECCUBE_BOX_PROJECTION SHADER_API_DESKTOP UNITY_COLORSPACE_GAMMA UNITY_LIGHTMAP_RGBM_ENCODING ok=1
Cmd: compileSnippet
  api=4 type=1 insize=836 outsize=826 kw=UNITY_PASS_META _METALLICGLOSSMAP pd=UNITY_ENABLE_REFLECTION_BUFFERS UNITY_NO_SCREENSPACE_SHADOWS UNITY_PBS_USE_BRDF3 UNITY_SPECCUBE_BOX_PROJECTION SHADER_API_DESKTOP UNITY_COLORSPACE_GAMMA UNITY_LIGHTMAP_RGBM_ENCODING ok=1
Cmd: preprocess
  insize=7260 outsize=1581 ok=1
Cmd: compileSnippet
  error: 1 plat 4 at (73): Output value 'vert' is not completely initialized\nCompiling Vertex program with UNITY_PASS_FORWARDBASE DIRECTIONAL
Platform defines: UNITY_ENABLE_REFLECTION_BUFFERS UNITY_USE_DITHER_MASK_FOR_ALPHABLENDED_SHADOWS UNITY_PBS_USE_BRDF1 UNITY_SPECCUBE_BOX_PROJECTION UNITY_SPECCUBE_BLENDING UNITY_ENABLE_DETAIL_NORMALMAP SHADER_API_DESKTOP UNITY_COLORSPACE_GAMMA UNITY_LIGHT_PROBE_PROXY_VOLUME UNITY_LIGHTMAP_RGBM_ENCODING
  api=4 type=0 insize=5762 outsize=1810 kw=UNITY_PASS_FORWARDBASE DIRECTIONAL pd=UNITY_ENABLE_REFLECTION_BUFFERS UNITY_USE_DITHER_MASK_FOR_ALPHABLENDED_SHADOWS UNITY_PBS_USE_BRDF1 UNITY_SPECCUBE_BOX_PROJECTION UNITY_SPECCUBE_BLENDING UNITY_ENABLE_DETAIL_NORMALMAP SHADER_API_DESKTOP UNITY_COLORSPACE_GAMMA UNITY_LIGHT_PROBE_PROXY_VOLUME UNITY_LIGHTMAP_RGBM_ENCODING ok=1
Cmd: compileSnippet
  api=4 type=1 insize=5762 outsize=3226 kw=UNITY_PASS_FORWARDBASE DIRECTIONAL pd=UNITY_ENABLE_REFLECTION_BUFFERS UNITY_USE_DITHER_MASK_FOR_ALPHABLENDED_SHADOWS UNITY_PBS_USE_BRDF1 UNITY_SPECCUBE_BOX_PROJECTION UNITY_SPECCUBE_BLENDING UNITY_ENABLE_DETAIL_NORMALMAP SHADER_API_DESKTOP UNITY_COLORSPACE_GAMMA UNITY_LIGHT_PROBE_PROXY_VOLUME UNITY_LIGHTMAP_RGBM_ENCODING ok=1
Cmd: compileSnippet
  api=4 type=0 insize=836 outsize=1050 kw=UNITY_PASS_META pd=UNITY_ENABLE_REFLECTION_BUFFERS UNITY_USE_DITHER_MASK_FOR_ALPHABLENDED_SHADOWS UNITY_PBS_USE_BRDF1 UNITY_SPECCUBE_BOX_PROJECTION UNITY_SPECCUBE_BLENDING UNITY_ENABLE_DETAIL_NORMALMAP SHADER_API_DESKTOP UNITY_COLORSPACE_GAMMA UNITY_LIGHT_PROBE_PROXY_VOLUME UNITY_LIGHTMAP_RGBM_ENCODING ok=1
Cmd: compileSnippet
  api=4 type=1 insize=836 outsize=826 kw=UNITY_PASS_META pd=UNITY_ENABLE_REFLECTION_BUFFERS UNITY_USE_DITHER_MASK_FOR_ALPHABLENDED_SHADOWS UNITY_PBS_USE_BRDF1 UNITY_SPECCUBE_BOX_PROJECTION UNITY_SPECCUBE_BLENDING UNITY_ENABLE_DETAIL_NORMALMAP SHADER_API_DESKTOP UNITY_COLORSPACE_GAMMA UNITY_LIGHT_PROBE_PROXY_VOLUME UNITY_LIGHTMAP_RGBM_ENCODING ok=1
Cmd: compileSnippet
  api=4 type=0 insize=5762 outsize=2030 kw=UNITY_PASS_FORWARDBASE DIRECTIONAL SHADOWS_SCREEN LIGHTMAP_ON LIGHTMAP_SHADOW_MIXING pd=UNITY_ENABLE_REFLECTION_BUFFERS UNITY_NO_SCREENSPACE_SHADOWS UNITY_PBS_USE_BRDF3 UNITY_SPECCUBE_BOX_PROJECTION SHADER_API_DESKTOP UNITY_COLORSPACE_GAMMA UNITY_LIGHTMAP_RGBM_ENCODING ok=1
Cmd: compileSnippet
  api=4 type=1 insize=5762 outsize=2822 kw=UNITY_PASS_FORWARDBASE DIRECTIONAL SHADOWS_SCREEN LIGHTMAP_ON LIGHTMAP_SHADOW_MIXING pd=UNITY_ENABLE_REFLECTION_BUFFERS UNITY_NO_SCREENSPACE_SHADOWS UNITY_PBS_USE_BRDF3 UNITY_SPECCUBE_BOX_PROJECTION SHADER_API_DESKTOP UNITY_COLORSPACE_GAMMA UNITY_LIGHTMAP_RGBM_ENCODING ok=1
Cmd: compileSnippet
  api=4 type=0 insize=836 outsize=1050 kw=UNITY_PASS_META _METALLICGLOSSMAP pd=UNITY_ENABLE_REFLECTION_BUFFERS UNITY_NO_SCREENSPACE_SHADOWS UNITY_PBS_USE_BRDF3 UNITY_SPECCUBE_BOX_PROJECTION SHADER_API_DESKTOP UNITY_COLORSPACE_GAMMA UNITY_LIGHTMAP_RGBM_ENCODING ok=1
Cmd: compileSnippet
  api=4 type=1 insize=836 outsize=826 kw=UNITY_PASS_META _METALLICGLOSSMAP pd=UNITY_ENABLE_REFLECTION_BUFFERS UNITY_NO_SCREENSPACE_SHADOWS UNITY_PBS_USE_BRDF3 UNITY_SPECCUBE_BOX_PROJECTION SHADER_API_DESKTOP UNITY_COLORSPACE_GAMMA UNITY_LIGHTMAP_RGBM_ENCODING ok=1
Cmd: preprocess
  insize=7306 outsize=1581 ok=1
Cmd: compileSnippet
  error: 2 plat 4 at (150): syntax error: unexpected token 'half4'\nCompiling Vertex program with UNITY_PASS_FORWARDBASE DIRECTIONAL
Platform defines: UNITY_ENABLE_REFLECTION_BUFFERS UNITY_USE_DITHER_MASK_FOR_ALPHABLENDED_SHADOWS UNITY_PBS_USE_BRDF1 UNITY_SPECCUBE_BOX_PROJECTION UNITY_SPECCUBE_BLENDING UNITY_ENABLE_DETAIL_NORMALMAP SHADER_API_DESKTOP UNITY_COLORSPACE_GAMMA UNITY_LIGHT_PROBE_PROXY_VOLUME UNITY_LIGHTMAP_RGBM_ENCODING
  error: 2 plat 4 at (151): undeclared identifier 'skyData'\nCompiling Vertex program with UNITY_PASS_FORWARDBASE DIRECTIONAL
Platform defines: UNITY_ENABLE_REFLECTION_BUFFERS UNITY_USE_DITHER_MASK_FOR_ALPHABLENDED_SHADOWS UNITY_PBS_USE_BRDF1 UNITY_SPECCUBE_BOX_PROJECTION UNITY_SPECCUBE_BLENDING UNITY_ENABLE_DETAIL_NORMALMAP SHADER_API_DESKTOP UNITY_COLORSPACE_GAMMA UNITY_LIGHT_PROBE_PROXY_VOLUME UNITY_LIGHTMAP_RGBM_ENCODING
  api=4 type=0 insize=5808 outsize=0 kw=UNITY_PASS_FORWARDBASE DIRECTIONAL pd=UNITY_ENABLE_REFLECTION_BUFFERS UNITY_USE_DITHER_MASK_FOR_ALPHABLENDED_SHADOWS UNITY_PBS_USE_BRDF1 UNITY_SPECCUBE_BOX_PROJECTION UNITY_SPECCUBE_BLENDING UNITY_ENABLE_DETAIL_NORMALMAP SHADER_API_DESKTOP UNITY_COLORSPACE_GAMMA UNITY_LIGHT_PROBE_PROXY_VOLUME UNITY_LIGHTMAP_RGBM_ENCODING ok=0
Cmd: compileSnippet
  error: 2 plat 4 at (150): syntax error: unexpected token 'half4'\nCompiling Vertex program with UNITY_PASS_FORWARDBASE DIRECTIONAL SHADOWS_SCREEN LIGHTMAP_ON LIGHTMAP_SHADOW_MIXING
Platform defines: UNITY_ENABLE_REFLECTION_BUFFERS UNITY_NO_SCREENSPACE_SHADOWS UNITY_PBS_USE_BRDF3 UNITY_SPECCUBE_BOX_PROJECTION SHADER_API_DESKTOP UNITY_COLORSPACE_GAMMA UNITY_LIGHTMAP_RGBM_ENCODING
  error: 2 plat 4 at (151): undeclared identifier 'skyData'\nCompiling Vertex program with UNITY_PASS_FORWARDBASE DIRECTIONAL SHADOWS_SCREEN LIGHTMAP_ON LIGHTMAP_SHADOW_MIXING
Platform defines: UNITY_ENABLE_REFLECTION_BUFFERS UNITY_NO_SCREENSPACE_SHADOWS UNITY_PBS_USE_BRDF3 UNITY_SPECCUBE_BOX_PROJECTION SHADER_API_DESKTOP UNITY_COLORSPACE_GAMMA UNITY_LIGHTMAP_RGBM_ENCODING
  api=4 type=0 insize=5808 outsize=0 kw=UNITY_PASS_FORWARDBASE DIRECTIONAL SHADOWS_SCREEN LIGHTMAP_ON LIGHTMAP_SHADOW_MIXING pd=UNITY_ENABLE_REFLECTION_BUFFERS UNITY_NO_SCREENSPACE_SHADOWS UNITY_PBS_USE_BRDF3 UNITY_SPECCUBE_BOX_PROJECTION SHADER_API_DESKTOP UNITY_COLORSPACE_GAMMA UNITY_LIGHTMAP_RGBM_ENCODING ok=0
Cmd: compileSnippet
  error: 2 plat 4 at (150): syntax error: unexpected token 'half4'\nCompiling Fragment program with UNITY_PASS_FORWARDBASE DIRECTIONAL SHADOWS_SCREEN LIGHTMAP_ON LIGHTMAP_SHADOW_MIXING
Platform defines: UNITY_ENABLE_REFLECTION_BUFFERS UNITY_NO_SCREENSPACE_SHADOWS UNITY_PBS_USE_BRDF3 UNITY_SPECCUBE_BOX_PROJECTION SHADER_API_DESKTOP UNITY_COLORSPACE_GAMMA UNITY_LIGHTMAP_RGBM_ENCODING
  error: 2 plat 4 at (151): undeclared identifier 'skyData'\nCompiling Fragment program with UNITY_PASS_FORWARDBASE DIRECTIONAL SHADOWS_SCREEN LIGHTMAP_ON LIGHTMAP_SHADOW_MIXING
Platform defines: UNITY_ENABLE_REFLECTION_BUFFERS UNITY_NO_SCREENSPACE_SHADOWS UNITY_PBS_USE_BRDF3 UNITY_SPECCUBE_BOX_PROJECTION SHADER_API_DESKTOP UNITY_COLORSPACE_GAMMA UNITY_LIGHTMAP_RGBM_ENCODING
  api=4 type=1 insize=5808 outsize=0 kw=UNITY_PASS_FORWARDBASE DIRECTIONAL SHADOWS_SCREEN LIGHTMAP_ON LIGHTMAP_SHADOW_MIXING pd=UNITY_ENABLE_REFLECTION_BUFFERS UNITY_NO_SCREENSPACE_SHADOWS UNITY_PBS_USE_BRDF3 UNITY_SPECCUBE_BOX_PROJECTION SHADER_API_DESKTOP UNITY_COLORSPACE_GAMMA UNITY_LIGHTMAP_RGBM_ENCODING ok=0
Cmd: preprocess
  insize=7307 outsize=1581 ok=1
Cmd: compileSnippet
  error: 2 plat 4 at (153): int or unsigned int type required\nCompiling Vertex program with UNITY_PASS_FORWARDBASE DIRECTIONAL
Platform defines: UNITY_ENABLE_REFLECTION_BUFFERS UNITY_USE_DITHER_MASK_FOR_ALPHABLENDED_SHADOWS UNITY_PBS_USE_BRDF1 UNITY_SPECCUBE_BOX_PROJECTION UNITY_SPECCUBE_BLENDING UNITY_ENABLE_DETAIL_NORMALMAP SHADER_API_DESKTOP UNITY_COLORSPACE_GAMMA UNITY_LIGHT_PROBE_PROXY_VOLUME UNITY_LIGHTMAP_RGBM_ENCODING
  api=4 type=0 insize=5809 outsize=0 kw=UNITY_PASS_FORWARDBASE DIRECTIONAL pd=UNITY_ENABLE_REFLECTION_BUFFERS UNITY_USE_DITHER_MASK_FOR_ALPHABLENDED_SHADOWS UNITY_PBS_USE_BRDF1 UNITY_SPECCUBE_BOX_PROJECTION UNITY_SPECCUBE_BLENDING UNITY_ENABLE_DETAIL_NORMALMAP SHADER_API_DESKTOP UNITY_COLORSPACE_GAMMA UNITY_LIGHT_PROBE_PROXY_VOLUME UNITY_LIGHTMAP_RGBM_ENCODING ok=0
Cmd: compileSnippet
  error: 2 plat 4 at (153): int or unsigned int type required\nCompiling Vertex program with UNITY_PASS_FORWARDBASE DIRECTIONAL SHADOWS_SCREEN LIGHTMAP_ON LIGHTMAP_SHADOW_MIXING
Platform defines: UNITY_ENABLE_REFLECTION_BUFFERS UNITY_NO_SCREENSPACE_SHADOWS UNITY_PBS_USE_BRDF3 UNITY_SPECCUBE_BOX_PROJECTION SHADER_API_DESKTOP UNITY_COLORSPACE_GAMMA UNITY_LIGHTMAP_RGBM_ENCODING
  api=4 type=0 insize=5809 outsize=0 kw=UNITY_PASS_FORWARDBASE DIRECTIONAL SHADOWS_SCREEN LIGHTMAP_ON LIGHTMAP_SHADOW_MIXING pd=UNITY_ENABLE_REFLECTION_BUFFERS UNITY_NO_SCREENSPACE_SHADOWS UNITY_PBS_USE_BRDF3 UNITY_SPECCUBE_BOX_PROJECTION SHADER_API_DESKTOP UNITY_COLORSPACE_GAMMA UNITY_LIGHTMAP_RGBM_ENCODING ok=0
Cmd: compileSnippet
  error: 2 plat 4 at (153): int or unsigned int type required\nCompiling Fragment program with UNITY_PASS_FORWARDBASE DIRECTIONAL SHADOWS_SCREEN LIGHTMAP_ON LIGHTMAP_SHADOW_MIXING
Platform defines: UNITY_ENABLE_REFLECTION_BUFFERS UNITY_NO_SCREENSPACE_SHADOWS UNITY_PBS_USE_BRDF3 UNITY_SPECCUBE_BOX_PROJECTION SHADER_API_DESKTOP UNITY_COLORSPACE_GAMMA UNITY_LIGHTMAP_RGBM_ENCODING
  api=4 type=1 insize=5809 outsize=0 kw=UNITY_PASS_FORWARDBASE DIRECTIONAL SHADOWS_SCREEN LIGHTMAP_ON LIGHTMAP_SHADOW_MIXING pd=UNITY_ENABLE_REFLECTION_BUFFERS UNITY_NO_SCREENSPACE_SHADOWS UNITY_PBS_USE_BRDF3 UNITY_SPECCUBE_BOX_PROJECTION SHADER_API_DESKTOP UNITY_COLORSPACE_GAMMA UNITY_LIGHTMAP_RGBM_ENCODING ok=0
Cmd: preprocess
  insize=7307 outsize=1581 ok=1
Cmd: compileSnippet
  error: 1 plat 4 at (73): Output value 'vert' is not completely initialized\nCompiling Vertex program with UNITY_PASS_FORWARDBASE DIRECTIONAL
Platform defines: UNITY_ENABLE_REFLECTION_BUFFERS UNITY_USE_DITHER_MASK_FOR_ALPHABLENDED_SHADOWS UNITY_PBS_USE_BRDF1 UNITY_SPECCUBE_BOX_PROJECTION UNITY_SPECCUBE_BLENDING UNITY_ENABLE_DETAIL_NORMALMAP SHADER_API_DESKTOP UNITY_COLORSPACE_GAMMA UNITY_LIGHT_PROBE_PROXY_VOLUME UNITY_LIGHTMAP_RGBM_ENCODING
  api=4 type=0 insize=5809 outsize=1810 kw=UNITY_PASS_FORWARDBASE DIRECTIONAL pd=UNITY_ENABLE_REFLECTION_BUFFERS UNITY_USE_DITHER_MASK_FOR_ALPHABLENDED_SHADOWS UNITY_PBS_USE_BRDF1 UNITY_SPECCUBE_BOX_PROJECTION UNITY_SPECCUBE_BLENDING UNITY_ENABLE_DETAIL_NORMALMAP SHADER_API_DESKTOP UNITY_COLORSPACE_GAMMA UNITY_LIGHT_PROBE_PROXY_VOLUME UNITY_LIGHTMAP_RGBM_ENCODING ok=1
Cmd: compileSnippet
  api=4 type=1 insize=5809 outsize=3306 kw=UNITY_PASS_FORWARDBASE DIRECTIONAL pd=UNITY_ENABLE_REFLECTION_BUFFERS UNITY_USE_DITHER_MASK_FOR_ALPHABLENDED_SHADOWS UNITY_PBS_USE_BRDF1 UNITY_SPECCUBE_BOX_PROJECTION UNITY_SPECCUBE_BLENDING UNITY_ENABLE_DETAIL_NORMALMAP SHADER_API_DESKTOP UNITY_COLORSPACE_GAMMA UNITY_LIGHT_PROBE_PROXY_VOLUME UNITY_LIGHTMAP_RGBM_ENCODING ok=1
Cmd: compileSnippet
  api=4 type=0 insize=5809 outsize=2030 kw=UNITY_PASS_FORWARDBASE DIRECTIONAL SHADOWS_SCREEN LIGHTMAP_ON LIGHTMAP_SHADOW_MIXING pd=UNITY_ENABLE_REFLECTION_BUFFERS UNITY_NO_SCREENSPACE_SHADOWS UNITY_PBS_USE_BRDF3 UNITY_SPECCUBE_BOX_PROJECTION SHADER_API_DESKTOP UNITY_COLORSPACE_GAMMA UNITY_LIGHTMAP_RGBM_ENCODING ok=1
Cmd: compileSnippet
  api=4 type=1 insize=5809 outsize=2902 kw=UNITY_PASS_FORWARDBASE DIRECTIONAL SHADOWS_SCREEN LIGHTMAP_ON LIGHTMAP_SHADOW_MIXING pd=UNITY_ENABLE_REFLECTION_BUFFERS UNITY_NO_SCREENSPACE_SHADOWS UNITY_PBS_USE_BRDF3 UNITY_SPECCUBE_BOX_PROJECTION SHADER_API_DESKTOP UNITY_COLORSPACE_GAMMA UNITY_LIGHTMAP_RGBM_ENCODING ok=1
Cmd: compileSnippet
  error: 1 plat 4 at (73): Output value 'vert' is not completely initialized\nCompiling Vertex program with UNITY_PASS_FORWARDBASE DIRECTIONAL
Platform defines: UNITY_ENABLE_REFLECTION_BUFFERS UNITY_NO_SCREENSPACE_SHADOWS UNITY_PBS_USE_BRDF3 UNITY_SPECCUBE_BOX_PROJECTION SHADER_API_DESKTOP UNITY_COLORSPACE_GAMMA UNITY_LIGHTMAP_RGBM_ENCODING
  api=4 type=0 insize=5809 outsize=1810 kw=UNITY_PASS_FORWARDBASE DIRECTIONAL pd=UNITY_ENABLE_REFLECTION_BUFFERS UNITY_NO_SCREENSPACE_SHADOWS UNITY_PBS_USE_BRDF3 UNITY_SPECCUBE_BOX_PROJECTION SHADER_API_DESKTOP UNITY_COLORSPACE_GAMMA UNITY_LIGHTMAP_RGBM_ENCODING ok=1
Cmd: compileSnippet
  api=4 type=1 insize=5809 outsize=2698 kw=UNITY_PASS_FORWARDBASE DIRECTIONAL pd=UNITY_ENABLE_REFLECTION_BUFFERS UNITY_NO_SCREENSPACE_SHADOWS UNITY_PBS_USE_BRDF3 UNITY_SPECCUBE_BOX_PROJECTION SHADER_API_DESKTOP UNITY_COLORSPACE_GAMMA UNITY_LIGHTMAP_RGBM_ENCODING ok=1
Cmd: compileSnippet
  error: 1 plat 4 at (73): Output value 'vert' is not completely initialized\nCompiling Vertex program with UNITY_PASS_FORWARDBASE DIRECTIONAL LIGHTPROBE_SH
Platform defines: UNITY_ENABLE_REFLECTION_BUFFERS UNITY_NO_SCREENSPACE_SHADOWS UNITY_PBS_USE_BRDF3 UNITY_SPECCUBE_BOX_PROJECTION SHADER_API_DESKTOP UNITY_COLORSPACE_GAMMA UNITY_LIGHTMAP_RGBM_ENCODING
  api=4 type=0 insize=5809 outsize=1810 kw=UNITY_PASS_FORWARDBASE DIRECTIONAL LIGHTPROBE_SH pd=UNITY_ENABLE_REFLECTION_BUFFERS UNITY_NO_SCREENSPACE_SHADOWS UNITY_PBS_USE_BRDF3 UNITY_SPECCUBE_BOX_PROJECTION SHADER_API_DESKTOP UNITY_COLORSPACE_GAMMA UNITY_LIGHTMAP_RGBM_ENCODING ok=1
Cmd: compileSnippet
  api=4 type=1 insize=5809 outsize=2698 kw=UNITY_PASS_FORWARDBASE DIRECTIONAL LIGHTPROBE_SH pd=UNITY_ENABLE_REFLECTION_BUFFERS UNITY_NO_SCREENSPACE_SHADOWS UNITY_PBS_USE_BRDF3 UNITY_SPECCUBE_BOX_PROJECTION SHADER_API_DESKTOP UNITY_COLORSPACE_GAMMA UNITY_LIGHTMAP_RGBM_ENCODING ok=1
Cmd: preprocess
  insize=7314 outsize=1581 ok=1
Cmd: compileSnippet
  error: 1 plat 4 at (73): Output value 'vert' is not completely initialized\nCompiling Vertex program with UNITY_PASS_FORWARDBASE DIRECTIONAL
Platform defines: UNITY_ENABLE_REFLECTION_BUFFERS UNITY_USE_DITHER_MASK_FOR_ALPHABLENDED_SHADOWS UNITY_PBS_USE_BRDF1 UNITY_SPECCUBE_BOX_PROJECTION UNITY_SPECCUBE_BLENDING UNITY_ENABLE_DETAIL_NORMALMAP SHADER_API_DESKTOP UNITY_COLORSPACE_GAMMA UNITY_LIGHT_PROBE_PROXY_VOLUME UNITY_LIGHTMAP_RGBM_ENCODING
  api=4 type=0 insize=5816 outsize=1810 kw=UNITY_PASS_FORWARDBASE DIRECTIONAL pd=UNITY_ENABLE_REFLECTION_BUFFERS UNITY_USE_DITHER_MASK_FOR_ALPHABLENDED_SHADOWS UNITY_PBS_USE_BRDF1 UNITY_SPECCUBE_BOX_PROJECTION UNITY_SPECCUBE_BLENDING UNITY_ENABLE_DETAIL_NORMALMAP SHADER_API_DESKTOP UNITY_COLORSPACE_GAMMA UNITY_LIGHT_PROBE_PROXY_VOLUME UNITY_LIGHTMAP_RGBM_ENCODING ok=1
Cmd: compileSnippet
  api=4 type=1 insize=5816 outsize=690 kw=UNITY_PASS_FORWARDBASE DIRECTIONAL pd=UNITY_ENABLE_REFLECTION_BUFFERS UNITY_USE_DITHER_MASK_FOR_ALPHABLENDED_SHADOWS UNITY_PBS_USE_BRDF1 UNITY_SPECCUBE_BOX_PROJECTION UNITY_SPECCUBE_BLENDING UNITY_ENABLE_DETAIL_NORMALMAP SHADER_API_DESKTOP UNITY_COLORSPACE_GAMMA UNITY_LIGHT_PROBE_PROXY_VOLUME UNITY_LIGHTMAP_RGBM_ENCODING ok=1
Cmd: compileSnippet
  api=4 type=0 insize=5816 outsize=2030 kw=UNITY_PASS_FORWARDBASE DIRECTIONAL SHADOWS_SCREEN LIGHTMAP_ON LIGHTMAP_SHADOW_MIXING pd=UNITY_ENABLE_REFLECTION_BUFFERS UNITY_NO_SCREENSPACE_SHADOWS UNITY_PBS_USE_BRDF3 UNITY_SPECCUBE_BOX_PROJECTION SHADER_API_DESKTOP UNITY_COLORSPACE_GAMMA UNITY_LIGHTMAP_RGBM_ENCODING ok=1
Cmd: compileSnippet
  api=4 type=1 insize=5816 outsize=690 kw=UNITY_PASS_FORWARDBASE DIRECTIONAL SHADOWS_SCREEN LIGHTMAP_ON LIGHTMAP_SHADOW_MIXING pd=UNITY_ENABLE_REFLECTION_BUFFERS UNITY_NO_SCREENSPACE_SHADOWS UNITY_PBS_USE_BRDF3 UNITY_SPECCUBE_BOX_PROJECTION SHADER_API_DESKTOP UNITY_COLORSPACE_GAMMA UNITY_LIGHTMAP_RGBM_ENCODING ok=1
Cmd: preprocess
  insize=7243 outsize=1581 ok=1
Cmd: initializeCompiler
Cmd: compileSnippet
  error: 1 plat 4 at (73): Output value 'vert' is not completely initialized\nCompiling Vertex program with UNITY_PASS_FORWARDBASE DIRECTIONAL LIGHTMAP_ON
Platform defines: UNITY_ENABLE_REFLECTION_BUFFERS UNITY_NO_SCREENSPACE_SHADOWS UNITY_PBS_USE_BRDF3 UNITY_SPECCUBE_BOX_PROJECTION SHADER_API_DESKTOP UNITY_COLORSPACE_GAMMA UNITY_LIGHTMAP_RGBM_ENCODING
  api=4 type=0 insize=5745 outsize=1810 kw=UNITY_PASS_FORWARDBASE DIRECTIONAL LIGHTMAP_ON pd=UNITY_ENABLE_REFLECTION_BUFFERS UNITY_NO_SCREENSPACE_SHADOWS UNITY_PBS_USE_BRDF3 UNITY_SPECCUBE_BOX_PROJECTION SHADER_API_DESKTOP UNITY_COLORSPACE_GAMMA UNITY_LIGHTMAP_RGBM_ENCODING ok=1
Cmd: compileSnippet
  api=4 type=1 insize=5745 outsize=2618 kw=UNITY_PASS_FORWARDBASE DIRECTIONAL LIGHTMAP_ON pd=UNITY_ENABLE_REFLECTION_BUFFERS UNITY_NO_SCREENSPACE_SHADOWS UNITY_PBS_USE_BRDF3 UNITY_SPECCUBE_BOX_PROJECTION SHADER_API_DESKTOP UNITY_COLORSPACE_GAMMA UNITY_LIGHTMAP_RGBM_ENCODING ok=1
Cmd: compileSnippet
  api=4 type=0 insize=1808 outsize=2662 kw=UNITY_PASS_FORWARDBASE DIRECTIONAL LIGHTMAP_ON FOG_LINEAR _NORMALMAP _VERTEXCOLOR_OFF _METALLICGLOSSMAP pd=UNITY_ENABLE_REFLECTION_BUFFERS UNITY_NO_SCREENSPACE_SHADOWS UNITY_PBS_USE_BRDF3 UNITY_SPECCUBE_BOX_PROJECTION SHADER_API_DESKTOP UNITY_COLORSPACE_GAMMA UNITY_LIGHTMAP_RGBM_ENCODING ok=1
Cmd: compileSnippet
  api=4 type=1 insize=1808 outsize=3118 kw=UNITY_PASS_FORWARDBASE DIRECTIONAL LIGHTMAP_ON FOG_LINEAR _NORMALMAP _VERTEXCOLOR_OFF _METALLICGLOSSMAP pd=UNITY_ENABLE_REFLECTION_BUFFERS UNITY_NO_SCREENSPACE_SHADOWS UNITY_PBS_USE_BRDF3 UNITY_SPECCUBE_BOX_PROJECTION SHADER_API_DESKTOP UNITY_COLORSPACE_GAMMA UNITY_LIGHTMAP_RGBM_ENCODING ok=1
Cmd: compileSnippet
  api=4 type=0 insize=1808 outsize=1986 kw=UNITY_PASS_FORWARDBASE DIRECTIONAL LIGHTMAP_ON FOG_LINEAR _VERTEXCOLOR_OFF _METALLICGLOSSMAP pd=UNITY_ENABLE_REFLECTION_BUFFERS UNITY_NO_SCREENSPACE_SHADOWS UNITY_PBS_USE_BRDF3 UNITY_SPECCUBE_BOX_PROJECTION SHADER_API_DESKTOP UNITY_COLORSPACE_GAMMA UNITY_LIGHTMAP_RGBM_ENCODING ok=1
Cmd: compileSnippet
  api=4 type=1 insize=1808 outsize=2662 kw=UNITY_PASS_FORWARDBASE DIRECTIONAL LIGHTMAP_ON FOG_LINEAR _VERTEXCOLOR_OFF _METALLICGLOSSMAP pd=UNITY_ENABLE_REFLECTION_BUFFERS UNITY_NO_SCREENSPACE_SHADOWS UNITY_PBS_USE_BRDF3 UNITY_SPECCUBE_BOX_PROJECTION SHADER_API_DESKTOP UNITY_COLORSPACE_GAMMA UNITY_LIGHTMAP_RGBM_ENCODING ok=1
Cmd: compileSnippet
  api=4 type=0 insize=1808 outsize=2662 kw=UNITY_PASS_FORWARDBASE DIRECTIONAL LIGHTMAP_ON FOG_LINEAR _NORMALMAP _METALLICGLOSSMAP _ALPHATEST_ON _VERTEXCOLOR pd=UNITY_ENABLE_REFLECTION_BUFFERS UNITY_NO_SCREENSPACE_SHADOWS UNITY_PBS_USE_BRDF3 UNITY_SPECCUBE_BOX_PROJECTION SHADER_API_DESKTOP UNITY_COLORSPACE_GAMMA UNITY_LIGHTMAP_RGBM_ENCODING ok=1
Cmd: compileSnippet
  api=4 type=1 insize=1808 outsize=3206 kw=UNITY_PASS_FORWARDBASE DIRECTIONAL LIGHTMAP_ON FOG_LINEAR _NORMALMAP _METALLICGLOSSMAP _ALPHATEST_ON _VERTEXCOLOR pd=UNITY_ENABLE_REFLECTION_BUFFERS UNITY_NO_SCREENSPACE_SHADOWS UNITY_PBS_USE_BRDF3 UNITY_SPECCUBE_BOX_PROJECTION SHADER_API_DESKTOP UNITY_COLORSPACE_GAMMA UNITY_LIGHTMAP_RGBM_ENCODING ok=1
Cmd: compileSnippet
  api=4 type=0 insize=1808 outsize=2662 kw=UNITY_PASS_FORWARDBASE DIRECTIONAL LIGHTMAP_ON FOG_LINEAR _NORMALMAP _VERTEXCOLOR_OFF _METALLICGLOSSMAP _ALPHATEST_ON pd=UNITY_ENABLE_REFLECTION_BUFFERS UNITY_NO_SCREENSPACE_SHADOWS UNITY_PBS_USE_BRDF3 UNITY_SPECCUBE_BOX_PROJECTION SHADER_API_DESKTOP UNITY_COLORSPACE_GAMMA UNITY_LIGHTMAP_RGBM_ENCODING ok=1
Cmd: compileSnippet
  api=4 type=1 insize=1808 outsize=3206 kw=UNITY_PASS_FORWARDBASE DIRECTIONAL LIGHTMAP_ON FOG_LINEAR _NORMALMAP _VERTEXCOLOR_OFF _METALLICGLOSSMAP _ALPHATEST_ON pd=UNITY_ENABLE_REFLECTION_BUFFERS UNITY_NO_SCREENSPACE_SHADOWS UNITY_PBS_USE_BRDF3 UNITY_SPECCUBE_BOX_PROJECTION SHADER_API_DESKTOP UNITY_COLORSPACE_GAMMA UNITY_LIGHTMAP_RGBM_ENCODING ok=1
Cmd: compileSnippet
  error: 1 plat 4 at UnityStandardCoreForwardSimple_VC.cginc(238): comma expression used where a vector constructor may have been intended\nCompiling Vertex program with UNITY_PASS_FORWARDBASE DIRECTIONAL LIGHTMAP_ON FOG_LINEAR _VERTEXCOLOR_OFF _METALLICGLOSSMAP _ALPHATEST_ON
Platform defines: UNITY_ENABLE_REFLECTION_BUFFERS UNITY_NO_SCREENSPACE_SHADOWS UNITY_PBS_USE_BRDF3 UNITY_SPECCUBE_BOX_PROJECTION SHADER_API_DESKTOP UNITY_COLORSPACE_GAMMA UNITY_LIGHTMAP_RGBM_ENCODING
  api=4 type=0 insize=1808 outsize=2338 kw=UNITY_PASS_FORWARDBASE DIRECTIONAL LIGHTMAP_ON FOG_LINEAR _VERTEXCOLOR_OFF _METALLICGLOSSMAP _ALPHATEST_ON pd=UNITY_ENABLE_REFLECTION_BUFFERS UNITY_NO_SCREENSPACE_SHADOWS UNITY_PBS_USE_BRDF3 UNITY_SPECCUBE_BOX_PROJECTION SHADER_API_DESKTOP UNITY_COLORSPACE_GAMMA UNITY_LIGHTMAP_RGBM_ENCODING ok=1
Cmd: compileSnippet
  error: 1 plat 4 at UnityStandardCoreForwardSimple_VC.cginc(238): comma expression used where a vector constructor may have been intended\nCompiling Fragment program with UNITY_PASS_FORWARDBASE DIRECTIONAL LIGHTMAP_ON FOG_LINEAR _VERTEXCOLOR_OFF _METALLICGLOSSMAP _ALPHATEST_ON
Platform defines: UNITY_ENABLE_REFLECTION_BUFFERS UNITY_NO_SCREENSPACE_SHADOWS UNITY_PBS_USE_BRDF3 UNITY_SPECCUBE_BOX_PROJECTION SHADER_API_DESKTOP UNITY_COLORSPACE_GAMMA UNITY_LIGHTMAP_RGBM_ENCODING
  api=4 type=1 insize=1808 outsize=2966 kw=UNITY_PASS_FORWARDBASE DIRECTIONAL LIGHTMAP_ON FOG_LINEAR _VERTEXCOLOR_OFF _METALLICGLOSSMAP _ALPHATEST_ON pd=UNITY_ENABLE_REFLECTION_BUFFERS UNITY_NO_SCREENSPACE_SHADOWS UNITY_PBS_USE_BRDF3 UNITY_SPECCUBE_BOX_PROJECTION SHADER_API_DESKTOP UNITY_COLORSPACE_GAMMA UNITY_LIGHTMAP_RGBM_ENCODING ok=1
Cmd: preprocess
  insize=7236 outsize=1581 ok=1
Cmd: compileSnippet
  error: 1 plat 4 at (73): Output value 'vert' is not completely initialized\nCompiling Vertex program with UNITY_PASS_FORWARDBASE DIRECTIONAL
Platform defines: UNITY_ENABLE_REFLECTION_BUFFERS UNITY_USE_DITHER_MASK_FOR_ALPHABLENDED_SHADOWS UNITY_PBS_USE_BRDF1 UNITY_SPECCUBE_BOX_PROJECTION UNITY_SPECCUBE_BLENDING UNITY_ENABLE_DETAIL_NORMALMAP SHADER_API_DESKTOP UNITY_COLORSPACE_GAMMA UNITY_LIGHT_PROBE_PROXY_VOLUME UNITY_LIGHTMAP_RGBM_ENCODING
  api=4 type=0 insize=5738 outsize=1810 kw=UNITY_PASS_FORWARDBASE DIRECTIONAL pd=UNITY_ENABLE_REFLECTION_BUFFERS UNITY_USE_DITHER_MASK_FOR_ALPHABLENDED_SHADOWS UNITY_PBS_USE_BRDF1 UNITY_SPECCUBE_BOX_PROJECTION UNITY_SPECCUBE_BLENDING UNITY_ENABLE_DETAIL_NORMALMAP SHADER_API_DESKTOP UNITY_COLORSPACE_GAMMA UNITY_LIGHT_PROBE_PROXY_VOLUME UNITY_LIGHTMAP_RGBM_ENCODING ok=1
Cmd: compileSnippet
  api=4 type=1 insize=5738 outsize=3186 kw=UNITY_PASS_FORWARDBASE DIRECTIONAL pd=UNITY_ENABLE_REFLECTION_BUFFERS UNITY_USE_DITHER_MASK_FOR_ALPHABLENDED_SHADOWS UNITY_PBS_USE_BRDF1 UNITY_SPECCUBE_BOX_PROJECTION UNITY_SPECCUBE_BLENDING UNITY_ENABLE_DETAIL_NORMALMAP SHADER_API_DESKTOP UNITY_COLORSPACE_GAMMA UNITY_LIGHT_PROBE_PROXY_VOLUME UNITY_LIGHTMAP_RGBM_ENCODING ok=1
Cmd: compileSnippet
  api=4 type=0 insize=5738 outsize=2030 kw=UNITY_PASS_FORWARDBASE DIRECTIONAL SHADOWS_SCREEN LIGHTMAP_ON LIGHTMAP_SHADOW_MIXING pd=UNITY_ENABLE_REFLECTION_BUFFERS UNITY_NO_SCREENSPACE_SHADOWS UNITY_PBS_USE_BRDF3 UNITY_SPECCUBE_BOX_PROJECTION SHADER_API_DESKTOP UNITY_COLORSPACE_GAMMA UNITY_LIGHTMAP_RGBM_ENCODING ok=1
Cmd: compileSnippet
  api=4 type=1 insize=5738 outsize=2782 kw=UNITY_PASS_FORWARDBASE DIRECTIONAL SHADOWS_SCREEN LIGHTMAP_ON LIGHTMAP_SHADOW_MIXING pd=UNITY_ENABLE_REFLECTION_BUFFERS UNITY_NO_SCREENSPACE_SHADOWS UNITY_PBS_USE_BRDF3 UNITY_SPECCUBE_BOX_PROJECTION SHADER_API_DESKTOP UNITY_COLORSPACE_GAMMA UNITY_LIGHTMAP_RGBM_ENCODING ok=1
Cmd: compileSnippet
  error: 1 plat 4 at (73): Output value 'vert' is not completely initialized\nCompiling Vertex program with UNITY_PASS_FORWARDBASE DIRECTIONAL
Platform defines: UNITY_ENABLE_REFLECTION_BUFFERS UNITY_NO_SCREENSPACE_SHADOWS UNITY_PBS_USE_BRDF3 UNITY_SPECCUBE_BOX_PROJECTION SHADER_API_DESKTOP UNITY_COLORSPACE_GAMMA UNITY_LIGHTMAP_RGBM_ENCODING
  api=4 type=0 insize=5738 outsize=1810 kw=UNITY_PASS_FORWARDBASE DIRECTIONAL pd=UNITY_ENABLE_REFLECTION_BUFFERS UNITY_NO_SCREENSPACE_SHADOWS UNITY_PBS_USE_BRDF3 UNITY_SPECCUBE_BOX_PROJECTION SHADER_API_DESKTOP UNITY_COLORSPACE_GAMMA UNITY_LIGHTMAP_RGBM_ENCODING ok=1
Cmd: compileSnippet
  api=4 type=1 insize=5738 outsize=2578 kw=UNITY_PASS_FORWARDBASE DIRECTIONAL pd=UNITY_ENABLE_REFLECTION_BUFFERS UNITY_NO_SCREENSPACE_SHADOWS UNITY_PBS_USE_BRDF3 UNITY_SPECCUBE_BOX_PROJECTION SHADER_API_DESKTOP UNITY_COLORSPACE_GAMMA UNITY_LIGHTMAP_RGBM_ENCODING ok=1
Cmd: compileSnippet
  error: 1 plat 4 at (73): Output value 'vert' is not completely initialized\nCompiling Vertex program with UNITY_PASS_FORWARDBASE DIRECTIONAL LIGHTPROBE_SH
Platform defines: UNITY_ENABLE_REFLECTION_BUFFERS UNITY_NO_SCREENSPACE_SHADOWS UNITY_PBS_USE_BRDF3 UNITY_SPECCUBE_BOX_PROJECTION SHADER_API_DESKTOP UNITY_COLORSPACE_GAMMA UNITY_LIGHTMAP_RGBM_ENCODING
  api=4 type=0 insize=5738 outsize=1810 kw=UNITY_PASS_FORWARDBASE DIRECTIONAL LIGHTPROBE_SH pd=UNITY_ENABLE_REFLECTION_BUFFERS UNITY_NO_SCREENSPACE_SHADOWS UNITY_PBS_USE_BRDF3 UNITY_SPECCUBE_BOX_PROJECTION SHADER_API_DESKTOP UNITY_COLORSPACE_GAMMA UNITY_LIGHTMAP_RGBM_ENCODING ok=1
Cmd: compileSnippet
  api=4 type=1 insize=5738 outsize=2578 kw=UNITY_PASS_FORWARDBASE DIRECTIONAL LIGHTPROBE_SH pd=UNITY_ENABLE_REFLECTION_BUFFERS UNITY_NO_SCREENSPACE_SHADOWS UNITY_PBS_USE_BRDF3 UNITY_SPECCUBE_BOX_PROJECTION SHADER_API_DESKTOP UNITY_COLORSPACE_GAMMA UNITY_LIGHTMAP_RGBM_ENCODING ok=1
Cmd: preprocess
  insize=7242 outsize=1581 ok=1
Cmd: compileSnippet
  error: 1 plat 4 at (73): Output value 'vert' is not completely initialized\nCompiling Vertex program with UNITY_PASS_FORWARDBASE DIRECTIONAL
Platform defines: UNITY_ENABLE_REFLECTION_BUFFERS UNITY_USE_DITHER_MASK_FOR_ALPHABLENDED_SHADOWS UNITY_PBS_USE_BRDF1 UNITY_SPECCUBE_BOX_PROJECTION UNITY_SPECCUBE_BLENDING UNITY_ENABLE_DETAIL_NORMALMAP SHADER_API_DESKTOP UNITY_COLORSPACE_GAMMA UNITY_LIGHT_PROBE_PROXY_VOLUME UNITY_LIGHTMAP_RGBM_ENCODING
  api=4 type=0 insize=5744 outsize=1810 kw=UNITY_PASS_FORWARDBASE DIRECTIONAL pd=UNITY_ENABLE_REFLECTION_BUFFERS UNITY_USE_DITHER_MASK_FOR_ALPHABLENDED_SHADOWS UNITY_PBS_USE_BRDF1 UNITY_SPECCUBE_BOX_PROJECTION UNITY_SPECCUBE_BLENDING UNITY_ENABLE_DETAIL_NORMALMAP SHADER_API_DESKTOP UNITY_COLORSPACE_GAMMA UNITY_LIGHT_PROBE_PROXY_VOLUME UNITY_LIGHTMAP_RGBM_ENCODING ok=1
Cmd: compileSnippet
  api=4 type=1 insize=5744 outsize=3226 kw=UNITY_PASS_FORWARDBASE DIRECTIONAL pd=UNITY_ENABLE_REFLECTION_BUFFERS UNITY_USE_DITHER_MASK_FOR_ALPHABLENDED_SHADOWS UNITY_PBS_USE_BRDF1 UNITY_SPECCUBE_BOX_PROJECTION UNITY_SPECCUBE_BLENDING UNITY_ENABLE_DETAIL_NORMALMAP SHADER_API_DESKTOP UNITY_COLORSPACE_GAMMA UNITY_LIGHT_PROBE_PROXY_VOLUME UNITY_LIGHTMAP_RGBM_ENCODING ok=1
Cmd: compileSnippet
  api=4 type=0 insize=5744 outsize=2030 kw=UNITY_PASS_FORWARDBASE DIRECTIONAL SHADOWS_SCREEN LIGHTMAP_ON LIGHTMAP_SHADOW_MIXING pd=UNITY_ENABLE_REFLECTION_BUFFERS UNITY_NO_SCREENSPACE_SHADOWS UNITY_PBS_USE_BRDF3 UNITY_SPECCUBE_BOX_PROJECTION SHADER_API_DESKTOP UNITY_COLORSPACE_GAMMA UNITY_LIGHTMAP_RGBM_ENCODING ok=1
Cmd: compileSnippet
  api=4 type=1 insize=5744 outsize=2822 kw=UNITY_PASS_FORWARDBASE DIRECTIONAL SHADOWS_SCREEN LIGHTMAP_ON LIGHTMAP_SHADOW_MIXING pd=UNITY_ENABLE_REFLECTION_BUFFERS UNITY_NO_SCREENSPACE_SHADOWS UNITY_PBS_USE_BRDF3 UNITY_SPECCUBE_BOX_PROJECTION SHADER_API_DESKTOP UNITY_COLORSPACE_GAMMA UNITY_LIGHTMAP_RGBM_ENCODING ok=1
Cmd: compileSnippet
  error: 1 plat 4 at (73): Output value 'vert' is not completely initialized\nCompiling Vertex program with UNITY_PASS_FORWARDBASE DIRECTIONAL
Platform defines: UNITY_ENABLE_REFLECTION_BUFFERS UNITY_NO_SCREENSPACE_SHADOWS UNITY_PBS_USE_BRDF3 UNITY_SPECCUBE_BOX_PROJECTION SHADER_API_DESKTOP UNITY_COLORSPACE_GAMMA UNITY_LIGHTMAP_RGBM_ENCODING
  api=4 type=0 insize=5744 outsize=1810 kw=UNITY_PASS_FORWARDBASE DIRECTIONAL pd=UNITY_ENABLE_REFLECTION_BUFFERS UNITY_NO_SCREENSPACE_SHADOWS UNITY_PBS_USE_BRDF3 UNITY_SPECCUBE_BOX_PROJECTION SHADER_API_DESKTOP UNITY_COLORSPACE_GAMMA UNITY_LIGHTMAP_RGBM_ENCODING ok=1
Cmd: compileSnippet
  api=4 type=1 insize=5744 outsize=2618 kw=UNITY_PASS_FORWARDBASE DIRECTIONAL pd=UNITY_ENABLE_REFLECTION_BUFFERS UNITY_NO_SCREENSPACE_SHADOWS UNITY_PBS_USE_BRDF3 UNITY_SPECCUBE_BOX_PROJECTION SHADER_API_DESKTOP UNITY_COLORSPACE_GAMMA UNITY_LIGHTMAP_RGBM_ENCODING ok=1
Cmd: compileSnippet
  error: 1 plat 4 at (73): Output value 'vert' is not completely initialized\nCompiling Vertex program with UNITY_PASS_FORWARDBASE DIRECTIONAL LIGHTPROBE_SH
Platform defines: UNITY_ENABLE_REFLECTION_BUFFERS UNITY_NO_SCREENSPACE_SHADOWS UNITY_PBS_USE_BRDF3 UNITY_SPECCUBE_BOX_PROJECTION SHADER_API_DESKTOP UNITY_COLORSPACE_GAMMA UNITY_LIGHTMAP_RGBM_ENCODING
  api=4 type=0 insize=5744 outsize=1810 kw=UNITY_PASS_FORWARDBASE DIRECTIONAL LIGHTPROBE_SH pd=UNITY_ENABLE_REFLECTION_BUFFERS UNITY_NO_SCREENSPACE_SHADOWS UNITY_PBS_USE_BRDF3 UNITY_SPECCUBE_BOX_PROJECTION SHADER_API_DESKTOP UNITY_COLORSPACE_GAMMA UNITY_LIGHTMAP_RGBM_ENCODING ok=1
Cmd: compileSnippet
  api=4 type=1 insize=5744 outsize=2618 kw=UNITY_PASS_FORWARDBASE DIRECTIONAL LIGHTPROBE_SH pd=UNITY_ENABLE_REFLECTION_BUFFERS UNITY_NO_SCREENSPACE_SHADOWS UNITY_PBS_USE_BRDF3 UNITY_SPECCUBE_BOX_PROJECTION SHADER_API_DESKTOP UNITY_COLORSPACE_GAMMA UNITY_LIGHTMAP_RGBM_ENCODING ok=1
Cmd: preprocess
  insize=7243 outsize=1581 ok=1
Cmd: compileSnippet
  error: 1 plat 4 at (73): Output value 'vert' is not completely initialized\nCompiling Vertex program with UNITY_PASS_FORWARDBASE DIRECTIONAL
Platform defines: UNITY_ENABLE_REFLECTION_BUFFERS UNITY_USE_DITHER_MASK_FOR_ALPHABLENDED_SHADOWS UNITY_PBS_USE_BRDF1 UNITY_SPECCUBE_BOX_PROJECTION UNITY_SPECCUBE_BLENDING UNITY_ENABLE_DETAIL_NORMALMAP SHADER_API_DESKTOP UNITY_COLORSPACE_GAMMA UNITY_LIGHT_PROBE_PROXY_VOLUME UNITY_LIGHTMAP_RGBM_ENCODING
  api=4 type=0 insize=5745 outsize=1810 kw=UNITY_PASS_FORWARDBASE DIRECTIONAL pd=UNITY_ENABLE_REFLECTION_BUFFERS UNITY_USE_DITHER_MASK_FOR_ALPHABLENDED_SHADOWS UNITY_PBS_USE_BRDF1 UNITY_SPECCUBE_BOX_PROJECTION UNITY_SPECCUBE_BLENDING UNITY_ENABLE_DETAIL_NORMALMAP SHADER_API_DESKTOP UNITY_COLORSPACE_GAMMA UNITY_LIGHT_PROBE_PROXY_VOLUME UNITY_LIGHTMAP_RGBM_ENCODING ok=1
Cmd: compileSnippet
  api=4 type=1 insize=5745 outsize=3226 kw=UNITY_PASS_FORWARDBASE DIRECTIONAL pd=UNITY_ENABLE_REFLECTION_BUFFERS UNITY_USE_DITHER_MASK_FOR_ALPHABLENDED_SHADOWS UNITY_PBS_USE_BRDF1 UNITY_SPECCUBE_BOX_PROJECTION UNITY_SPECCUBE_BLENDING UNITY_ENABLE_DETAIL_NORMALMAP SHADER_API_DESKTOP UNITY_COLORSPACE_GAMMA UNITY_LIGHT_PROBE_PROXY_VOLUME UNITY_LIGHTMAP_RGBM_ENCODING ok=1
Cmd: compileSnippet
  api=4 type=0 insize=5745 outsize=2030 kw=UNITY_PASS_FORWARDBASE DIRECTIONAL SHADOWS_SCREEN LIGHTMAP_ON LIGHTMAP_SHADOW_MIXING pd=UNITY_ENABLE_REFLECTION_BUFFERS UNITY_NO_SCREENSPACE_SHADOWS UNITY_PBS_USE_BRDF3 UNITY_SPECCUBE_BOX_PROJECTION SHADER_API_DESKTOP UNITY_COLORSPACE_GAMMA UNITY_LIGHTMAP_RGBM_ENCODING ok=1
Cmd: compileSnippet
  api=4 type=1 insize=5745 outsize=2822 kw=UNITY_PASS_FORWARDBASE DIRECTIONAL SHADOWS_SCREEN LIGHTMAP_ON LIGHTMAP_SHADOW_MIXING pd=UNITY_ENABLE_REFLECTION_BUFFERS UNITY_NO_SCREENSPACE_SHADOWS UNITY_PBS_USE_BRDF3 UNITY_SPECCUBE_BOX_PROJECTION SHADER_API_DESKTOP UNITY_COLORSPACE_GAMMA UNITY_LIGHTMAP_RGBM_ENCODING ok=1
Cmd: preprocess
  insize=7243 outsize=1581 ok=1
Cmd: compileSnippet
  error: 1 plat 4 at (73): Output value 'vert' is not completely initialized\nCompiling Vertex program with UNITY_PASS_FORWARDBASE DIRECTIONAL
Platform defines: UNITY_ENABLE_REFLECTION_BUFFERS UNITY_USE_DITHER_MASK_FOR_ALPHABLENDED_SHADOWS UNITY_PBS_USE_BRDF1 UNITY_SPECCUBE_BOX_PROJECTION UNITY_SPECCUBE_BLENDING UNITY_ENABLE_DETAIL_NORMALMAP SHADER_API_DESKTOP UNITY_COLORSPACE_GAMMA UNITY_LIGHT_PROBE_PROXY_VOLUME UNITY_LIGHTMAP_RGBM_ENCODING
  api=4 type=0 insize=5745 outsize=1810 kw=UNITY_PASS_FORWARDBASE DIRECTIONAL pd=UNITY_ENABLE_REFLECTION_BUFFERS UNITY_USE_DITHER_MASK_FOR_ALPHABLENDED_SHADOWS UNITY_PBS_USE_BRDF1 UNITY_SPECCUBE_BOX_PROJECTION UNITY_SPECCUBE_BLENDING UNITY_ENABLE_DETAIL_NORMALMAP SHADER_API_DESKTOP UNITY_COLORSPACE_GAMMA UNITY_LIGHT_PROBE_PROXY_VOLUME UNITY_LIGHTMAP_RGBM_ENCODING ok=1
Cmd: compileSnippet
  api=4 type=1 insize=5745 outsize=3226 kw=UNITY_PASS_FORWARDBASE DIRECTIONAL pd=UNITY_ENABLE_REFLECTION_BUFFERS UNITY_USE_DITHER_MASK_FOR_ALPHABLENDED_SHADOWS UNITY_PBS_USE_BRDF1 UNITY_SPECCUBE_BOX_PROJECTION UNITY_SPECCUBE_BLENDING UNITY_ENABLE_DETAIL_NORMALMAP SHADER_API_DESKTOP UNITY_COLORSPACE_GAMMA UNITY_LIGHT_PROBE_PROXY_VOLUME UNITY_LIGHTMAP_RGBM_ENCODING ok=1
Cmd: compileSnippet
  api=4 type=0 insize=5745 outsize=2030 kw=UNITY_PASS_FORWARDBASE DIRECTIONAL SHADOWS_SCREEN LIGHTMAP_ON LIGHTMAP_SHADOW_MIXING pd=UNITY_ENABLE_REFLECTION_BUFFERS UNITY_NO_SCREENSPACE_SHADOWS UNITY_PBS_USE_BRDF3 UNITY_SPECCUBE_BOX_PROJECTION SHADER_API_DESKTOP UNITY_COLORSPACE_GAMMA UNITY_LIGHTMAP_RGBM_ENCODING ok=1
Cmd: compileSnippet
  api=4 type=1 insize=5745 outsize=2822 kw=UNITY_PASS_FORWARDBASE DIRECTIONAL SHADOWS_SCREEN LIGHTMAP_ON LIGHTMAP_SHADOW_MIXING pd=UNITY_ENABLE_REFLECTION_BUFFERS UNITY_NO_SCREENSPACE_SHADOWS UNITY_PBS_USE_BRDF3 UNITY_SPECCUBE_BOX_PROJECTION SHADER_API_DESKTOP UNITY_COLORSPACE_GAMMA UNITY_LIGHTMAP_RGBM_ENCODING ok=1
Cmd: preprocess
  insize=7245 outsize=1581 ok=1
Cmd: compileSnippet
  error: 1 plat 4 at (73): Output value 'vert' is not completely initialized\nCompiling Vertex program with UNITY_PASS_FORWARDBASE DIRECTIONAL
Platform defines: UNITY_ENABLE_REFLECTION_BUFFERS UNITY_USE_DITHER_MASK_FOR_ALPHABLENDED_SHADOWS UNITY_PBS_USE_BRDF1 UNITY_SPECCUBE_BOX_PROJECTION UNITY_SPECCUBE_BLENDING UNITY_ENABLE_DETAIL_NORMALMAP SHADER_API_DESKTOP UNITY_COLORSPACE_GAMMA UNITY_LIGHT_PROBE_PROXY_VOLUME UNITY_LIGHTMAP_RGBM_ENCODING
  api=4 type=0 insize=5747 outsize=1810 kw=UNITY_PASS_FORWARDBASE DIRECTIONAL pd=UNITY_ENABLE_REFLECTION_BUFFERS UNITY_USE_DITHER_MASK_FOR_ALPHABLENDED_SHADOWS UNITY_PBS_USE_BRDF1 UNITY_SPECCUBE_BOX_PROJECTION UNITY_SPECCUBE_BLENDING UNITY_ENABLE_DETAIL_NORMALMAP SHADER_API_DESKTOP UNITY_COLORSPACE_GAMMA UNITY_LIGHT_PROBE_PROXY_VOLUME UNITY_LIGHTMAP_RGBM_ENCODING ok=1
Cmd: compileSnippet
  api=4 type=1 insize=5747 outsize=3226 kw=UNITY_PASS_FORWARDBASE DIRECTIONAL pd=UNITY_ENABLE_REFLECTION_BUFFERS UNITY_USE_DITHER_MASK_FOR_ALPHABLENDED_SHADOWS UNITY_PBS_USE_BRDF1 UNITY_SPECCUBE_BOX_PROJECTION UNITY_SPECCUBE_BLENDING UNITY_ENABLE_DETAIL_NORMALMAP SHADER_API_DESKTOP UNITY_COLORSPACE_GAMMA UNITY_LIGHT_PROBE_PROXY_VOLUME UNITY_LIGHTMAP_RGBM_ENCODING ok=1
Cmd: compileSnippet
  api=4 type=0 insize=5747 outsize=2030 kw=UNITY_PASS_FORWARDBASE DIRECTIONAL SHADOWS_SCREEN LIGHTMAP_ON LIGHTMAP_SHADOW_MIXING pd=UNITY_ENABLE_REFLECTION_BUFFERS UNITY_NO_SCREENSPACE_SHADOWS UNITY_PBS_USE_BRDF3 UNITY_SPECCUBE_BOX_PROJECTION SHADER_API_DESKTOP UNITY_COLORSPACE_GAMMA UNITY_LIGHTMAP_RGBM_ENCODING ok=1
Cmd: compileSnippet
  api=4 type=1 insize=5747 outsize=2822 kw=UNITY_PASS_FORWARDBASE DIRECTIONAL SHADOWS_SCREEN LIGHTMAP_ON LIGHTMAP_SHADOW_MIXING pd=UNITY_ENABLE_REFLECTION_BUFFERS UNITY_NO_SCREENSPACE_SHADOWS UNITY_PBS_USE_BRDF3 UNITY_SPECCUBE_BOX_PROJECTION SHADER_API_DESKTOP UNITY_COLORSPACE_GAMMA UNITY_LIGHTMAP_RGBM_ENCODING ok=1
Cmd: preprocess
  insize=7244 outsize=1581 ok=1
Cmd: compileSnippet
  error: 1 plat 4 at (73): Output value 'vert' is not completely initialized\nCompiling Vertex program with UNITY_PASS_FORWARDBASE DIRECTIONAL
Platform defines: UNITY_ENABLE_REFLECTION_BUFFERS UNITY_USE_DITHER_MASK_FOR_ALPHABLENDED_SHADOWS UNITY_PBS_USE_BRDF1 UNITY_SPECCUBE_BOX_PROJECTION UNITY_SPECCUBE_BLENDING UNITY_ENABLE_DETAIL_NORMALMAP SHADER_API_DESKTOP UNITY_COLORSPACE_GAMMA UNITY_LIGHT_PROBE_PROXY_VOLUME UNITY_LIGHTMAP_RGBM_ENCODING
  api=4 type=0 insize=5746 outsize=1810 kw=UNITY_PASS_FORWARDBASE DIRECTIONAL pd=UNITY_ENABLE_REFLECTION_BUFFERS UNITY_USE_DITHER_MASK_FOR_ALPHABLENDED_SHADOWS UNITY_PBS_USE_BRDF1 UNITY_SPECCUBE_BOX_PROJECTION UNITY_SPECCUBE_BLENDING UNITY_ENABLE_DETAIL_NORMALMAP SHADER_API_DESKTOP UNITY_COLORSPACE_GAMMA UNITY_LIGHT_PROBE_PROXY_VOLUME UNITY_LIGHTMAP_RGBM_ENCODING ok=1
Cmd: compileSnippet
  api=4 type=1 insize=5746 outsize=3226 kw=UNITY_PASS_FORWARDBASE DIRECTIONAL pd=UNITY_ENABLE_REFLECTION_BUFFERS UNITY_USE_DITHER_MASK_FOR_ALPHABLENDED_SHADOWS UNITY_PBS_USE_BRDF1 UNITY_SPECCUBE_BOX_PROJECTION UNITY_SPECCUBE_BLENDING UNITY_ENABLE_DETAIL_NORMALMAP SHADER_API_DESKTOP UNITY_COLORSPACE_GAMMA UNITY_LIGHT_PROBE_PROXY_VOLUME UNITY_LIGHTMAP_RGBM_ENCODING ok=1
Cmd: compileSnippet
  api=4 type=0 insize=5746 outsize=2030 kw=UNITY_PASS_FORWARDBASE DIRECTIONAL SHADOWS_SCREEN LIGHTMAP_ON LIGHTMAP_SHADOW_MIXING pd=UNITY_ENABLE_REFLECTION_BUFFERS UNITY_NO_SCREENSPACE_SHADOWS UNITY_PBS_USE_BRDF3 UNITY_SPECCUBE_BOX_PROJECTION SHADER_API_DESKTOP UNITY_COLORSPACE_GAMMA UNITY_LIGHTMAP_RGBM_ENCODING ok=1
Cmd: compileSnippet
  api=4 type=1 insize=5746 outsize=2822 kw=UNITY_PASS_FORWARDBASE DIRECTIONAL SHADOWS_SCREEN LIGHTMAP_ON LIGHTMAP_SHADOW_MIXING pd=UNITY_ENABLE_REFLECTION_BUFFERS UNITY_NO_SCREENSPACE_SHADOWS UNITY_PBS_USE_BRDF3 UNITY_SPECCUBE_BOX_PROJECTION SHADER_API_DESKTOP UNITY_COLORSPACE_GAMMA UNITY_LIGHTMAP_RGBM_ENCODING ok=1
Cmd: compileSnippet
  error: 1 plat 4 at (73): Output value 'vert' is not completely initialized\nCompiling Vertex program with UNITY_PASS_FORWARDBASE DIRECTIONAL LIGHTMAP_ON LIGHTMAP_SHADOW_MIXING
Platform defines: UNITY_ENABLE_REFLECTION_BUFFERS UNITY_NO_SCREENSPACE_SHADOWS UNITY_PBS_USE_BRDF3 UNITY_SPECCUBE_BOX_PROJECTION SHADER_API_DESKTOP UNITY_COLORSPACE_GAMMA UNITY_LIGHTMAP_RGBM_ENCODING
  api=4 type=0 insize=5746 outsize=1810 kw=UNITY_PASS_FORWARDBASE DIRECTIONAL LIGHTMAP_ON LIGHTMAP_SHADOW_MIXING pd=UNITY_ENABLE_REFLECTION_BUFFERS UNITY_NO_SCREENSPACE_SHADOWS UNITY_PBS_USE_BRDF3 UNITY_SPECCUBE_BOX_PROJECTION SHADER_API_DESKTOP UNITY_COLORSPACE_GAMMA UNITY_LIGHTMAP_RGBM_ENCODING ok=1
Cmd: compileSnippet
  api=4 type=1 insize=5746 outsize=1406 kw=UNITY_PASS_FORWARDBASE DIRECTIONAL LIGHTMAP_ON LIGHTMAP_SHADOW_MIXING pd=UNITY_ENABLE_REFLECTION_BUFFERS UNITY_NO_SCREENSPACE_SHADOWS UNITY_PBS_USE_BRDF3 UNITY_SPECCUBE_BOX_PROJECTION SHADER_API_DESKTOP UNITY_COLORSPACE_GAMMA UNITY_LIGHTMAP_RGBM_ENCODING ok=1
Cmd: preprocess
  insize=7238 outsize=1581 ok=1
Cmd: compileSnippet
  error: 1 plat 4 at (73): Output value 'vert' is not completely initialized\nCompiling Vertex program with UNITY_PASS_FORWARDBASE DIRECTIONAL
Platform defines: UNITY_ENABLE_REFLECTION_BUFFERS UNITY_USE_DITHER_MASK_FOR_ALPHABLENDED_SHADOWS UNITY_PBS_USE_BRDF1 UNITY_SPECCUBE_BOX_PROJECTION UNITY_SPECCUBE_BLENDING UNITY_ENABLE_DETAIL_NORMALMAP SHADER_API_DESKTOP UNITY_COLORSPACE_GAMMA UNITY_LIGHT_PROBE_PROXY_VOLUME UNITY_LIGHTMAP_RGBM_ENCODING
  api=4 type=0 insize=5740 outsize=1810 kw=UNITY_PASS_FORWARDBASE DIRECTIONAL pd=UNITY_ENABLE_REFLECTION_BUFFERS UNITY_USE_DITHER_MASK_FOR_ALPHABLENDED_SHADOWS UNITY_PBS_USE_BRDF1 UNITY_SPECCUBE_BOX_PROJECTION UNITY_SPECCUBE_BLENDING UNITY_ENABLE_DETAIL_NORMALMAP SHADER_API_DESKTOP UNITY_COLORSPACE_GAMMA UNITY_LIGHT_PROBE_PROXY_VOLUME UNITY_LIGHTMAP_RGBM_ENCODING ok=1
Cmd: compileSnippet
  api=4 type=1 insize=5740 outsize=3186 kw=UNITY_PASS_FORWARDBASE DIRECTIONAL pd=UNITY_ENABLE_REFLECTION_BUFFERS UNITY_USE_DITHER_MASK_FOR_ALPHABLENDED_SHADOWS UNITY_PBS_USE_BRDF1 UNITY_SPECCUBE_BOX_PROJECTION UNITY_SPECCUBE_BLENDING UNITY_ENABLE_DETAIL_NORMALMAP SHADER_API_DESKTOP UNITY_COLORSPACE_GAMMA UNITY_LIGHT_PROBE_PROXY_VOLUME UNITY_LIGHTMAP_RGBM_ENCODING ok=1
Cmd: compileSnippet
  api=4 type=0 insize=5740 outsize=2030 kw=UNITY_PASS_FORWARDBASE DIRECTIONAL SHADOWS_SCREEN LIGHTMAP_ON LIGHTMAP_SHADOW_MIXING pd=UNITY_ENABLE_REFLECTION_BUFFERS UNITY_NO_SCREENSPACE_SHADOWS UNITY_PBS_USE_BRDF3 UNITY_SPECCUBE_BOX_PROJECTION SHADER_API_DESKTOP UNITY_COLORSPACE_GAMMA UNITY_LIGHTMAP_RGBM_ENCODING ok=1
Cmd: compileSnippet
  api=4 type=1 insize=5740 outsize=2782 kw=UNITY_PASS_FORWARDBASE DIRECTIONAL SHADOWS_SCREEN LIGHTMAP_ON LIGHTMAP_SHADOW_MIXING pd=UNITY_ENABLE_REFLECTION_BUFFERS UNITY_NO_SCREENSPACE_SHADOWS UNITY_PBS_USE_BRDF3 UNITY_SPECCUBE_BOX_PROJECTION SHADER_API_DESKTOP UNITY_COLORSPACE_GAMMA UNITY_LIGHTMAP_RGBM_ENCODING ok=1
Cmd: preprocess
  insize=7244 outsize=1581 ok=1
Cmd: compileSnippet
  error: 1 plat 4 at (73): Output value 'vert' is not completely initialized\nCompiling Vertex program with UNITY_PASS_FORWARDBASE DIRECTIONAL
Platform defines: UNITY_ENABLE_REFLECTION_BUFFERS UNITY_USE_DITHER_MASK_FOR_ALPHABLENDED_SHADOWS UNITY_PBS_USE_BRDF1 UNITY_SPECCUBE_BOX_PROJECTION UNITY_SPECCUBE_BLENDING UNITY_ENABLE_DETAIL_NORMALMAP SHADER_API_DESKTOP UNITY_COLORSPACE_GAMMA UNITY_LIGHT_PROBE_PROXY_VOLUME UNITY_LIGHTMAP_RGBM_ENCODING
  api=4 type=0 insize=5746 outsize=1810 kw=UNITY_PASS_FORWARDBASE DIRECTIONAL pd=UNITY_ENABLE_REFLECTION_BUFFERS UNITY_USE_DITHER_MASK_FOR_ALPHABLENDED_SHADOWS UNITY_PBS_USE_BRDF1 UNITY_SPECCUBE_BOX_PROJECTION UNITY_SPECCUBE_BLENDING UNITY_ENABLE_DETAIL_NORMALMAP SHADER_API_DESKTOP UNITY_COLORSPACE_GAMMA UNITY_LIGHT_PROBE_PROXY_VOLUME UNITY_LIGHTMAP_RGBM_ENCODING ok=1
Cmd: compileSnippet
  api=4 type=1 insize=5746 outsize=3226 kw=UNITY_PASS_FORWARDBASE DIRECTIONAL pd=UNITY_ENABLE_REFLECTION_BUFFERS UNITY_USE_DITHER_MASK_FOR_ALPHABLENDED_SHADOWS UNITY_PBS_USE_BRDF1 UNITY_SPECCUBE_BOX_PROJECTION UNITY_SPECCUBE_BLENDING UNITY_ENABLE_DETAIL_NORMALMAP SHADER_API_DESKTOP UNITY_COLORSPACE_GAMMA UNITY_LIGHT_PROBE_PROXY_VOLUME UNITY_LIGHTMAP_RGBM_ENCODING ok=1
Cmd: compileSnippet
  api=4 type=0 insize=5746 outsize=2030 kw=UNITY_PASS_FORWARDBASE DIRECTIONAL SHADOWS_SCREEN LIGHTMAP_ON LIGHTMAP_SHADOW_MIXING pd=UNITY_ENABLE_REFLECTION_BUFFERS UNITY_NO_SCREENSPACE_SHADOWS UNITY_PBS_USE_BRDF3 UNITY_SPECCUBE_BOX_PROJECTION SHADER_API_DESKTOP UNITY_COLORSPACE_GAMMA UNITY_LIGHTMAP_RGBM_ENCODING ok=1
Cmd: compileSnippet
  api=4 type=1 insize=5746 outsize=2822 kw=UNITY_PASS_FORWARDBASE DIRECTIONAL SHADOWS_SCREEN LIGHTMAP_ON LIGHTMAP_SHADOW_MIXING pd=UNITY_ENABLE_REFLECTION_BUFFERS UNITY_NO_SCREENSPACE_SHADOWS UNITY_PBS_USE_BRDF3 UNITY_SPECCUBE_BOX_PROJECTION SHADER_API_DESKTOP UNITY_COLORSPACE_GAMMA UNITY_LIGHTMAP_RGBM_ENCODING ok=1
Cmd: compileSnippet
  error: 1 plat 4 at (73): Output value 'vert' is not completely initialized\nCompiling Vertex program with UNITY_PASS_FORWARDBASE DIRECTIONAL
Platform defines: UNITY_ENABLE_REFLECTION_BUFFERS UNITY_NO_SCREENSPACE_SHADOWS UNITY_PBS_USE_BRDF3 UNITY_SPECCUBE_BOX_PROJECTION SHADER_API_DESKTOP UNITY_COLORSPACE_GAMMA UNITY_LIGHTMAP_RGBM_ENCODING
  api=4 type=0 insize=5746 outsize=1810 kw=UNITY_PASS_FORWARDBASE DIRECTIONAL pd=UNITY_ENABLE_REFLECTION_BUFFERS UNITY_NO_SCREENSPACE_SHADOWS UNITY_PBS_USE_BRDF3 UNITY_SPECCUBE_BOX_PROJECTION SHADER_API_DESKTOP UNITY_COLORSPACE_GAMMA UNITY_LIGHTMAP_RGBM_ENCODING ok=1
Cmd: compileSnippet
  api=4 type=1 insize=5746 outsize=2618 kw=UNITY_PASS_FORWARDBASE DIRECTIONAL pd=UNITY_ENABLE_REFLECTION_BUFFERS UNITY_NO_SCREENSPACE_SHADOWS UNITY_PBS_USE_BRDF3 UNITY_SPECCUBE_BOX_PROJECTION SHADER_API_DESKTOP UNITY_COLORSPACE_GAMMA UNITY_LIGHTMAP_RGBM_ENCODING ok=1
Cmd: compileSnippet
  error: 1 plat 4 at (73): Output value 'vert' is not completely initialized\nCompiling Vertex program with UNITY_PASS_FORWARDBASE DIRECTIONAL LIGHTPROBE_SH
Platform defines: UNITY_ENABLE_REFLECTION_BUFFERS UNITY_NO_SCREENSPACE_SHADOWS UNITY_PBS_USE_BRDF3 UNITY_SPECCUBE_BOX_PROJECTION SHADER_API_DESKTOP UNITY_COLORSPACE_GAMMA UNITY_LIGHTMAP_RGBM_ENCODING
  api=4 type=0 insize=5746 outsize=1810 kw=UNITY_PASS_FORWARDBASE DIRECTIONAL LIGHTPROBE_SH pd=UNITY_ENABLE_REFLECTION_BUFFERS UNITY_NO_SCREENSPACE_SHADOWS UNITY_PBS_USE_BRDF3 UNITY_SPECCUBE_BOX_PROJECTION SHADER_API_DESKTOP UNITY_COLORSPACE_GAMMA UNITY_LIGHTMAP_RGBM_ENCODING ok=1
Cmd: compileSnippet
  api=4 type=1 insize=5746 outsize=2618 kw=UNITY_PASS_FORWARDBASE DIRECTIONAL LIGHTPROBE_SH pd=UNITY_ENABLE_REFLECTION_BUFFERS UNITY_NO_SCREENSPACE_SHADOWS UNITY_PBS_USE_BRDF3 UNITY_SPECCUBE_BOX_PROJECTION SHADER_API_DESKTOP UNITY_COLORSPACE_GAMMA UNITY_LIGHTMAP_RGBM_ENCODING ok=1
Cmd: compileSnippet
  error: 1 plat 4 at (73): Output value 'vert' is not completely initialized\nCompiling Vertex program with UNITY_PASS_FORWARDBASE DIRECTIONAL LIGHTMAP_ON LIGHTMAP_SHADOW_MIXING
Platform defines: UNITY_ENABLE_REFLECTION_BUFFERS UNITY_NO_SCREENSPACE_SHADOWS UNITY_PBS_USE_BRDF3 UNITY_SPECCUBE_BOX_PROJECTION SHADER_API_DESKTOP UNITY_COLORSPACE_GAMMA UNITY_LIGHTMAP_RGBM_ENCODING
  api=4 type=0 insize=5746 outsize=1810 kw=UNITY_PASS_FORWARDBASE DIRECTIONAL LIGHTMAP_ON LIGHTMAP_SHADOW_MIXING pd=UNITY_ENABLE_REFLECTION_BUFFERS UNITY_NO_SCREENSPACE_SHADOWS UNITY_PBS_USE_BRDF3 UNITY_SPECCUBE_BOX_PROJECTION SHADER_API_DESKTOP UNITY_COLORSPACE_GAMMA UNITY_LIGHTMAP_RGBM_ENCODING ok=1
Cmd: compileSnippet
  api=4 type=1 insize=5746 outsize=1434 kw=UNITY_PASS_FORWARDBASE DIRECTIONAL LIGHTMAP_ON LIGHTMAP_SHADOW_MIXING pd=UNITY_ENABLE_REFLECTION_BUFFERS UNITY_NO_SCREENSPACE_SHADOWS UNITY_PBS_USE_BRDF3 UNITY_SPECCUBE_BOX_PROJECTION SHADER_API_DESKTOP UNITY_COLORSPACE_GAMMA UNITY_LIGHTMAP_RGBM_ENCODING ok=1
Cmd: preprocess
  insize=7237 outsize=1580 ok=1
Cmd: compileSnippet
  error: 1 plat 4 at (73): Output value 'vert' is not completely initialized\nCompiling Vertex program with UNITY_PASS_FORWARDBASE DIRECTIONAL
Platform defines: UNITY_ENABLE_REFLECTION_BUFFERS UNITY_USE_DITHER_MASK_FOR_ALPHABLENDED_SHADOWS UNITY_PBS_USE_BRDF1 UNITY_SPECCUBE_BOX_PROJECTION UNITY_SPECCUBE_BLENDING UNITY_ENABLE_DETAIL_NORMALMAP SHADER_API_DESKTOP UNITY_COLORSPACE_GAMMA UNITY_LIGHT_PROBE_PROXY_VOLUME UNITY_LIGHTMAP_RGBM_ENCODING
  api=4 type=0 insize=5739 outsize=1810 kw=UNITY_PASS_FORWARDBASE DIRECTIONAL pd=UNITY_ENABLE_REFLECTION_BUFFERS UNITY_USE_DITHER_MASK_FOR_ALPHABLENDED_SHADOWS UNITY_PBS_USE_BRDF1 UNITY_SPECCUBE_BOX_PROJECTION UNITY_SPECCUBE_BLENDING UNITY_ENABLE_DETAIL_NORMALMAP SHADER_API_DESKTOP UNITY_COLORSPACE_GAMMA UNITY_LIGHT_PROBE_PROXY_VOLUME UNITY_LIGHTMAP_RGBM_ENCODING ok=1
Cmd: compileSnippet
  api=4 type=1 insize=5739 outsize=2618 kw=UNITY_PASS_FORWARDBASE DIRECTIONAL pd=UNITY_ENABLE_REFLECTION_BUFFERS UNITY_USE_DITHER_MASK_FOR_ALPHABLENDED_SHADOWS UNITY_PBS_USE_BRDF1 UNITY_SPECCUBE_BOX_PROJECTION UNITY_SPECCUBE_BLENDING UNITY_ENABLE_DETAIL_NORMALMAP SHADER_API_DESKTOP UNITY_COLORSPACE_GAMMA UNITY_LIGHT_PROBE_PROXY_VOLUME UNITY_LIGHTMAP_RGBM_ENCODING ok=1
Cmd: compileSnippet
  api=4 type=0 insize=5739 outsize=2030 kw=UNITY_PASS_FORWARDBASE DIRECTIONAL SHADOWS_SCREEN LIGHTMAP_ON LIGHTMAP_SHADOW_MIXING pd=UNITY_ENABLE_REFLECTION_BUFFERS UNITY_NO_SCREENSPACE_SHADOWS UNITY_PBS_USE_BRDF3 UNITY_SPECCUBE_BOX_PROJECTION SHADER_API_DESKTOP UNITY_COLORSPACE_GAMMA UNITY_LIGHTMAP_RGBM_ENCODING ok=1
Cmd: compileSnippet
  api=4 type=1 insize=5739 outsize=2618 kw=UNITY_PASS_FORWARDBASE DIRECTIONAL SHADOWS_SCREEN LIGHTMAP_ON LIGHTMAP_SHADOW_MIXING pd=UNITY_ENABLE_REFLECTION_BUFFERS UNITY_NO_SCREENSPACE_SHADOWS UNITY_PBS_USE_BRDF3 UNITY_SPECCUBE_BOX_PROJECTION SHADER_API_DESKTOP UNITY_COLORSPACE_GAMMA UNITY_LIGHTMAP_RGBM_ENCODING ok=1
Cmd: compileSnippet
  error: 1 plat 4 at (73): Output value 'vert' is not completely initialized\nCompiling Vertex program with UNITY_PASS_FORWARDBASE DIRECTIONAL
Platform defines: UNITY_ENABLE_REFLECTION_BUFFERS UNITY_NO_SCREENSPACE_SHADOWS UNITY_PBS_USE_BRDF3 UNITY_SPECCUBE_BOX_PROJECTION SHADER_API_DESKTOP UNITY_COLORSPACE_GAMMA UNITY_LIGHTMAP_RGBM_ENCODING
  api=4 type=0 insize=5739 outsize=1810 kw=UNITY_PASS_FORWARDBASE DIRECTIONAL pd=UNITY_ENABLE_REFLECTION_BUFFERS UNITY_NO_SCREENSPACE_SHADOWS UNITY_PBS_USE_BRDF3 UNITY_SPECCUBE_BOX_PROJECTION SHADER_API_DESKTOP UNITY_COLORSPACE_GAMMA UNITY_LIGHTMAP_RGBM_ENCODING ok=1
Cmd: compileSnippet
  api=4 type=1 insize=5739 outsize=2618 kw=UNITY_PASS_FORWARDBASE DIRECTIONAL pd=UNITY_ENABLE_REFLECTION_BUFFERS UNITY_NO_SCREENSPACE_SHADOWS UNITY_PBS_USE_BRDF3 UNITY_SPECCUBE_BOX_PROJECTION SHADER_API_DESKTOP UNITY_COLORSPACE_GAMMA UNITY_LIGHTMAP_RGBM_ENCODING ok=1
Cmd: compileSnippet
  error: 1 plat 4 at (73): Output value 'vert' is not completely initialized\nCompiling Vertex program with UNITY_PASS_FORWARDBASE DIRECTIONAL LIGHTPROBE_SH
Platform defines: UNITY_ENABLE_REFLECTION_BUFFERS UNITY_NO_SCREENSPACE_SHADOWS UNITY_PBS_USE_BRDF3 UNITY_SPECCUBE_BOX_PROJECTION SHADER_API_DESKTOP UNITY_COLORSPACE_GAMMA UNITY_LIGHTMAP_RGBM_ENCODING
  api=4 type=0 insize=5739 outsize=1810 kw=UNITY_PASS_FORWARDBASE DIRECTIONAL LIGHTPROBE_SH pd=UNITY_ENABLE_REFLECTION_BUFFERS UNITY_NO_SCREENSPACE_SHADOWS UNITY_PBS_USE_BRDF3 UNITY_SPECCUBE_BOX_PROJECTION SHADER_API_DESKTOP UNITY_COLORSPACE_GAMMA UNITY_LIGHTMAP_RGBM_ENCODING ok=1
Cmd: compileSnippet
  api=4 type=1 insize=5739 outsize=2618 kw=UNITY_PASS_FORWARDBASE DIRECTIONAL LIGHTPROBE_SH pd=UNITY_ENABLE_REFLECTION_BUFFERS UNITY_NO_SCREENSPACE_SHADOWS UNITY_PBS_USE_BRDF3 UNITY_SPECCUBE_BOX_PROJECTION SHADER_API_DESKTOP UNITY_COLORSPACE_GAMMA UNITY_LIGHTMAP_RGBM_ENCODING ok=1
Cmd: preprocess
  insize=7237 outsize=1581 ok=1
Cmd: compileSnippet
  error: 1 plat 4 at (73): Output value 'vert' is not completely initialized\nCompiling Vertex program with UNITY_PASS_FORWARDBASE DIRECTIONAL
Platform defines: UNITY_ENABLE_REFLECTION_BUFFERS UNITY_USE_DITHER_MASK_FOR_ALPHABLENDED_SHADOWS UNITY_PBS_USE_BRDF1 UNITY_SPECCUBE_BOX_PROJECTION UNITY_SPECCUBE_BLENDING UNITY_ENABLE_DETAIL_NORMALMAP SHADER_API_DESKTOP UNITY_COLORSPACE_GAMMA UNITY_LIGHT_PROBE_PROXY_VOLUME UNITY_LIGHTMAP_RGBM_ENCODING
  api=4 type=0 insize=5739 outsize=1810 kw=UNITY_PASS_FORWARDBASE DIRECTIONAL pd=UNITY_ENABLE_REFLECTION_BUFFERS UNITY_USE_DITHER_MASK_FOR_ALPHABLENDED_SHADOWS UNITY_PBS_USE_BRDF1 UNITY_SPECCUBE_BOX_PROJECTION UNITY_SPECCUBE_BLENDING UNITY_ENABLE_DETAIL_NORMALMAP SHADER_API_DESKTOP UNITY_COLORSPACE_GAMMA UNITY_LIGHT_PROBE_PROXY_VOLUME UNITY_LIGHTMAP_RGBM_ENCODING ok=1
Cmd: compileSnippet
  api=4 type=1 insize=5739 outsize=2618 kw=UNITY_PASS_FORWARDBASE DIRECTIONAL pd=UNITY_ENABLE_REFLECTION_BUFFERS UNITY_USE_DITHER_MASK_FOR_ALPHABLENDED_SHADOWS UNITY_PBS_USE_BRDF1 UNITY_SPECCUBE_BOX_PROJECTION UNITY_SPECCUBE_BLENDING UNITY_ENABLE_DETAIL_NORMALMAP SHADER_API_DESKTOP UNITY_COLORSPACE_GAMMA UNITY_LIGHT_PROBE_PROXY_VOLUME UNITY_LIGHTMAP_RGBM_ENCODING ok=1
Cmd: compileSnippet
  api=4 type=0 insize=5739 outsize=2030 kw=UNITY_PASS_FORWARDBASE DIRECTIONAL SHADOWS_SCREEN LIGHTMAP_ON LIGHTMAP_SHADOW_MIXING pd=UNITY_ENABLE_REFLECTION_BUFFERS UNITY_NO_SCREENSPACE_SHADOWS UNITY_PBS_USE_BRDF3 UNITY_SPECCUBE_BOX_PROJECTION SHADER_API_DESKTOP UNITY_COLORSPACE_GAMMA UNITY_LIGHTMAP_RGBM_ENCODING ok=1
Cmd: compileSnippet
  api=4 type=1 insize=5739 outsize=2618 kw=UNITY_PASS_FORWARDBASE DIRECTIONAL SHADOWS_SCREEN LIGHTMAP_ON LIGHTMAP_SHADOW_MIXING pd=UNITY_ENABLE_REFLECTION_BUFFERS UNITY_NO_SCREENSPACE_SHADOWS UNITY_PBS_USE_BRDF3 UNITY_SPECCUBE_BOX_PROJECTION SHADER_API_DESKTOP UNITY_COLORSPACE_GAMMA UNITY_LIGHTMAP_RGBM_ENCODING ok=1
Cmd: compileSnippet
  error: 1 plat 4 at (73): Output value 'vert' is not completely initialized\nCompiling Vertex program with UNITY_PASS_FORWARDBASE DIRECTIONAL
Platform defines: UNITY_ENABLE_REFLECTION_BUFFERS UNITY_NO_SCREENSPACE_SHADOWS UNITY_PBS_USE_BRDF3 UNITY_SPECCUBE_BOX_PROJECTION SHADER_API_DESKTOP UNITY_COLORSPACE_GAMMA UNITY_LIGHTMAP_RGBM_ENCODING
  api=4 type=0 insize=5739 outsize=1810 kw=UNITY_PASS_FORWARDBASE DIRECTIONAL pd=UNITY_ENABLE_REFLECTION_BUFFERS UNITY_NO_SCREENSPACE_SHADOWS UNITY_PBS_USE_BRDF3 UNITY_SPECCUBE_BOX_PROJECTION SHADER_API_DESKTOP UNITY_COLORSPACE_GAMMA UNITY_LIGHTMAP_RGBM_ENCODING ok=1
Cmd: compileSnippet
  api=4 type=1 insize=5739 outsize=2618 kw=UNITY_PASS_FORWARDBASE DIRECTIONAL pd=UNITY_ENABLE_REFLECTION_BUFFERS UNITY_NO_SCREENSPACE_SHADOWS UNITY_PBS_USE_BRDF3 UNITY_SPECCUBE_BOX_PROJECTION SHADER_API_DESKTOP UNITY_COLORSPACE_GAMMA UNITY_LIGHTMAP_RGBM_ENCODING ok=1
Cmd: compileSnippet
  error: 1 plat 4 at (73): Output value 'vert' is not completely initialized\nCompiling Vertex program with UNITY_PASS_FORWARDBASE DIRECTIONAL LIGHTPROBE_SH
Platform defines: UNITY_ENABLE_REFLECTION_BUFFERS UNITY_NO_SCREENSPACE_SHADOWS UNITY_PBS_USE_BRDF3 UNITY_SPECCUBE_BOX_PROJECTION SHADER_API_DESKTOP UNITY_COLORSPACE_GAMMA UNITY_LIGHTMAP_RGBM_ENCODING
  api=4 type=0 insize=5739 outsize=1810 kw=UNITY_PASS_FORWARDBASE DIRECTIONAL LIGHTPROBE_SH pd=UNITY_ENABLE_REFLECTION_BUFFERS UNITY_NO_SCREENSPACE_SHADOWS UNITY_PBS_USE_BRDF3 UNITY_SPECCUBE_BOX_PROJECTION SHADER_API_DESKTOP UNITY_COLORSPACE_GAMMA UNITY_LIGHTMAP_RGBM_ENCODING ok=1
Cmd: compileSnippet
  api=4 type=1 insize=5739 outsize=2618 kw=UNITY_PASS_FORWARDBASE DIRECTIONAL LIGHTPROBE_SH pd=UNITY_ENABLE_REFLECTION_BUFFERS UNITY_NO_SCREENSPACE_SHADOWS UNITY_PBS_USE_BRDF3 UNITY_SPECCUBE_BOX_PROJECTION SHADER_API_DESKTOP UNITY_COLORSPACE_GAMMA UNITY_LIGHTMAP_RGBM_ENCODING ok=1
Cmd: preprocess
  insize=7236 outsize=1581 ok=1
Cmd: compileSnippet
  error: 1 plat 4 at (73): Output value 'vert' is not completely initialized\nCompiling Vertex program with UNITY_PASS_FORWARDBASE DIRECTIONAL
Platform defines: UNITY_ENABLE_REFLECTION_BUFFERS UNITY_USE_DITHER_MASK_FOR_ALPHABLENDED_SHADOWS UNITY_PBS_USE_BRDF1 UNITY_SPECCUBE_BOX_PROJECTION UNITY_SPECCUBE_BLENDING UNITY_ENABLE_DETAIL_NORMALMAP SHADER_API_DESKTOP UNITY_COLORSPACE_GAMMA UNITY_LIGHT_PROBE_PROXY_VOLUME UNITY_LIGHTMAP_RGBM_ENCODING
  api=4 type=0 insize=5738 outsize=1810 kw=UNITY_PASS_FORWARDBASE DIRECTIONAL pd=UNITY_ENABLE_REFLECTION_BUFFERS UNITY_USE_DITHER_MASK_FOR_ALPHABLENDED_SHADOWS UNITY_PBS_USE_BRDF1 UNITY_SPECCUBE_BOX_PROJECTION UNITY_SPECCUBE_BLENDING UNITY_ENABLE_DETAIL_NORMALMAP SHADER_API_DESKTOP UNITY_COLORSPACE_GAMMA UNITY_LIGHT_PROBE_PROXY_VOLUME UNITY_LIGHTMAP_RGBM_ENCODING ok=1
Cmd: compileSnippet
  api=4 type=1 insize=5738 outsize=2618 kw=UNITY_PASS_FORWARDBASE DIRECTIONAL pd=UNITY_ENABLE_REFLECTION_BUFFERS UNITY_USE_DITHER_MASK_FOR_ALPHABLENDED_SHADOWS UNITY_PBS_USE_BRDF1 UNITY_SPECCUBE_BOX_PROJECTION UNITY_SPECCUBE_BLENDING UNITY_ENABLE_DETAIL_NORMALMAP SHADER_API_DESKTOP UNITY_COLORSPACE_GAMMA UNITY_LIGHT_PROBE_PROXY_VOLUME UNITY_LIGHTMAP_RGBM_ENCODING ok=1
Cmd: compileSnippet
  api=4 type=0 insize=5738 outsize=2030 kw=UNITY_PASS_FORWARDBASE DIRECTIONAL SHADOWS_SCREEN LIGHTMAP_ON LIGHTMAP_SHADOW_MIXING pd=UNITY_ENABLE_REFLECTION_BUFFERS UNITY_NO_SCREENSPACE_SHADOWS UNITY_PBS_USE_BRDF3 UNITY_SPECCUBE_BOX_PROJECTION SHADER_API_DESKTOP UNITY_COLORSPACE_GAMMA UNITY_LIGHTMAP_RGBM_ENCODING ok=1
Cmd: compileSnippet
  api=4 type=1 insize=5738 outsize=2618 kw=UNITY_PASS_FORWARDBASE DIRECTIONAL SHADOWS_SCREEN LIGHTMAP_ON LIGHTMAP_SHADOW_MIXING pd=UNITY_ENABLE_REFLECTION_BUFFERS UNITY_NO_SCREENSPACE_SHADOWS UNITY_PBS_USE_BRDF3 UNITY_SPECCUBE_BOX_PROJECTION SHADER_API_DESKTOP UNITY_COLORSPACE_GAMMA UNITY_LIGHTMAP_RGBM_ENCODING ok=1
Cmd: compileSnippet
  error: 1 plat 4 at (73): Output value 'vert' is not completely initialized\nCompiling Vertex program with UNITY_PASS_FORWARDBASE DIRECTIONAL
Platform defines: UNITY_ENABLE_REFLECTION_BUFFERS UNITY_NO_SCREENSPACE_SHADOWS UNITY_PBS_USE_BRDF3 UNITY_SPECCUBE_BOX_PROJECTION SHADER_API_DESKTOP UNITY_COLORSPACE_GAMMA UNITY_LIGHTMAP_RGBM_ENCODING
  api=4 type=0 insize=5738 outsize=1810 kw=UNITY_PASS_FORWARDBASE DIRECTIONAL pd=UNITY_ENABLE_REFLECTION_BUFFERS UNITY_NO_SCREENSPACE_SHADOWS UNITY_PBS_USE_BRDF3 UNITY_SPECCUBE_BOX_PROJECTION SHADER_API_DESKTOP UNITY_COLORSPACE_GAMMA UNITY_LIGHTMAP_RGBM_ENCODING ok=1
Cmd: compileSnippet
  api=4 type=1 insize=5738 outsize=2618 kw=UNITY_PASS_FORWARDBASE DIRECTIONAL pd=UNITY_ENABLE_REFLECTION_BUFFERS UNITY_NO_SCREENSPACE_SHADOWS UNITY_PBS_USE_BRDF3 UNITY_SPECCUBE_BOX_PROJECTION SHADER_API_DESKTOP UNITY_COLORSPACE_GAMMA UNITY_LIGHTMAP_RGBM_ENCODING ok=1
Cmd: compileSnippet
  error: 1 plat 4 at (73): Output value 'vert' is not completely initialized\nCompiling Vertex program with UNITY_PASS_FORWARDBASE DIRECTIONAL LIGHTPROBE_SH
Platform defines: UNITY_ENABLE_REFLECTION_BUFFERS UNITY_NO_SCREENSPACE_SHADOWS UNITY_PBS_USE_BRDF3 UNITY_SPECCUBE_BOX_PROJECTION SHADER_API_DESKTOP UNITY_COLORSPACE_GAMMA UNITY_LIGHTMAP_RGBM_ENCODING
  api=4 type=0 insize=5738 outsize=1810 kw=UNITY_PASS_FORWARDBASE DIRECTIONAL LIGHTPROBE_SH pd=UNITY_ENABLE_REFLECTION_BUFFERS UNITY_NO_SCREENSPACE_SHADOWS UNITY_PBS_USE_BRDF3 UNITY_SPECCUBE_BOX_PROJECTION SHADER_API_DESKTOP UNITY_COLORSPACE_GAMMA UNITY_LIGHTMAP_RGBM_ENCODING ok=1
Cmd: compileSnippet
  api=4 type=1 insize=5738 outsize=2618 kw=UNITY_PASS_FORWARDBASE DIRECTIONAL LIGHTPROBE_SH pd=UNITY_ENABLE_REFLECTION_BUFFERS UNITY_NO_SCREENSPACE_SHADOWS UNITY_PBS_USE_BRDF3 UNITY_SPECCUBE_BOX_PROJECTION SHADER_API_DESKTOP UNITY_COLORSPACE_GAMMA UNITY_LIGHTMAP_RGBM_ENCODING ok=1
Cmd: preprocess
  insize=7238 outsize=1581 ok=1
Cmd: compileSnippet
  error: 1 plat 4 at (73): Output value 'vert' is not completely initialized\nCompiling Vertex program with UNITY_PASS_FORWARDBASE DIRECTIONAL
Platform defines: UNITY_ENABLE_REFLECTION_BUFFERS UNITY_USE_DITHER_MASK_FOR_ALPHABLENDED_SHADOWS UNITY_PBS_USE_BRDF1 UNITY_SPECCUBE_BOX_PROJECTION UNITY_SPECCUBE_BLENDING UNITY_ENABLE_DETAIL_NORMALMAP SHADER_API_DESKTOP UNITY_COLORSPACE_GAMMA UNITY_LIGHT_PROBE_PROXY_VOLUME UNITY_LIGHTMAP_RGBM_ENCODING
  api=4 type=0 insize=5740 outsize=1810 kw=UNITY_PASS_FORWARDBASE DIRECTIONAL pd=UNITY_ENABLE_REFLECTION_BUFFERS UNITY_USE_DITHER_MASK_FOR_ALPHABLENDED_SHADOWS UNITY_PBS_USE_BRDF1 UNITY_SPECCUBE_BOX_PROJECTION UNITY_SPECCUBE_BLENDING UNITY_ENABLE_DETAIL_NORMALMAP SHADER_API_DESKTOP UNITY_COLORSPACE_GAMMA UNITY_LIGHT_PROBE_PROXY_VOLUME UNITY_LIGHTMAP_RGBM_ENCODING ok=1
Cmd: compileSnippet
  api=4 type=1 insize=5740 outsize=2630 kw=UNITY_PASS_FORWARDBASE DIRECTIONAL pd=UNITY_ENABLE_REFLECTION_BUFFERS UNITY_USE_DITHER_MASK_FOR_ALPHABLENDED_SHADOWS UNITY_PBS_USE_BRDF1 UNITY_SPECCUBE_BOX_PROJECTION UNITY_SPECCUBE_BLENDING UNITY_ENABLE_DETAIL_NORMALMAP SHADER_API_DESKTOP UNITY_COLORSPACE_GAMMA UNITY_LIGHT_PROBE_PROXY_VOLUME UNITY_LIGHTMAP_RGBM_ENCODING ok=1
Cmd: compileSnippet
  api=4 type=0 insize=5740 outsize=2030 kw=UNITY_PASS_FORWARDBASE DIRECTIONAL SHADOWS_SCREEN LIGHTMAP_ON LIGHTMAP_SHADOW_MIXING pd=UNITY_ENABLE_REFLECTION_BUFFERS UNITY_NO_SCREENSPACE_SHADOWS UNITY_PBS_USE_BRDF3 UNITY_SPECCUBE_BOX_PROJECTION SHADER_API_DESKTOP UNITY_COLORSPACE_GAMMA UNITY_LIGHTMAP_RGBM_ENCODING ok=1
Cmd: compileSnippet
  api=4 type=1 insize=5740 outsize=2630 kw=UNITY_PASS_FORWARDBASE DIRECTIONAL SHADOWS_SCREEN LIGHTMAP_ON LIGHTMAP_SHADOW_MIXING pd=UNITY_ENABLE_REFLECTION_BUFFERS UNITY_NO_SCREENSPACE_SHADOWS UNITY_PBS_USE_BRDF3 UNITY_SPECCUBE_BOX_PROJECTION SHADER_API_DESKTOP UNITY_COLORSPACE_GAMMA UNITY_LIGHTMAP_RGBM_ENCODING ok=1
Cmd: compileSnippet
  error: 1 plat 4 at (73): Output value 'vert' is not completely initialized\nCompiling Vertex program with UNITY_PASS_FORWARDBASE DIRECTIONAL
Platform defines: UNITY_ENABLE_REFLECTION_BUFFERS UNITY_NO_SCREENSPACE_SHADOWS UNITY_PBS_USE_BRDF3 UNITY_SPECCUBE_BOX_PROJECTION SHADER_API_DESKTOP UNITY_COLORSPACE_GAMMA UNITY_LIGHTMAP_RGBM_ENCODING
  api=4 type=0 insize=5740 outsize=1810 kw=UNITY_PASS_FORWARDBASE DIRECTIONAL pd=UNITY_ENABLE_REFLECTION_BUFFERS UNITY_NO_SCREENSPACE_SHADOWS UNITY_PBS_USE_BRDF3 UNITY_SPECCUBE_BOX_PROJECTION SHADER_API_DESKTOP UNITY_COLORSPACE_GAMMA UNITY_LIGHTMAP_RGBM_ENCODING ok=1
Cmd: compileSnippet
  api=4 type=1 insize=5740 outsize=2630 kw=UNITY_PASS_FORWARDBASE DIRECTIONAL pd=UNITY_ENABLE_REFLECTION_BUFFERS UNITY_NO_SCREENSPACE_SHADOWS UNITY_PBS_USE_BRDF3 UNITY_SPECCUBE_BOX_PROJECTION SHADER_API_DESKTOP UNITY_COLORSPACE_GAMMA UNITY_LIGHTMAP_RGBM_ENCODING ok=1
Cmd: compileSnippet
  error: 1 plat 4 at (73): Output value 'vert' is not completely initialized\nCompiling Vertex program with UNITY_PASS_FORWARDBASE DIRECTIONAL LIGHTPROBE_SH
Platform defines: UNITY_ENABLE_REFLECTION_BUFFERS UNITY_NO_SCREENSPACE_SHADOWS UNITY_PBS_USE_BRDF3 UNITY_SPECCUBE_BOX_PROJECTION SHADER_API_DESKTOP UNITY_COLORSPACE_GAMMA UNITY_LIGHTMAP_RGBM_ENCODING
  api=4 type=0 insize=5740 outsize=1810 kw=UNITY_PASS_FORWARDBASE DIRECTIONAL LIGHTPROBE_SH pd=UNITY_ENABLE_REFLECTION_BUFFERS UNITY_NO_SCREENSPACE_SHADOWS UNITY_PBS_USE_BRDF3 UNITY_SPECCUBE_BOX_PROJECTION SHADER_API_DESKTOP UNITY_COLORSPACE_GAMMA UNITY_LIGHTMAP_RGBM_ENCODING ok=1
Cmd: compileSnippet
  api=4 type=1 insize=5740 outsize=2630 kw=UNITY_PASS_FORWARDBASE DIRECTIONAL LIGHTPROBE_SH pd=UNITY_ENABLE_REFLECTION_BUFFERS UNITY_NO_SCREENSPACE_SHADOWS UNITY_PBS_USE_BRDF3 UNITY_SPECCUBE_BOX_PROJECTION SHADER_API_DESKTOP UNITY_COLORSPACE_GAMMA UNITY_LIGHTMAP_RGBM_ENCODING ok=1
Cmd: preprocess
  insize=7241 outsize=1581 ok=1
Cmd: compileSnippet
  error: 1 plat 4 at (73): Output value 'vert' is not completely initialized\nCompiling Vertex program with UNITY_PASS_FORWARDBASE DIRECTIONAL
Platform defines: UNITY_ENABLE_REFLECTION_BUFFERS UNITY_USE_DITHER_MASK_FOR_ALPHABLENDED_SHADOWS UNITY_PBS_USE_BRDF1 UNITY_SPECCUBE_BOX_PROJECTION UNITY_SPECCUBE_BLENDING UNITY_ENABLE_DETAIL_NORMALMAP SHADER_API_DESKTOP UNITY_COLORSPACE_GAMMA UNITY_LIGHT_PROBE_PROXY_VOLUME UNITY_LIGHTMAP_RGBM_ENCODING
  api=4 type=0 insize=5743 outsize=1810 kw=UNITY_PASS_FORWARDBASE DIRECTIONAL pd=UNITY_ENABLE_REFLECTION_BUFFERS UNITY_USE_DITHER_MASK_FOR_ALPHABLENDED_SHADOWS UNITY_PBS_USE_BRDF1 UNITY_SPECCUBE_BOX_PROJECTION UNITY_SPECCUBE_BLENDING UNITY_ENABLE_DETAIL_NORMALMAP SHADER_API_DESKTOP UNITY_COLORSPACE_GAMMA UNITY_LIGHT_PROBE_PROXY_VOLUME UNITY_LIGHTMAP_RGBM_ENCODING ok=1
Cmd: compileSnippet
  api=4 type=1 insize=5743 outsize=2630 kw=UNITY_PASS_FORWARDBASE DIRECTIONAL pd=UNITY_ENABLE_REFLECTION_BUFFERS UNITY_USE_DITHER_MASK_FOR_ALPHABLENDED_SHADOWS UNITY_PBS_USE_BRDF1 UNITY_SPECCUBE_BOX_PROJECTION UNITY_SPECCUBE_BLENDING UNITY_ENABLE_DETAIL_NORMALMAP SHADER_API_DESKTOP UNITY_COLORSPACE_GAMMA UNITY_LIGHT_PROBE_PROXY_VOLUME UNITY_LIGHTMAP_RGBM_ENCODING ok=1
Cmd: compileSnippet
  api=4 type=0 insize=5743 outsize=2030 kw=UNITY_PASS_FORWARDBASE DIRECTIONAL SHADOWS_SCREEN LIGHTMAP_ON LIGHTMAP_SHADOW_MIXING pd=UNITY_ENABLE_REFLECTION_BUFFERS UNITY_NO_SCREENSPACE_SHADOWS UNITY_PBS_USE_BRDF3 UNITY_SPECCUBE_BOX_PROJECTION SHADER_API_DESKTOP UNITY_COLORSPACE_GAMMA UNITY_LIGHTMAP_RGBM_ENCODING ok=1
Cmd: compileSnippet
  api=4 type=1 insize=5743 outsize=2630 kw=UNITY_PASS_FORWARDBASE DIRECTIONAL SHADOWS_SCREEN LIGHTMAP_ON LIGHTMAP_SHADOW_MIXING pd=UNITY_ENABLE_REFLECTION_BUFFERS UNITY_NO_SCREENSPACE_SHADOWS UNITY_PBS_USE_BRDF3 UNITY_SPECCUBE_BOX_PROJECTION SHADER_API_DESKTOP UNITY_COLORSPACE_GAMMA UNITY_LIGHTMAP_RGBM_ENCODING ok=1
Cmd: compileSnippet
  error: 1 plat 4 at (73): Output value 'vert' is not completely initialized\nCompiling Vertex program with UNITY_PASS_FORWARDBASE DIRECTIONAL
Platform defines: UNITY_ENABLE_REFLECTION_BUFFERS UNITY_NO_SCREENSPACE_SHADOWS UNITY_PBS_USE_BRDF3 UNITY_SPECCUBE_BOX_PROJECTION SHADER_API_DESKTOP UNITY_COLORSPACE_GAMMA UNITY_LIGHTMAP_RGBM_ENCODING
  api=4 type=0 insize=5743 outsize=1810 kw=UNITY_PASS_FORWARDBASE DIRECTIONAL pd=UNITY_ENABLE_REFLECTION_BUFFERS UNITY_NO_SCREENSPACE_SHADOWS UNITY_PBS_USE_BRDF3 UNITY_SPECCUBE_BOX_PROJECTION SHADER_API_DESKTOP UNITY_COLORSPACE_GAMMA UNITY_LIGHTMAP_RGBM_ENCODING ok=1
Cmd: compileSnippet
  api=4 type=1 insize=5743 outsize=2630 kw=UNITY_PASS_FORWARDBASE DIRECTIONAL pd=UNITY_ENABLE_REFLECTION_BUFFERS UNITY_NO_SCREENSPACE_SHADOWS UNITY_PBS_USE_BRDF3 UNITY_SPECCUBE_BOX_PROJECTION SHADER_API_DESKTOP UNITY_COLORSPACE_GAMMA UNITY_LIGHTMAP_RGBM_ENCODING ok=1
Cmd: compileSnippet
  error: 1 plat 4 at (73): Output value 'vert' is not completely initialized\nCompiling Vertex program with UNITY_PASS_FORWARDBASE DIRECTIONAL LIGHTPROBE_SH
Platform defines: UNITY_ENABLE_REFLECTION_BUFFERS UNITY_NO_SCREENSPACE_SHADOWS UNITY_PBS_USE_BRDF3 UNITY_SPECCUBE_BOX_PROJECTION SHADER_API_DESKTOP UNITY_COLORSPACE_GAMMA UNITY_LIGHTMAP_RGBM_ENCODING
  api=4 type=0 insize=5743 outsize=1810 kw=UNITY_PASS_FORWARDBASE DIRECTIONAL LIGHTPROBE_SH pd=UNITY_ENABLE_REFLECTION_BUFFERS UNITY_NO_SCREENSPACE_SHADOWS UNITY_PBS_USE_BRDF3 UNITY_SPECCUBE_BOX_PROJECTION SHADER_API_DESKTOP UNITY_COLORSPACE_GAMMA UNITY_LIGHTMAP_RGBM_ENCODING ok=1
Cmd: compileSnippet
  api=4 type=1 insize=5743 outsize=2630 kw=UNITY_PASS_FORWARDBASE DIRECTIONAL LIGHTPROBE_SH pd=UNITY_ENABLE_REFLECTION_BUFFERS UNITY_NO_SCREENSPACE_SHADOWS UNITY_PBS_USE_BRDF3 UNITY_SPECCUBE_BOX_PROJECTION SHADER_API_DESKTOP UNITY_COLORSPACE_GAMMA UNITY_LIGHTMAP_RGBM_ENCODING ok=1
Cmd: preprocess
  insize=7239 outsize=1581 ok=1
Cmd: compileSnippet
  error: 1 plat 4 at (73): Output value 'vert' is not completely initialized\nCompiling Vertex program with UNITY_PASS_FORWARDBASE DIRECTIONAL
Platform defines: UNITY_ENABLE_REFLECTION_BUFFERS UNITY_USE_DITHER_MASK_FOR_ALPHABLENDED_SHADOWS UNITY_PBS_USE_BRDF1 UNITY_SPECCUBE_BOX_PROJECTION UNITY_SPECCUBE_BLENDING UNITY_ENABLE_DETAIL_NORMALMAP SHADER_API_DESKTOP UNITY_COLORSPACE_GAMMA UNITY_LIGHT_PROBE_PROXY_VOLUME UNITY_LIGHTMAP_RGBM_ENCODING
  api=4 type=0 insize=5741 outsize=1810 kw=UNITY_PASS_FORWARDBASE DIRECTIONAL pd=UNITY_ENABLE_REFLECTION_BUFFERS UNITY_USE_DITHER_MASK_FOR_ALPHABLENDED_SHADOWS UNITY_PBS_USE_BRDF1 UNITY_SPECCUBE_BOX_PROJECTION UNITY_SPECCUBE_BLENDING UNITY_ENABLE_DETAIL_NORMALMAP SHADER_API_DESKTOP UNITY_COLORSPACE_GAMMA UNITY_LIGHT_PROBE_PROXY_VOLUME UNITY_LIGHTMAP_RGBM_ENCODING ok=1
Cmd: compileSnippet
  api=4 type=1 insize=5741 outsize=2618 kw=UNITY_PASS_FORWARDBASE DIRECTIONAL pd=UNITY_ENABLE_REFLECTION_BUFFERS UNITY_USE_DITHER_MASK_FOR_ALPHABLENDED_SHADOWS UNITY_PBS_USE_BRDF1 UNITY_SPECCUBE_BOX_PROJECTION UNITY_SPECCUBE_BLENDING UNITY_ENABLE_DETAIL_NORMALMAP SHADER_API_DESKTOP UNITY_COLORSPACE_GAMMA UNITY_LIGHT_PROBE_PROXY_VOLUME UNITY_LIGHTMAP_RGBM_ENCODING ok=1
Cmd: compileSnippet
  api=4 type=0 insize=5741 outsize=2030 kw=UNITY_PASS_FORWARDBASE DIRECTIONAL SHADOWS_SCREEN LIGHTMAP_ON LIGHTMAP_SHADOW_MIXING pd=UNITY_ENABLE_REFLECTION_BUFFERS UNITY_NO_SCREENSPACE_SHADOWS UNITY_PBS_USE_BRDF3 UNITY_SPECCUBE_BOX_PROJECTION SHADER_API_DESKTOP UNITY_COLORSPACE_GAMMA UNITY_LIGHTMAP_RGBM_ENCODING ok=1
Cmd: compileSnippet
  api=4 type=1 insize=5741 outsize=2618 kw=UNITY_PASS_FORWARDBASE DIRECTIONAL SHADOWS_SCREEN LIGHTMAP_ON LIGHTMAP_SHADOW_MIXING pd=UNITY_ENABLE_REFLECTION_BUFFERS UNITY_NO_SCREENSPACE_SHADOWS UNITY_PBS_USE_BRDF3 UNITY_SPECCUBE_BOX_PROJECTION SHADER_API_DESKTOP UNITY_COLORSPACE_GAMMA UNITY_LIGHTMAP_RGBM_ENCODING ok=1
Cmd: compileSnippet
  error: 1 plat 4 at (73): Output value 'vert' is not completely initialized\nCompiling Vertex program with UNITY_PASS_FORWARDBASE DIRECTIONAL
Platform defines: UNITY_ENABLE_REFLECTION_BUFFERS UNITY_NO_SCREENSPACE_SHADOWS UNITY_PBS_USE_BRDF3 UNITY_SPECCUBE_BOX_PROJECTION SHADER_API_DESKTOP UNITY_COLORSPACE_GAMMA UNITY_LIGHTMAP_RGBM_ENCODING
  api=4 type=0 insize=5741 outsize=1810 kw=UNITY_PASS_FORWARDBASE DIRECTIONAL pd=UNITY_ENABLE_REFLECTION_BUFFERS UNITY_NO_SCREENSPACE_SHADOWS UNITY_PBS_USE_BRDF3 UNITY_SPECCUBE_BOX_PROJECTION SHADER_API_DESKTOP UNITY_COLORSPACE_GAMMA UNITY_LIGHTMAP_RGBM_ENCODING ok=1
Cmd: compileSnippet
  api=4 type=1 insize=5741 outsize=2618 kw=UNITY_PASS_FORWARDBASE DIRECTIONAL pd=UNITY_ENABLE_REFLECTION_BUFFERS UNITY_NO_SCREENSPACE_SHADOWS UNITY_PBS_USE_BRDF3 UNITY_SPECCUBE_BOX_PROJECTION SHADER_API_DESKTOP UNITY_COLORSPACE_GAMMA UNITY_LIGHTMAP_RGBM_ENCODING ok=1
Cmd: compileSnippet
  error: 1 plat 4 at (73): Output value 'vert' is not completely initialized\nCompiling Vertex program with UNITY_PASS_FORWARDBASE DIRECTIONAL LIGHTPROBE_SH
Platform defines: UNITY_ENABLE_REFLECTION_BUFFERS UNITY_NO_SCREENSPACE_SHADOWS UNITY_PBS_USE_BRDF3 UNITY_SPECCUBE_BOX_PROJECTION SHADER_API_DESKTOP UNITY_COLORSPACE_GAMMA UNITY_LIGHTMAP_RGBM_ENCODING
  api=4 type=0 insize=5741 outsize=1810 kw=UNITY_PASS_FORWARDBASE DIRECTIONAL LIGHTPROBE_SH pd=UNITY_ENABLE_REFLECTION_BUFFERS UNITY_NO_SCREENSPACE_SHADOWS UNITY_PBS_USE_BRDF3 UNITY_SPECCUBE_BOX_PROJECTION SHADER_API_DESKTOP UNITY_COLORSPACE_GAMMA UNITY_LIGHTMAP_RGBM_ENCODING ok=1
Cmd: compileSnippet
  api=4 type=1 insize=5741 outsize=2618 kw=UNITY_PASS_FORWARDBASE DIRECTIONAL LIGHTPROBE_SH pd=UNITY_ENABLE_REFLECTION_BUFFERS UNITY_NO_SCREENSPACE_SHADOWS UNITY_PBS_USE_BRDF3 UNITY_SPECCUBE_BOX_PROJECTION SHADER_API_DESKTOP UNITY_COLORSPACE_GAMMA UNITY_LIGHTMAP_RGBM_ENCODING ok=1
Cmd: preprocess
  insize=7235 outsize=1581 ok=1
Cmd: compileSnippet
  error: 1 plat 4 at (73): Output value 'vert' is not completely initialized\nCompiling Vertex program with UNITY_PASS_FORWARDBASE DIRECTIONAL
Platform defines: UNITY_ENABLE_REFLECTION_BUFFERS UNITY_USE_DITHER_MASK_FOR_ALPHABLENDED_SHADOWS UNITY_PBS_USE_BRDF1 UNITY_SPECCUBE_BOX_PROJECTION UNITY_SPECCUBE_BLENDING UNITY_ENABLE_DETAIL_NORMALMAP SHADER_API_DESKTOP UNITY_COLORSPACE_GAMMA UNITY_LIGHT_PROBE_PROXY_VOLUME UNITY_LIGHTMAP_RGBM_ENCODING
  api=4 type=0 insize=5737 outsize=1810 kw=UNITY_PASS_FORWARDBASE DIRECTIONAL pd=UNITY_ENABLE_REFLECTION_BUFFERS UNITY_USE_DITHER_MASK_FOR_ALPHABLENDED_SHADOWS UNITY_PBS_USE_BRDF1 UNITY_SPECCUBE_BOX_PROJECTION UNITY_SPECCUBE_BLENDING UNITY_ENABLE_DETAIL_NORMALMAP SHADER_API_DESKTOP UNITY_COLORSPACE_GAMMA UNITY_LIGHT_PROBE_PROXY_VOLUME UNITY_LIGHTMAP_RGBM_ENCODING ok=1
Cmd: compileSnippet
  api=4 type=1 insize=5737 outsize=2590 kw=UNITY_PASS_FORWARDBASE DIRECTIONAL pd=UNITY_ENABLE_REFLECTION_BUFFERS UNITY_USE_DITHER_MASK_FOR_ALPHABLENDED_SHADOWS UNITY_PBS_USE_BRDF1 UNITY_SPECCUBE_BOX_PROJECTION UNITY_SPECCUBE_BLENDING UNITY_ENABLE_DETAIL_NORMALMAP SHADER_API_DESKTOP UNITY_COLORSPACE_GAMMA UNITY_LIGHT_PROBE_PROXY_VOLUME UNITY_LIGHTMAP_RGBM_ENCODING ok=1
Cmd: compileSnippet
  api=4 type=0 insize=5737 outsize=2030 kw=UNITY_PASS_FORWARDBASE DIRECTIONAL SHADOWS_SCREEN LIGHTMAP_ON LIGHTMAP_SHADOW_MIXING pd=UNITY_ENABLE_REFLECTION_BUFFERS UNITY_NO_SCREENSPACE_SHADOWS UNITY_PBS_USE_BRDF3 UNITY_SPECCUBE_BOX_PROJECTION SHADER_API_DESKTOP UNITY_COLORSPACE_GAMMA UNITY_LIGHTMAP_RGBM_ENCODING ok=1
Cmd: compileSnippet
  api=4 type=1 insize=5737 outsize=2590 kw=UNITY_PASS_FORWARDBASE DIRECTIONAL SHADOWS_SCREEN LIGHTMAP_ON LIGHTMAP_SHADOW_MIXING pd=UNITY_ENABLE_REFLECTION_BUFFERS UNITY_NO_SCREENSPACE_SHADOWS UNITY_PBS_USE_BRDF3 UNITY_SPECCUBE_BOX_PROJECTION SHADER_API_DESKTOP UNITY_COLORSPACE_GAMMA UNITY_LIGHTMAP_RGBM_ENCODING ok=1
Cmd: compileSnippet
  error: 1 plat 4 at (73): Output value 'vert' is not completely initialized\nCompiling Vertex program with UNITY_PASS_FORWARDBASE DIRECTIONAL
Platform defines: UNITY_ENABLE_REFLECTION_BUFFERS UNITY_NO_SCREENSPACE_SHADOWS UNITY_PBS_USE_BRDF3 UNITY_SPECCUBE_BOX_PROJECTION SHADER_API_DESKTOP UNITY_COLORSPACE_GAMMA UNITY_LIGHTMAP_RGBM_ENCODING
  api=4 type=0 insize=5737 outsize=1810 kw=UNITY_PASS_FORWARDBASE DIRECTIONAL pd=UNITY_ENABLE_REFLECTION_BUFFERS UNITY_NO_SCREENSPACE_SHADOWS UNITY_PBS_USE_BRDF3 UNITY_SPECCUBE_BOX_PROJECTION SHADER_API_DESKTOP UNITY_COLORSPACE_GAMMA UNITY_LIGHTMAP_RGBM_ENCODING ok=1
Cmd: compileSnippet
  api=4 type=1 insize=5737 outsize=2590 kw=UNITY_PASS_FORWARDBASE DIRECTIONAL pd=UNITY_ENABLE_REFLECTION_BUFFERS UNITY_NO_SCREENSPACE_SHADOWS UNITY_PBS_USE_BRDF3 UNITY_SPECCUBE_BOX_PROJECTION SHADER_API_DESKTOP UNITY_COLORSPACE_GAMMA UNITY_LIGHTMAP_RGBM_ENCODING ok=1
Cmd: compileSnippet
  error: 1 plat 4 at (73): Output value 'vert' is not completely initialized\nCompiling Vertex program with UNITY_PASS_FORWARDBASE DIRECTIONAL LIGHTPROBE_SH
Platform defines: UNITY_ENABLE_REFLECTION_BUFFERS UNITY_NO_SCREENSPACE_SHADOWS UNITY_PBS_USE_BRDF3 UNITY_SPECCUBE_BOX_PROJECTION SHADER_API_DESKTOP UNITY_COLORSPACE_GAMMA UNITY_LIGHTMAP_RGBM_ENCODING
  api=4 type=0 insize=5737 outsize=1810 kw=UNITY_PASS_FORWARDBASE DIRECTIONAL LIGHTPROBE_SH pd=UNITY_ENABLE_REFLECTION_BUFFERS UNITY_NO_SCREENSPACE_SHADOWS UNITY_PBS_USE_BRDF3 UNITY_SPECCUBE_BOX_PROJECTION SHADER_API_DESKTOP UNITY_COLORSPACE_GAMMA UNITY_LIGHTMAP_RGBM_ENCODING ok=1
Cmd: compileSnippet
  api=4 type=1 insize=5737 outsize=2590 kw=UNITY_PASS_FORWARDBASE DIRECTIONAL LIGHTPROBE_SH pd=UNITY_ENABLE_REFLECTION_BUFFERS UNITY_NO_SCREENSPACE_SHADOWS UNITY_PBS_USE_BRDF3 UNITY_SPECCUBE_BOX_PROJECTION SHADER_API_DESKTOP UNITY_COLORSPACE_GAMMA UNITY_LIGHTMAP_RGBM_ENCODING ok=1
Cmd: preprocess
  insize=7237 outsize=1581 ok=1
Cmd: compileSnippet
  error: 1 plat 4 at (73): Output value 'vert' is not completely initialized\nCompiling Vertex program with UNITY_PASS_FORWARDBASE DIRECTIONAL
Platform defines: UNITY_ENABLE_REFLECTION_BUFFERS UNITY_USE_DITHER_MASK_FOR_ALPHABLENDED_SHADOWS UNITY_PBS_USE_BRDF1 UNITY_SPECCUBE_BOX_PROJECTION UNITY_SPECCUBE_BLENDING UNITY_ENABLE_DETAIL_NORMALMAP SHADER_API_DESKTOP UNITY_COLORSPACE_GAMMA UNITY_LIGHT_PROBE_PROXY_VOLUME UNITY_LIGHTMAP_RGBM_ENCODING
  api=4 type=0 insize=5739 outsize=1810 kw=UNITY_PASS_FORWARDBASE DIRECTIONAL pd=UNITY_ENABLE_REFLECTION_BUFFERS UNITY_USE_DITHER_MASK_FOR_ALPHABLENDED_SHADOWS UNITY_PBS_USE_BRDF1 UNITY_SPECCUBE_BOX_PROJECTION UNITY_SPECCUBE_BLENDING UNITY_ENABLE_DETAIL_NORMALMAP SHADER_API_DESKTOP UNITY_COLORSPACE_GAMMA UNITY_LIGHT_PROBE_PROXY_VOLUME UNITY_LIGHTMAP_RGBM_ENCODING ok=1
Cmd: compileSnippet
  api=4 type=1 insize=5739 outsize=2602 kw=UNITY_PASS_FORWARDBASE DIRECTIONAL pd=UNITY_ENABLE_REFLECTION_BUFFERS UNITY_USE_DITHER_MASK_FOR_ALPHABLENDED_SHADOWS UNITY_PBS_USE_BRDF1 UNITY_SPECCUBE_BOX_PROJECTION UNITY_SPECCUBE_BLENDING UNITY_ENABLE_DETAIL_NORMALMAP SHADER_API_DESKTOP UNITY_COLORSPACE_GAMMA UNITY_LIGHT_PROBE_PROXY_VOLUME UNITY_LIGHTMAP_RGBM_ENCODING ok=1
Cmd: compileSnippet
  api=4 type=0 insize=5739 outsize=2030 kw=UNITY_PASS_FORWARDBASE DIRECTIONAL SHADOWS_SCREEN LIGHTMAP_ON LIGHTMAP_SHADOW_MIXING pd=UNITY_ENABLE_REFLECTION_BUFFERS UNITY_NO_SCREENSPACE_SHADOWS UNITY_PBS_USE_BRDF3 UNITY_SPECCUBE_BOX_PROJECTION SHADER_API_DESKTOP UNITY_COLORSPACE_GAMMA UNITY_LIGHTMAP_RGBM_ENCODING ok=1
Cmd: compileSnippet
  api=4 type=1 insize=5739 outsize=2602 kw=UNITY_PASS_FORWARDBASE DIRECTIONAL SHADOWS_SCREEN LIGHTMAP_ON LIGHTMAP_SHADOW_MIXING pd=UNITY_ENABLE_REFLECTION_BUFFERS UNITY_NO_SCREENSPACE_SHADOWS UNITY_PBS_USE_BRDF3 UNITY_SPECCUBE_BOX_PROJECTION SHADER_API_DESKTOP UNITY_COLORSPACE_GAMMA UNITY_LIGHTMAP_RGBM_ENCODING ok=1
Cmd: compileSnippet
  error: 1 plat 4 at (73): Output value 'vert' is not completely initialized\nCompiling Vertex program with UNITY_PASS_FORWARDBASE DIRECTIONAL
Platform defines: UNITY_ENABLE_REFLECTION_BUFFERS UNITY_NO_SCREENSPACE_SHADOWS UNITY_PBS_USE_BRDF3 UNITY_SPECCUBE_BOX_PROJECTION SHADER_API_DESKTOP UNITY_COLORSPACE_GAMMA UNITY_LIGHTMAP_RGBM_ENCODING
  api=4 type=0 insize=5739 outsize=1810 kw=UNITY_PASS_FORWARDBASE DIRECTIONAL pd=UNITY_ENABLE_REFLECTION_BUFFERS UNITY_NO_SCREENSPACE_SHADOWS UNITY_PBS_USE_BRDF3 UNITY_SPECCUBE_BOX_PROJECTION SHADER_API_DESKTOP UNITY_COLORSPACE_GAMMA UNITY_LIGHTMAP_RGBM_ENCODING ok=1
Cmd: compileSnippet
  api=4 type=1 insize=5739 outsize=2602 kw=UNITY_PASS_FORWARDBASE DIRECTIONAL pd=UNITY_ENABLE_REFLECTION_BUFFERS UNITY_NO_SCREENSPACE_SHADOWS UNITY_PBS_USE_BRDF3 UNITY_SPECCUBE_BOX_PROJECTION SHADER_API_DESKTOP UNITY_COLORSPACE_GAMMA UNITY_LIGHTMAP_RGBM_ENCODING ok=1
Cmd: compileSnippet
  error: 1 plat 4 at (73): Output value 'vert' is not completely initialized\nCompiling Vertex program with UNITY_PASS_FORWARDBASE DIRECTIONAL LIGHTPROBE_SH
Platform defines: UNITY_ENABLE_REFLECTION_BUFFERS UNITY_NO_SCREENSPACE_SHADOWS UNITY_PBS_USE_BRDF3 UNITY_SPECCUBE_BOX_PROJECTION SHADER_API_DESKTOP UNITY_COLORSPACE_GAMMA UNITY_LIGHTMAP_RGBM_ENCODING
  api=4 type=0 insize=5739 outsize=1810 kw=UNITY_PASS_FORWARDBASE DIRECTIONAL LIGHTPROBE_SH pd=UNITY_ENABLE_REFLECTION_BUFFERS UNITY_NO_SCREENSPACE_SHADOWS UNITY_PBS_USE_BRDF3 UNITY_SPECCUBE_BOX_PROJECTION SHADER_API_DESKTOP UNITY_COLORSPACE_GAMMA UNITY_LIGHTMAP_RGBM_ENCODING ok=1
Cmd: compileSnippet
  api=4 type=1 insize=5739 outsize=2602 kw=UNITY_PASS_FORWARDBASE DIRECTIONAL LIGHTPROBE_SH pd=UNITY_ENABLE_REFLECTION_BUFFERS UNITY_NO_SCREENSPACE_SHADOWS UNITY_PBS_USE_BRDF3 UNITY_SPECCUBE_BOX_PROJECTION SHADER_API_DESKTOP UNITY_COLORSPACE_GAMMA UNITY_LIGHTMAP_RGBM_ENCODING ok=1
Cmd: preprocess
  insize=7241 outsize=1580 ok=1
Cmd: compileSnippet
  error: 1 plat 4 at (73): Output value 'vert' is not completely initialized\nCompiling Vertex program with UNITY_PASS_FORWARDBASE DIRECTIONAL
Platform defines: UNITY_ENABLE_REFLECTION_BUFFERS UNITY_USE_DITHER_MASK_FOR_ALPHABLENDED_SHADOWS UNITY_PBS_USE_BRDF1 UNITY_SPECCUBE_BOX_PROJECTION UNITY_SPECCUBE_BLENDING UNITY_ENABLE_DETAIL_NORMALMAP SHADER_API_DESKTOP UNITY_COLORSPACE_GAMMA UNITY_LIGHT_PROBE_PROXY_VOLUME UNITY_LIGHTMAP_RGBM_ENCODING
  api=4 type=0 insize=5743 outsize=1810 kw=UNITY_PASS_FORWARDBASE DIRECTIONAL pd=UNITY_ENABLE_REFLECTION_BUFFERS UNITY_USE_DITHER_MASK_FOR_ALPHABLENDED_SHADOWS UNITY_PBS_USE_BRDF1 UNITY_SPECCUBE_BOX_PROJECTION UNITY_SPECCUBE_BLENDING UNITY_ENABLE_DETAIL_NORMALMAP SHADER_API_DESKTOP UNITY_COLORSPACE_GAMMA UNITY_LIGHT_PROBE_PROXY_VOLUME UNITY_LIGHTMAP_RGBM_ENCODING ok=1
Cmd: compileSnippet
  api=4 type=1 insize=5743 outsize=2630 kw=UNITY_PASS_FORWARDBASE DIRECTIONAL pd=UNITY_ENABLE_REFLECTION_BUFFERS UNITY_USE_DITHER_MASK_FOR_ALPHABLENDED_SHADOWS UNITY_PBS_USE_BRDF1 UNITY_SPECCUBE_BOX_PROJECTION UNITY_SPECCUBE_BLENDING UNITY_ENABLE_DETAIL_NORMALMAP SHADER_API_DESKTOP UNITY_COLORSPACE_GAMMA UNITY_LIGHT_PROBE_PROXY_VOLUME UNITY_LIGHTMAP_RGBM_ENCODING ok=1
Cmd: compileSnippet
  api=4 type=0 insize=5743 outsize=2030 kw=UNITY_PASS_FORWARDBASE DIRECTIONAL SHADOWS_SCREEN LIGHTMAP_ON LIGHTMAP_SHADOW_MIXING pd=UNITY_ENABLE_REFLECTION_BUFFERS UNITY_NO_SCREENSPACE_SHADOWS UNITY_PBS_USE_BRDF3 UNITY_SPECCUBE_BOX_PROJECTION SHADER_API_DESKTOP UNITY_COLORSPACE_GAMMA UNITY_LIGHTMAP_RGBM_ENCODING ok=1
Cmd: compileSnippet
  api=4 type=1 insize=5743 outsize=2630 kw=UNITY_PASS_FORWARDBASE DIRECTIONAL SHADOWS_SCREEN LIGHTMAP_ON LIGHTMAP_SHADOW_MIXING pd=UNITY_ENABLE_REFLECTION_BUFFERS UNITY_NO_SCREENSPACE_SHADOWS UNITY_PBS_USE_BRDF3 UNITY_SPECCUBE_BOX_PROJECTION SHADER_API_DESKTOP UNITY_COLORSPACE_GAMMA UNITY_LIGHTMAP_RGBM_ENCODING ok=1
Cmd: compileSnippet
  error: 1 plat 4 at (73): Output value 'vert' is not completely initialized\nCompiling Vertex program with UNITY_PASS_FORWARDBASE DIRECTIONAL
Platform defines: UNITY_ENABLE_REFLECTION_BUFFERS UNITY_NO_SCREENSPACE_SHADOWS UNITY_PBS_USE_BRDF3 UNITY_SPECCUBE_BOX_PROJECTION SHADER_API_DESKTOP UNITY_COLORSPACE_GAMMA UNITY_LIGHTMAP_RGBM_ENCODING
  api=4 type=0 insize=5743 outsize=1810 kw=UNITY_PASS_FORWARDBASE DIRECTIONAL pd=UNITY_ENABLE_REFLECTION_BUFFERS UNITY_NO_SCREENSPACE_SHADOWS UNITY_PBS_USE_BRDF3 UNITY_SPECCUBE_BOX_PROJECTION SHADER_API_DESKTOP UNITY_COLORSPACE_GAMMA UNITY_LIGHTMAP_RGBM_ENCODING ok=1
Cmd: compileSnippet
  api=4 type=1 insize=5743 outsize=2630 kw=UNITY_PASS_FORWARDBASE DIRECTIONAL pd=UNITY_ENABLE_REFLECTION_BUFFERS UNITY_NO_SCREENSPACE_SHADOWS UNITY_PBS_USE_BRDF3 UNITY_SPECCUBE_BOX_PROJECTION SHADER_API_DESKTOP UNITY_COLORSPACE_GAMMA UNITY_LIGHTMAP_RGBM_ENCODING ok=1
Cmd: compileSnippet
  error: 1 plat 4 at (73): Output value 'vert' is not completely initialized\nCompiling Vertex program with UNITY_PASS_FORWARDBASE DIRECTIONAL LIGHTPROBE_SH
Platform defines: UNITY_ENABLE_REFLECTION_BUFFERS UNITY_NO_SCREENSPACE_SHADOWS UNITY_PBS_USE_BRDF3 UNITY_SPECCUBE_BOX_PROJECTION SHADER_API_DESKTOP UNITY_COLORSPACE_GAMMA UNITY_LIGHTMAP_RGBM_ENCODING
  api=4 type=0 insize=5743 outsize=1810 kw=UNITY_PASS_FORWARDBASE DIRECTIONAL LIGHTPROBE_SH pd=UNITY_ENABLE_REFLECTION_BUFFERS UNITY_NO_SCREENSPACE_SHADOWS UNITY_PBS_USE_BRDF3 UNITY_SPECCUBE_BOX_PROJECTION SHADER_API_DESKTOP UNITY_COLORSPACE_GAMMA UNITY_LIGHTMAP_RGBM_ENCODING ok=1
Cmd: compileSnippet
  api=4 type=1 insize=5743 outsize=2630 kw=UNITY_PASS_FORWARDBASE DIRECTIONAL LIGHTPROBE_SH pd=UNITY_ENABLE_REFLECTION_BUFFERS UNITY_NO_SCREENSPACE_SHADOWS UNITY_PBS_USE_BRDF3 UNITY_SPECCUBE_BOX_PROJECTION SHADER_API_DESKTOP UNITY_COLORSPACE_GAMMA UNITY_LIGHTMAP_RGBM_ENCODING ok=1
Cmd: preprocess
  insize=7240 outsize=1580 ok=1
Cmd: compileSnippet
  error: 1 plat 4 at (73): Output value 'vert' is not completely initialized\nCompiling Vertex program with UNITY_PASS_FORWARDBASE DIRECTIONAL
Platform defines: UNITY_ENABLE_REFLECTION_BUFFERS UNITY_USE_DITHER_MASK_FOR_ALPHABLENDED_SHADOWS UNITY_PBS_USE_BRDF1 UNITY_SPECCUBE_BOX_PROJECTION UNITY_SPECCUBE_BLENDING UNITY_ENABLE_DETAIL_NORMALMAP SHADER_API_DESKTOP UNITY_COLORSPACE_GAMMA UNITY_LIGHT_PROBE_PROXY_VOLUME UNITY_LIGHTMAP_RGBM_ENCODING
  api=4 type=0 insize=5742 outsize=1810 kw=UNITY_PASS_FORWARDBASE DIRECTIONAL pd=UNITY_ENABLE_REFLECTION_BUFFERS UNITY_USE_DITHER_MASK_FOR_ALPHABLENDED_SHADOWS UNITY_PBS_USE_BRDF1 UNITY_SPECCUBE_BOX_PROJECTION UNITY_SPECCUBE_BLENDING UNITY_ENABLE_DETAIL_NORMALMAP SHADER_API_DESKTOP UNITY_COLORSPACE_GAMMA UNITY_LIGHT_PROBE_PROXY_VOLUME UNITY_LIGHTMAP_RGBM_ENCODING ok=1
Cmd: compileSnippet
  api=4 type=1 insize=5742 outsize=2630 kw=UNITY_PASS_FORWARDBASE DIRECTIONAL pd=UNITY_ENABLE_REFLECTION_BUFFERS UNITY_USE_DITHER_MASK_FOR_ALPHABLENDED_SHADOWS UNITY_PBS_USE_BRDF1 UNITY_SPECCUBE_BOX_PROJECTION UNITY_SPECCUBE_BLENDING UNITY_ENABLE_DETAIL_NORMALMAP SHADER_API_DESKTOP UNITY_COLORSPACE_GAMMA UNITY_LIGHT_PROBE_PROXY_VOLUME UNITY_LIGHTMAP_RGBM_ENCODING ok=1
Cmd: compileSnippet
  api=4 type=0 insize=5742 outsize=2030 kw=UNITY_PASS_FORWARDBASE DIRECTIONAL SHADOWS_SCREEN LIGHTMAP_ON LIGHTMAP_SHADOW_MIXING pd=UNITY_ENABLE_REFLECTION_BUFFERS UNITY_NO_SCREENSPACE_SHADOWS UNITY_PBS_USE_BRDF3 UNITY_SPECCUBE_BOX_PROJECTION SHADER_API_DESKTOP UNITY_COLORSPACE_GAMMA UNITY_LIGHTMAP_RGBM_ENCODING ok=1
Cmd: compileSnippet
  api=4 type=1 insize=5742 outsize=2630 kw=UNITY_PASS_FORWARDBASE DIRECTIONAL SHADOWS_SCREEN LIGHTMAP_ON LIGHTMAP_SHADOW_MIXING pd=UNITY_ENABLE_REFLECTION_BUFFERS UNITY_NO_SCREENSPACE_SHADOWS UNITY_PBS_USE_BRDF3 UNITY_SPECCUBE_BOX_PROJECTION SHADER_API_DESKTOP UNITY_COLORSPACE_GAMMA UNITY_LIGHTMAP_RGBM_ENCODING ok=1
Cmd: compileSnippet
  error: 1 plat 4 at (73): Output value 'vert' is not completely initialized\nCompiling Vertex program with UNITY_PASS_FORWARDBASE DIRECTIONAL
Platform defines: UNITY_ENABLE_REFLECTION_BUFFERS UNITY_NO_SCREENSPACE_SHADOWS UNITY_PBS_USE_BRDF3 UNITY_SPECCUBE_BOX_PROJECTION SHADER_API_DESKTOP UNITY_COLORSPACE_GAMMA UNITY_LIGHTMAP_RGBM_ENCODING
  api=4 type=0 insize=5742 outsize=1810 kw=UNITY_PASS_FORWARDBASE DIRECTIONAL pd=UNITY_ENABLE_REFLECTION_BUFFERS UNITY_NO_SCREENSPACE_SHADOWS UNITY_PBS_USE_BRDF3 UNITY_SPECCUBE_BOX_PROJECTION SHADER_API_DESKTOP UNITY_COLORSPACE_GAMMA UNITY_LIGHTMAP_RGBM_ENCODING ok=1
Cmd: compileSnippet
  api=4 type=1 insize=5742 outsize=2630 kw=UNITY_PASS_FORWARDBASE DIRECTIONAL pd=UNITY_ENABLE_REFLECTION_BUFFERS UNITY_NO_SCREENSPACE_SHADOWS UNITY_PBS_USE_BRDF3 UNITY_SPECCUBE_BOX_PROJECTION SHADER_API_DESKTOP UNITY_COLORSPACE_GAMMA UNITY_LIGHTMAP_RGBM_ENCODING ok=1
Cmd: compileSnippet
  error: 1 plat 4 at (73): Output value 'vert' is not completely initialized\nCompiling Vertex program with UNITY_PASS_FORWARDBASE DIRECTIONAL LIGHTPROBE_SH
Platform defines: UNITY_ENABLE_REFLECTION_BUFFERS UNITY_NO_SCREENSPACE_SHADOWS UNITY_PBS_USE_BRDF3 UNITY_SPECCUBE_BOX_PROJECTION SHADER_API_DESKTOP UNITY_COLORSPACE_GAMMA UNITY_LIGHTMAP_RGBM_ENCODING
  api=4 type=0 insize=5742 outsize=1810 kw=UNITY_PASS_FORWARDBASE DIRECTIONAL LIGHTPROBE_SH pd=UNITY_ENABLE_REFLECTION_BUFFERS UNITY_NO_SCREENSPACE_SHADOWS UNITY_PBS_USE_BRDF3 UNITY_SPECCUBE_BOX_PROJECTION SHADER_API_DESKTOP UNITY_COLORSPACE_GAMMA UNITY_LIGHTMAP_RGBM_ENCODING ok=1
Cmd: compileSnippet
  api=4 type=1 insize=5742 outsize=2630 kw=UNITY_PASS_FORWARDBASE DIRECTIONAL LIGHTPROBE_SH pd=UNITY_ENABLE_REFLECTION_BUFFERS UNITY_NO_SCREENSPACE_SHADOWS UNITY_PBS_USE_BRDF3 UNITY_SPECCUBE_BOX_PROJECTION SHADER_API_DESKTOP UNITY_COLORSPACE_GAMMA UNITY_LIGHTMAP_RGBM_ENCODING ok=1
Cmd: preprocess
  insize=7238 outsize=1581 ok=1
Cmd: compileSnippet
  error: 1 plat 4 at (73): Output value 'vert' is not completely initialized\nCompiling Vertex program with UNITY_PASS_FORWARDBASE DIRECTIONAL
Platform defines: UNITY_ENABLE_REFLECTION_BUFFERS UNITY_USE_DITHER_MASK_FOR_ALPHABLENDED_SHADOWS UNITY_PBS_USE_BRDF1 UNITY_SPECCUBE_BOX_PROJECTION UNITY_SPECCUBE_BLENDING UNITY_ENABLE_DETAIL_NORMALMAP SHADER_API_DESKTOP UNITY_COLORSPACE_GAMMA UNITY_LIGHT_PROBE_PROXY_VOLUME UNITY_LIGHTMAP_RGBM_ENCODING
  api=4 type=0 insize=5740 outsize=1810 kw=UNITY_PASS_FORWARDBASE DIRECTIONAL pd=UNITY_ENABLE_REFLECTION_BUFFERS UNITY_USE_DITHER_MASK_FOR_ALPHABLENDED_SHADOWS UNITY_PBS_USE_BRDF1 UNITY_SPECCUBE_BOX_PROJECTION UNITY_SPECCUBE_BLENDING UNITY_ENABLE_DETAIL_NORMALMAP SHADER_API_DESKTOP UNITY_COLORSPACE_GAMMA UNITY_LIGHT_PROBE_PROXY_VOLUME UNITY_LIGHTMAP_RGBM_ENCODING ok=1
Cmd: compileSnippet
  api=4 type=1 insize=5740 outsize=2618 kw=UNITY_PASS_FORWARDBASE DIRECTIONAL pd=UNITY_ENABLE_REFLECTION_BUFFERS UNITY_USE_DITHER_MASK_FOR_ALPHABLENDED_SHADOWS UNITY_PBS_USE_BRDF1 UNITY_SPECCUBE_BOX_PROJECTION UNITY_SPECCUBE_BLENDING UNITY_ENABLE_DETAIL_NORMALMAP SHADER_API_DESKTOP UNITY_COLORSPACE_GAMMA UNITY_LIGHT_PROBE_PROXY_VOLUME UNITY_LIGHTMAP_RGBM_ENCODING ok=1
Cmd: compileSnippet
  api=4 type=0 insize=5740 outsize=2030 kw=UNITY_PASS_FORWARDBASE DIRECTIONAL SHADOWS_SCREEN LIGHTMAP_ON LIGHTMAP_SHADOW_MIXING pd=UNITY_ENABLE_REFLECTION_BUFFERS UNITY_NO_SCREENSPACE_SHADOWS UNITY_PBS_USE_BRDF3 UNITY_SPECCUBE_BOX_PROJECTION SHADER_API_DESKTOP UNITY_COLORSPACE_GAMMA UNITY_LIGHTMAP_RGBM_ENCODING ok=1
Cmd: compileSnippet
  api=4 type=1 insize=5740 outsize=2618 kw=UNITY_PASS_FORWARDBASE DIRECTIONAL SHADOWS_SCREEN LIGHTMAP_ON LIGHTMAP_SHADOW_MIXING pd=UNITY_ENABLE_REFLECTION_BUFFERS UNITY_NO_SCREENSPACE_SHADOWS UNITY_PBS_USE_BRDF3 UNITY_SPECCUBE_BOX_PROJECTION SHADER_API_DESKTOP UNITY_COLORSPACE_GAMMA UNITY_LIGHTMAP_RGBM_ENCODING ok=1
Cmd: compileSnippet
  error: 1 plat 4 at (73): Output value 'vert' is not completely initialized\nCompiling Vertex program with UNITY_PASS_FORWARDBASE DIRECTIONAL
Platform defines: UNITY_ENABLE_REFLECTION_BUFFERS UNITY_NO_SCREENSPACE_SHADOWS UNITY_PBS_USE_BRDF3 UNITY_SPECCUBE_BOX_PROJECTION SHADER_API_DESKTOP UNITY_COLORSPACE_GAMMA UNITY_LIGHTMAP_RGBM_ENCODING
  api=4 type=0 insize=5740 outsize=1810 kw=UNITY_PASS_FORWARDBASE DIRECTIONAL pd=UNITY_ENABLE_REFLECTION_BUFFERS UNITY_NO_SCREENSPACE_SHADOWS UNITY_PBS_USE_BRDF3 UNITY_SPECCUBE_BOX_PROJECTION SHADER_API_DESKTOP UNITY_COLORSPACE_GAMMA UNITY_LIGHTMAP_RGBM_ENCODING ok=1
Cmd: compileSnippet
  api=4 type=1 insize=5740 outsize=2618 kw=UNITY_PASS_FORWARDBASE DIRECTIONAL pd=UNITY_ENABLE_REFLECTION_BUFFERS UNITY_NO_SCREENSPACE_SHADOWS UNITY_PBS_USE_BRDF3 UNITY_SPECCUBE_BOX_PROJECTION SHADER_API_DESKTOP UNITY_COLORSPACE_GAMMA UNITY_LIGHTMAP_RGBM_ENCODING ok=1
Cmd: compileSnippet
  error: 1 plat 4 at (73): Output value 'vert' is not completely initialized\nCompiling Vertex program with UNITY_PASS_FORWARDBASE DIRECTIONAL LIGHTPROBE_SH
Platform defines: UNITY_ENABLE_REFLECTION_BUFFERS UNITY_NO_SCREENSPACE_SHADOWS UNITY_PBS_USE_BRDF3 UNITY_SPECCUBE_BOX_PROJECTION SHADER_API_DESKTOP UNITY_COLORSPACE_GAMMA UNITY_LIGHTMAP_RGBM_ENCODING
  api=4 type=0 insize=5740 outsize=1810 kw=UNITY_PASS_FORWARDBASE DIRECTIONAL LIGHTPROBE_SH pd=UNITY_ENABLE_REFLECTION_BUFFERS UNITY_NO_SCREENSPACE_SHADOWS UNITY_PBS_USE_BRDF3 UNITY_SPECCUBE_BOX_PROJECTION SHADER_API_DESKTOP UNITY_COLORSPACE_GAMMA UNITY_LIGHTMAP_RGBM_ENCODING ok=1
Cmd: compileSnippet
  api=4 type=1 insize=5740 outsize=2618 kw=UNITY_PASS_FORWARDBASE DIRECTIONAL LIGHTPROBE_SH pd=UNITY_ENABLE_REFLECTION_BUFFERS UNITY_NO_SCREENSPACE_SHADOWS UNITY_PBS_USE_BRDF3 UNITY_SPECCUBE_BOX_PROJECTION SHADER_API_DESKTOP UNITY_COLORSPACE_GAMMA UNITY_LIGHTMAP_RGBM_ENCODING ok=1
Cmd: preprocess
  insize=7242 outsize=1581 ok=1
Cmd: compileSnippet
  error: 1 plat 4 at (73): Output value 'vert' is not completely initialized\nCompiling Vertex program with UNITY_PASS_FORWARDBASE DIRECTIONAL
Platform defines: UNITY_ENABLE_REFLECTION_BUFFERS UNITY_USE_DITHER_MASK_FOR_ALPHABLENDED_SHADOWS UNITY_PBS_USE_BRDF1 UNITY_SPECCUBE_BOX_PROJECTION UNITY_SPECCUBE_BLENDING UNITY_ENABLE_DETAIL_NORMALMAP SHADER_API_DESKTOP UNITY_COLORSPACE_GAMMA UNITY_LIGHT_PROBE_PROXY_VOLUME UNITY_LIGHTMAP_RGBM_ENCODING
  api=4 type=0 insize=5744 outsize=1810 kw=UNITY_PASS_FORWARDBASE DIRECTIONAL pd=UNITY_ENABLE_REFLECTION_BUFFERS UNITY_USE_DITHER_MASK_FOR_ALPHABLENDED_SHADOWS UNITY_PBS_USE_BRDF1 UNITY_SPECCUBE_BOX_PROJECTION UNITY_SPECCUBE_BLENDING UNITY_ENABLE_DETAIL_NORMALMAP SHADER_API_DESKTOP UNITY_COLORSPACE_GAMMA UNITY_LIGHT_PROBE_PROXY_VOLUME UNITY_LIGHTMAP_RGBM_ENCODING ok=1
Cmd: compileSnippet
  api=4 type=1 insize=5744 outsize=2650 kw=UNITY_PASS_FORWARDBASE DIRECTIONAL pd=UNITY_ENABLE_REFLECTION_BUFFERS UNITY_USE_DITHER_MASK_FOR_ALPHABLENDED_SHADOWS UNITY_PBS_USE_BRDF1 UNITY_SPECCUBE_BOX_PROJECTION UNITY_SPECCUBE_BLENDING UNITY_ENABLE_DETAIL_NORMALMAP SHADER_API_DESKTOP UNITY_COLORSPACE_GAMMA UNITY_LIGHT_PROBE_PROXY_VOLUME UNITY_LIGHTMAP_RGBM_ENCODING ok=1
Cmd: compileSnippet
  api=4 type=0 insize=5744 outsize=2030 kw=UNITY_PASS_FORWARDBASE DIRECTIONAL SHADOWS_SCREEN LIGHTMAP_ON LIGHTMAP_SHADOW_MIXING pd=UNITY_ENABLE_REFLECTION_BUFFERS UNITY_NO_SCREENSPACE_SHADOWS UNITY_PBS_USE_BRDF3 UNITY_SPECCUBE_BOX_PROJECTION SHADER_API_DESKTOP UNITY_COLORSPACE_GAMMA UNITY_LIGHTMAP_RGBM_ENCODING ok=1
Cmd: compileSnippet
  api=4 type=1 insize=5744 outsize=2650 kw=UNITY_PASS_FORWARDBASE DIRECTIONAL SHADOWS_SCREEN LIGHTMAP_ON LIGHTMAP_SHADOW_MIXING pd=UNITY_ENABLE_REFLECTION_BUFFERS UNITY_NO_SCREENSPACE_SHADOWS UNITY_PBS_USE_BRDF3 UNITY_SPECCUBE_BOX_PROJECTION SHADER_API_DESKTOP UNITY_COLORSPACE_GAMMA UNITY_LIGHTMAP_RGBM_ENCODING ok=1
Cmd: compileSnippet
  error: 1 plat 4 at (73): Output value 'vert' is not completely initialized\nCompiling Vertex program with UNITY_PASS_FORWARDBASE DIRECTIONAL
Platform defines: UNITY_ENABLE_REFLECTION_BUFFERS UNITY_NO_SCREENSPACE_SHADOWS UNITY_PBS_USE_BRDF3 UNITY_SPECCUBE_BOX_PROJECTION SHADER_API_DESKTOP UNITY_COLORSPACE_GAMMA UNITY_LIGHTMAP_RGBM_ENCODING
  api=4 type=0 insize=5744 outsize=1810 kw=UNITY_PASS_FORWARDBASE DIRECTIONAL pd=UNITY_ENABLE_REFLECTION_BUFFERS UNITY_NO_SCREENSPACE_SHADOWS UNITY_PBS_USE_BRDF3 UNITY_SPECCUBE_BOX_PROJECTION SHADER_API_DESKTOP UNITY_COLORSPACE_GAMMA UNITY_LIGHTMAP_RGBM_ENCODING ok=1
Cmd: compileSnippet
  api=4 type=1 insize=5744 outsize=2650 kw=UNITY_PASS_FORWARDBASE DIRECTIONAL pd=UNITY_ENABLE_REFLECTION_BUFFERS UNITY_NO_SCREENSPACE_SHADOWS UNITY_PBS_USE_BRDF3 UNITY_SPECCUBE_BOX_PROJECTION SHADER_API_DESKTOP UNITY_COLORSPACE_GAMMA UNITY_LIGHTMAP_RGBM_ENCODING ok=1
Cmd: compileSnippet
  error: 1 plat 4 at (73): Output value 'vert' is not completely initialized\nCompiling Vertex program with UNITY_PASS_FORWARDBASE DIRECTIONAL LIGHTPROBE_SH
Platform defines: UNITY_ENABLE_REFLECTION_BUFFERS UNITY_NO_SCREENSPACE_SHADOWS UNITY_PBS_USE_BRDF3 UNITY_SPECCUBE_BOX_PROJECTION SHADER_API_DESKTOP UNITY_COLORSPACE_GAMMA UNITY_LIGHTMAP_RGBM_ENCODING
  api=4 type=0 insize=5744 outsize=1810 kw=UNITY_PASS_FORWARDBASE DIRECTIONAL LIGHTPROBE_SH pd=UNITY_ENABLE_REFLECTION_BUFFERS UNITY_NO_SCREENSPACE_SHADOWS UNITY_PBS_USE_BRDF3 UNITY_SPECCUBE_BOX_PROJECTION SHADER_API_DESKTOP UNITY_COLORSPACE_GAMMA UNITY_LIGHTMAP_RGBM_ENCODING ok=1
Cmd: compileSnippet
  api=4 type=1 insize=5744 outsize=2650 kw=UNITY_PASS_FORWARDBASE DIRECTIONAL LIGHTPROBE_SH pd=UNITY_ENABLE_REFLECTION_BUFFERS UNITY_NO_SCREENSPACE_SHADOWS UNITY_PBS_USE_BRDF3 UNITY_SPECCUBE_BOX_PROJECTION SHADER_API_DESKTOP UNITY_COLORSPACE_GAMMA UNITY_LIGHTMAP_RGBM_ENCODING ok=1
Cmd: preprocess
  insize=7242 outsize=1581 ok=1
Cmd: compileSnippet
  error: 1 plat 4 at (73): Output value 'vert' is not completely initialized\nCompiling Vertex program with UNITY_PASS_FORWARDBASE DIRECTIONAL
Platform defines: UNITY_ENABLE_REFLECTION_BUFFERS UNITY_USE_DITHER_MASK_FOR_ALPHABLENDED_SHADOWS UNITY_PBS_USE_BRDF1 UNITY_SPECCUBE_BOX_PROJECTION UNITY_SPECCUBE_BLENDING UNITY_ENABLE_DETAIL_NORMALMAP SHADER_API_DESKTOP UNITY_COLORSPACE_GAMMA UNITY_LIGHT_PROBE_PROXY_VOLUME UNITY_LIGHTMAP_RGBM_ENCODING
  api=4 type=0 insize=5744 outsize=1810 kw=UNITY_PASS_FORWARDBASE DIRECTIONAL pd=UNITY_ENABLE_REFLECTION_BUFFERS UNITY_USE_DITHER_MASK_FOR_ALPHABLENDED_SHADOWS UNITY_PBS_USE_BRDF1 UNITY_SPECCUBE_BOX_PROJECTION UNITY_SPECCUBE_BLENDING UNITY_ENABLE_DETAIL_NORMALMAP SHADER_API_DESKTOP UNITY_COLORSPACE_GAMMA UNITY_LIGHT_PROBE_PROXY_VOLUME UNITY_LIGHTMAP_RGBM_ENCODING ok=1
Cmd: compileSnippet
  api=4 type=1 insize=5744 outsize=2630 kw=UNITY_PASS_FORWARDBASE DIRECTIONAL pd=UNITY_ENABLE_REFLECTION_BUFFERS UNITY_USE_DITHER_MASK_FOR_ALPHABLENDED_SHADOWS UNITY_PBS_USE_BRDF1 UNITY_SPECCUBE_BOX_PROJECTION UNITY_SPECCUBE_BLENDING UNITY_ENABLE_DETAIL_NORMALMAP SHADER_API_DESKTOP UNITY_COLORSPACE_GAMMA UNITY_LIGHT_PROBE_PROXY_VOLUME UNITY_LIGHTMAP_RGBM_ENCODING ok=1
Cmd: compileSnippet
  api=4 type=0 insize=5744 outsize=2030 kw=UNITY_PASS_FORWARDBASE DIRECTIONAL SHADOWS_SCREEN LIGHTMAP_ON LIGHTMAP_SHADOW_MIXING pd=UNITY_ENABLE_REFLECTION_BUFFERS UNITY_NO_SCREENSPACE_SHADOWS UNITY_PBS_USE_BRDF3 UNITY_SPECCUBE_BOX_PROJECTION SHADER_API_DESKTOP UNITY_COLORSPACE_GAMMA UNITY_LIGHTMAP_RGBM_ENCODING ok=1
Cmd: compileSnippet
  api=4 type=1 insize=5744 outsize=2630 kw=UNITY_PASS_FORWARDBASE DIRECTIONAL SHADOWS_SCREEN LIGHTMAP_ON LIGHTMAP_SHADOW_MIXING pd=UNITY_ENABLE_REFLECTION_BUFFERS UNITY_NO_SCREENSPACE_SHADOWS UNITY_PBS_USE_BRDF3 UNITY_SPECCUBE_BOX_PROJECTION SHADER_API_DESKTOP UNITY_COLORSPACE_GAMMA UNITY_LIGHTMAP_RGBM_ENCODING ok=1
Cmd: compileSnippet
  error: 1 plat 4 at (73): Output value 'vert' is not completely initialized\nCompiling Vertex program with UNITY_PASS_FORWARDBASE DIRECTIONAL
Platform defines: UNITY_ENABLE_REFLECTION_BUFFERS UNITY_NO_SCREENSPACE_SHADOWS UNITY_PBS_USE_BRDF3 UNITY_SPECCUBE_BOX_PROJECTION SHADER_API_DESKTOP UNITY_COLORSPACE_GAMMA UNITY_LIGHTMAP_RGBM_ENCODING
  api=4 type=0 insize=5744 outsize=1810 kw=UNITY_PASS_FORWARDBASE DIRECTIONAL pd=UNITY_ENABLE_REFLECTION_BUFFERS UNITY_NO_SCREENSPACE_SHADOWS UNITY_PBS_USE_BRDF3 UNITY_SPECCUBE_BOX_PROJECTION SHADER_API_DESKTOP UNITY_COLORSPACE_GAMMA UNITY_LIGHTMAP_RGBM_ENCODING ok=1
Cmd: compileSnippet
  api=4 type=1 insize=5744 outsize=2630 kw=UNITY_PASS_FORWARDBASE DIRECTIONAL pd=UNITY_ENABLE_REFLECTION_BUFFERS UNITY_NO_SCREENSPACE_SHADOWS UNITY_PBS_USE_BRDF3 UNITY_SPECCUBE_BOX_PROJECTION SHADER_API_DESKTOP UNITY_COLORSPACE_GAMMA UNITY_LIGHTMAP_RGBM_ENCODING ok=1
Cmd: compileSnippet
  error: 1 plat 4 at (73): Output value 'vert' is not completely initialized\nCompiling Vertex program with UNITY_PASS_FORWARDBASE DIRECTIONAL LIGHTPROBE_SH
Platform defines: UNITY_ENABLE_REFLECTION_BUFFERS UNITY_NO_SCREENSPACE_SHADOWS UNITY_PBS_USE_BRDF3 UNITY_SPECCUBE_BOX_PROJECTION SHADER_API_DESKTOP UNITY_COLORSPACE_GAMMA UNITY_LIGHTMAP_RGBM_ENCODING
  api=4 type=0 insize=5744 outsize=1810 kw=UNITY_PASS_FORWARDBASE DIRECTIONAL LIGHTPROBE_SH pd=UNITY_ENABLE_REFLECTION_BUFFERS UNITY_NO_SCREENSPACE_SHADOWS UNITY_PBS_USE_BRDF3 UNITY_SPECCUBE_BOX_PROJECTION SHADER_API_DESKTOP UNITY_COLORSPACE_GAMMA UNITY_LIGHTMAP_RGBM_ENCODING ok=1
Cmd: compileSnippet
  api=4 type=1 insize=5744 outsize=2630 kw=UNITY_PASS_FORWARDBASE DIRECTIONAL LIGHTPROBE_SH pd=UNITY_ENABLE_REFLECTION_BUFFERS UNITY_NO_SCREENSPACE_SHADOWS UNITY_PBS_USE_BRDF3 UNITY_SPECCUBE_BOX_PROJECTION SHADER_API_DESKTOP UNITY_COLORSPACE_GAMMA UNITY_LIGHTMAP_RGBM_ENCODING ok=1
Cmd: compileSnippet
  error: 1 plat 4 at (73): Output value 'vert' is not completely initialized\nCompiling Vertex program with UNITY_PASS_FORWARDBASE DIRECTIONAL LIGHTMAP_ON LIGHTMAP_SHADOW_MIXING
Platform defines: UNITY_ENABLE_REFLECTION_BUFFERS UNITY_NO_SCREENSPACE_SHADOWS UNITY_PBS_USE_BRDF3 UNITY_SPECCUBE_BOX_PROJECTION SHADER_API_DESKTOP UNITY_COLORSPACE_GAMMA UNITY_LIGHTMAP_RGBM_ENCODING
  api=4 type=0 insize=5744 outsize=1810 kw=UNITY_PASS_FORWARDBASE DIRECTIONAL LIGHTMAP_ON LIGHTMAP_SHADOW_MIXING pd=UNITY_ENABLE_REFLECTION_BUFFERS UNITY_NO_SCREENSPACE_SHADOWS UNITY_PBS_USE_BRDF3 UNITY_SPECCUBE_BOX_PROJECTION SHADER_API_DESKTOP UNITY_COLORSPACE_GAMMA UNITY_LIGHTMAP_RGBM_ENCODING ok=1
Cmd: compileSnippet
  api=4 type=1 insize=5744 outsize=2630 kw=UNITY_PASS_FORWARDBASE DIRECTIONAL LIGHTMAP_ON LIGHTMAP_SHADOW_MIXING pd=UNITY_ENABLE_REFLECTION_BUFFERS UNITY_NO_SCREENSPACE_SHADOWS UNITY_PBS_USE_BRDF3 UNITY_SPECCUBE_BOX_PROJECTION SHADER_API_DESKTOP UNITY_COLORSPACE_GAMMA UNITY_LIGHTMAP_RGBM_ENCODING ok=1
Cmd: preprocess
  insize=7249 outsize=1581 ok=1
Cmd: compileSnippet
  error: 1 plat 4 at (73): Output value 'vert' is not completely initialized\nCompiling Vertex program with UNITY_PASS_FORWARDBASE DIRECTIONAL
Platform defines: UNITY_ENABLE_REFLECTION_BUFFERS UNITY_USE_DITHER_MASK_FOR_ALPHABLENDED_SHADOWS UNITY_PBS_USE_BRDF1 UNITY_SPECCUBE_BOX_PROJECTION UNITY_SPECCUBE_BLENDING UNITY_ENABLE_DETAIL_NORMALMAP SHADER_API_DESKTOP UNITY_COLORSPACE_GAMMA UNITY_LIGHT_PROBE_PROXY_VOLUME UNITY_LIGHTMAP_RGBM_ENCODING
  api=4 type=0 insize=5751 outsize=1810 kw=UNITY_PASS_FORWARDBASE DIRECTIONAL pd=UNITY_ENABLE_REFLECTION_BUFFERS UNITY_USE_DITHER_MASK_FOR_ALPHABLENDED_SHADOWS UNITY_PBS_USE_BRDF1 UNITY_SPECCUBE_BOX_PROJECTION UNITY_SPECCUBE_BLENDING UNITY_ENABLE_DETAIL_NORMALMAP SHADER_API_DESKTOP UNITY_COLORSPACE_GAMMA UNITY_LIGHT_PROBE_PROXY_VOLUME UNITY_LIGHTMAP_RGBM_ENCODING ok=1
Cmd: compileSnippet
  api=4 type=1 insize=5751 outsize=3238 kw=UNITY_PASS_FORWARDBASE DIRECTIONAL pd=UNITY_ENABLE_REFLECTION_BUFFERS UNITY_USE_DITHER_MASK_FOR_ALPHABLENDED_SHADOWS UNITY_PBS_USE_BRDF1 UNITY_SPECCUBE_BOX_PROJECTION UNITY_SPECCUBE_BLENDING UNITY_ENABLE_DETAIL_NORMALMAP SHADER_API_DESKTOP UNITY_COLORSPACE_GAMMA UNITY_LIGHT_PROBE_PROXY_VOLUME UNITY_LIGHTMAP_RGBM_ENCODING ok=1
Cmd: compileSnippet
  api=4 type=0 insize=5751 outsize=2030 kw=UNITY_PASS_FORWARDBASE DIRECTIONAL SHADOWS_SCREEN LIGHTMAP_ON LIGHTMAP_SHADOW_MIXING pd=UNITY_ENABLE_REFLECTION_BUFFERS UNITY_NO_SCREENSPACE_SHADOWS UNITY_PBS_USE_BRDF3 UNITY_SPECCUBE_BOX_PROJECTION SHADER_API_DESKTOP UNITY_COLORSPACE_GAMMA UNITY_LIGHTMAP_RGBM_ENCODING ok=1
Cmd: compileSnippet
  api=4 type=1 insize=5751 outsize=2834 kw=UNITY_PASS_FORWARDBASE DIRECTIONAL SHADOWS_SCREEN LIGHTMAP_ON LIGHTMAP_SHADOW_MIXING pd=UNITY_ENABLE_REFLECTION_BUFFERS UNITY_NO_SCREENSPACE_SHADOWS UNITY_PBS_USE_BRDF3 UNITY_SPECCUBE_BOX_PROJECTION SHADER_API_DESKTOP UNITY_COLORSPACE_GAMMA UNITY_LIGHTMAP_RGBM_ENCODING ok=1
Cmd: compileSnippet
  error: 1 plat 4 at (73): Output value 'vert' is not completely initialized\nCompiling Vertex program with UNITY_PASS_FORWARDBASE DIRECTIONAL
Platform defines: UNITY_ENABLE_REFLECTION_BUFFERS UNITY_NO_SCREENSPACE_SHADOWS UNITY_PBS_USE_BRDF3 UNITY_SPECCUBE_BOX_PROJECTION SHADER_API_DESKTOP UNITY_COLORSPACE_GAMMA UNITY_LIGHTMAP_RGBM_ENCODING
  api=4 type=0 insize=5751 outsize=1810 kw=UNITY_PASS_FORWARDBASE DIRECTIONAL pd=UNITY_ENABLE_REFLECTION_BUFFERS UNITY_NO_SCREENSPACE_SHADOWS UNITY_PBS_USE_BRDF3 UNITY_SPECCUBE_BOX_PROJECTION SHADER_API_DESKTOP UNITY_COLORSPACE_GAMMA UNITY_LIGHTMAP_RGBM_ENCODING ok=1
Cmd: compileSnippet
  api=4 type=1 insize=5751 outsize=2630 kw=UNITY_PASS_FORWARDBASE DIRECTIONAL pd=UNITY_ENABLE_REFLECTION_BUFFERS UNITY_NO_SCREENSPACE_SHADOWS UNITY_PBS_USE_BRDF3 UNITY_SPECCUBE_BOX_PROJECTION SHADER_API_DESKTOP UNITY_COLORSPACE_GAMMA UNITY_LIGHTMAP_RGBM_ENCODING ok=1
Cmd: compileSnippet
  error: 1 plat 4 at (73): Output value 'vert' is not completely initialized\nCompiling Vertex program with UNITY_PASS_FORWARDBASE DIRECTIONAL LIGHTPROBE_SH
Platform defines: UNITY_ENABLE_REFLECTION_BUFFERS UNITY_NO_SCREENSPACE_SHADOWS UNITY_PBS_USE_BRDF3 UNITY_SPECCUBE_BOX_PROJECTION SHADER_API_DESKTOP UNITY_COLORSPACE_GAMMA UNITY_LIGHTMAP_RGBM_ENCODING
  api=4 type=0 insize=5751 outsize=1810 kw=UNITY_PASS_FORWARDBASE DIRECTIONAL LIGHTPROBE_SH pd=UNITY_ENABLE_REFLECTION_BUFFERS UNITY_NO_SCREENSPACE_SHADOWS UNITY_PBS_USE_BRDF3 UNITY_SPECCUBE_BOX_PROJECTION SHADER_API_DESKTOP UNITY_COLORSPACE_GAMMA UNITY_LIGHTMAP_RGBM_ENCODING ok=1
Cmd: compileSnippet
  api=4 type=1 insize=5751 outsize=2630 kw=UNITY_PASS_FORWARDBASE DIRECTIONAL LIGHTPROBE_SH pd=UNITY_ENABLE_REFLECTION_BUFFERS UNITY_NO_SCREENSPACE_SHADOWS UNITY_PBS_USE_BRDF3 UNITY_SPECCUBE_BOX_PROJECTION SHADER_API_DESKTOP UNITY_COLORSPACE_GAMMA UNITY_LIGHTMAP_RGBM_ENCODING ok=1
Cmd: preprocess
  insize=7249 outsize=1580 ok=1
Cmd: compileSnippet
  error: 1 plat 4 at (73): Output value 'vert' is not completely initialized\nCompiling Vertex program with UNITY_PASS_FORWARDBASE DIRECTIONAL
Platform defines: UNITY_ENABLE_REFLECTION_BUFFERS UNITY_USE_DITHER_MASK_FOR_ALPHABLENDED_SHADOWS UNITY_PBS_USE_BRDF1 UNITY_SPECCUBE_BOX_PROJECTION UNITY_SPECCUBE_BLENDING UNITY_ENABLE_DETAIL_NORMALMAP SHADER_API_DESKTOP UNITY_COLORSPACE_GAMMA UNITY_LIGHT_PROBE_PROXY_VOLUME UNITY_LIGHTMAP_RGBM_ENCODING
  api=4 type=0 insize=5751 outsize=1810 kw=UNITY_PASS_FORWARDBASE DIRECTIONAL pd=UNITY_ENABLE_REFLECTION_BUFFERS UNITY_USE_DITHER_MASK_FOR_ALPHABLENDED_SHADOWS UNITY_PBS_USE_BRDF1 UNITY_SPECCUBE_BOX_PROJECTION UNITY_SPECCUBE_BLENDING UNITY_ENABLE_DETAIL_NORMALMAP SHADER_API_DESKTOP UNITY_COLORSPACE_GAMMA UNITY_LIGHT_PROBE_PROXY_VOLUME UNITY_LIGHTMAP_RGBM_ENCODING ok=1
Cmd: compileSnippet
  api=4 type=1 insize=5751 outsize=3238 kw=UNITY_PASS_FORWARDBASE DIRECTIONAL pd=UNITY_ENABLE_REFLECTION_BUFFERS UNITY_USE_DITHER_MASK_FOR_ALPHABLENDED_SHADOWS UNITY_PBS_USE_BRDF1 UNITY_SPECCUBE_BOX_PROJECTION UNITY_SPECCUBE_BLENDING UNITY_ENABLE_DETAIL_NORMALMAP SHADER_API_DESKTOP UNITY_COLORSPACE_GAMMA UNITY_LIGHT_PROBE_PROXY_VOLUME UNITY_LIGHTMAP_RGBM_ENCODING ok=1
Cmd: compileSnippet
  api=4 type=0 insize=5751 outsize=2030 kw=UNITY_PASS_FORWARDBASE DIRECTIONAL SHADOWS_SCREEN LIGHTMAP_ON LIGHTMAP_SHADOW_MIXING pd=UNITY_ENABLE_REFLECTION_BUFFERS UNITY_NO_SCREENSPACE_SHADOWS UNITY_PBS_USE_BRDF3 UNITY_SPECCUBE_BOX_PROJECTION SHADER_API_DESKTOP UNITY_COLORSPACE_GAMMA UNITY_LIGHTMAP_RGBM_ENCODING ok=1
Cmd: compileSnippet
  api=4 type=1 insize=5751 outsize=2834 kw=UNITY_PASS_FORWARDBASE DIRECTIONAL SHADOWS_SCREEN LIGHTMAP_ON LIGHTMAP_SHADOW_MIXING pd=UNITY_ENABLE_REFLECTION_BUFFERS UNITY_NO_SCREENSPACE_SHADOWS UNITY_PBS_USE_BRDF3 UNITY_SPECCUBE_BOX_PROJECTION SHADER_API_DESKTOP UNITY_COLORSPACE_GAMMA UNITY_LIGHTMAP_RGBM_ENCODING ok=1
Cmd: compileSnippet
  error: 1 plat 4 at (73): Output value 'vert' is not completely initialized\nCompiling Vertex program with UNITY_PASS_FORWARDBASE DIRECTIONAL
Platform defines: UNITY_ENABLE_REFLECTION_BUFFERS UNITY_NO_SCREENSPACE_SHADOWS UNITY_PBS_USE_BRDF3 UNITY_SPECCUBE_BOX_PROJECTION SHADER_API_DESKTOP UNITY_COLORSPACE_GAMMA UNITY_LIGHTMAP_RGBM_ENCODING
  api=4 type=0 insize=5751 outsize=1810 kw=UNITY_PASS_FORWARDBASE DIRECTIONAL pd=UNITY_ENABLE_REFLECTION_BUFFERS UNITY_NO_SCREENSPACE_SHADOWS UNITY_PBS_USE_BRDF3 UNITY_SPECCUBE_BOX_PROJECTION SHADER_API_DESKTOP UNITY_COLORSPACE_GAMMA UNITY_LIGHTMAP_RGBM_ENCODING ok=1
Cmd: compileSnippet
  api=4 type=1 insize=5751 outsize=2630 kw=UNITY_PASS_FORWARDBASE DIRECTIONAL pd=UNITY_ENABLE_REFLECTION_BUFFERS UNITY_NO_SCREENSPACE_SHADOWS UNITY_PBS_USE_BRDF3 UNITY_SPECCUBE_BOX_PROJECTION SHADER_API_DESKTOP UNITY_COLORSPACE_GAMMA UNITY_LIGHTMAP_RGBM_ENCODING ok=1
Cmd: compileSnippet
  error: 1 plat 4 at (73): Output value 'vert' is not completely initialized\nCompiling Vertex program with UNITY_PASS_FORWARDBASE DIRECTIONAL LIGHTPROBE_SH
Platform defines: UNITY_ENABLE_REFLECTION_BUFFERS UNITY_NO_SCREENSPACE_SHADOWS UNITY_PBS_USE_BRDF3 UNITY_SPECCUBE_BOX_PROJECTION SHADER_API_DESKTOP UNITY_COLORSPACE_GAMMA UNITY_LIGHTMAP_RGBM_ENCODING
  api=4 type=0 insize=5751 outsize=1810 kw=UNITY_PASS_FORWARDBASE DIRECTIONAL LIGHTPROBE_SH pd=UNITY_ENABLE_REFLECTION_BUFFERS UNITY_NO_SCREENSPACE_SHADOWS UNITY_PBS_USE_BRDF3 UNITY_SPECCUBE_BOX_PROJECTION SHADER_API_DESKTOP UNITY_COLORSPACE_GAMMA UNITY_LIGHTMAP_RGBM_ENCODING ok=1
Cmd: compileSnippet
  api=4 type=1 insize=5751 outsize=2630 kw=UNITY_PASS_FORWARDBASE DIRECTIONAL LIGHTPROBE_SH pd=UNITY_ENABLE_REFLECTION_BUFFERS UNITY_NO_SCREENSPACE_SHADOWS UNITY_PBS_USE_BRDF3 UNITY_SPECCUBE_BOX_PROJECTION SHADER_API_DESKTOP UNITY_COLORSPACE_GAMMA UNITY_LIGHTMAP_RGBM_ENCODING ok=1
Cmd: preprocess
  insize=7391 outsize=1581 ok=1
Cmd: compileSnippet
  error: 1 plat 4 at (73): Output value 'vert' is not completely initialized\nCompiling Vertex program with UNITY_PASS_FORWARDBASE DIRECTIONAL
Platform defines: UNITY_ENABLE_REFLECTION_BUFFERS UNITY_USE_DITHER_MASK_FOR_ALPHABLENDED_SHADOWS UNITY_PBS_USE_BRDF1 UNITY_SPECCUBE_BOX_PROJECTION UNITY_SPECCUBE_BLENDING UNITY_ENABLE_DETAIL_NORMALMAP SHADER_API_DESKTOP UNITY_COLORSPACE_GAMMA UNITY_LIGHT_PROBE_PROXY_VOLUME UNITY_LIGHTMAP_RGBM_ENCODING
  api=4 type=0 insize=5893 outsize=1810 kw=UNITY_PASS_FORWARDBASE DIRECTIONAL pd=UNITY_ENABLE_REFLECTION_BUFFERS UNITY_USE_DITHER_MASK_FOR_ALPHABLENDED_SHADOWS UNITY_PBS_USE_BRDF1 UNITY_SPECCUBE_BOX_PROJECTION UNITY_SPECCUBE_BLENDING UNITY_ENABLE_DETAIL_NORMALMAP SHADER_API_DESKTOP UNITY_COLORSPACE_GAMMA UNITY_LIGHT_PROBE_PROXY_VOLUME UNITY_LIGHTMAP_RGBM_ENCODING ok=1
Cmd: compileSnippet
  api=4 type=1 insize=5893 outsize=3266 kw=UNITY_PASS_FORWARDBASE DIRECTIONAL pd=UNITY_ENABLE_REFLECTION_BUFFERS UNITY_USE_DITHER_MASK_FOR_ALPHABLENDED_SHADOWS UNITY_PBS_USE_BRDF1 UNITY_SPECCUBE_BOX_PROJECTION UNITY_SPECCUBE_BLENDING UNITY_ENABLE_DETAIL_NORMALMAP SHADER_API_DESKTOP UNITY_COLORSPACE_GAMMA UNITY_LIGHT_PROBE_PROXY_VOLUME UNITY_LIGHTMAP_RGBM_ENCODING ok=1
Cmd: compileSnippet
  api=4 type=0 insize=836 outsize=1050 kw=UNITY_PASS_META pd=UNITY_ENABLE_REFLECTION_BUFFERS UNITY_USE_DITHER_MASK_FOR_ALPHABLENDED_SHADOWS UNITY_PBS_USE_BRDF1 UNITY_SPECCUBE_BOX_PROJECTION UNITY_SPECCUBE_BLENDING UNITY_ENABLE_DETAIL_NORMALMAP SHADER_API_DESKTOP UNITY_COLORSPACE_GAMMA UNITY_LIGHT_PROBE_PROXY_VOLUME UNITY_LIGHTMAP_RGBM_ENCODING ok=1
Cmd: compileSnippet
  api=4 type=1 insize=836 outsize=826 kw=UNITY_PASS_META pd=UNITY_ENABLE_REFLECTION_BUFFERS UNITY_USE_DITHER_MASK_FOR_ALPHABLENDED_SHADOWS UNITY_PBS_USE_BRDF1 UNITY_SPECCUBE_BOX_PROJECTION UNITY_SPECCUBE_BLENDING UNITY_ENABLE_DETAIL_NORMALMAP SHADER_API_DESKTOP UNITY_COLORSPACE_GAMMA UNITY_LIGHT_PROBE_PROXY_VOLUME UNITY_LIGHTMAP_RGBM_ENCODING ok=1
Cmd: compileSnippet
  api=4 type=0 insize=5893 outsize=2030 kw=UNITY_PASS_FORWARDBASE DIRECTIONAL SHADOWS_SCREEN LIGHTMAP_ON LIGHTMAP_SHADOW_MIXING pd=UNITY_ENABLE_REFLECTION_BUFFERS UNITY_NO_SCREENSPACE_SHADOWS UNITY_PBS_USE_BRDF3 UNITY_SPECCUBE_BOX_PROJECTION SHADER_API_DESKTOP UNITY_COLORSPACE_GAMMA UNITY_LIGHTMAP_RGBM_ENCODING ok=1
Cmd: compileSnippet
  api=4 type=1 insize=5893 outsize=2862 kw=UNITY_PASS_FORWARDBASE DIRECTIONAL SHADOWS_SCREEN LIGHTMAP_ON LIGHTMAP_SHADOW_MIXING pd=UNITY_ENABLE_REFLECTION_BUFFERS UNITY_NO_SCREENSPACE_SHADOWS UNITY_PBS_USE_BRDF3 UNITY_SPECCUBE_BOX_PROJECTION SHADER_API_DESKTOP UNITY_COLORSPACE_GAMMA UNITY_LIGHTMAP_RGBM_ENCODING ok=1
Cmd: preprocess
  insize=7393 outsize=1581 ok=1
Cmd: compileSnippet
  error: 1 plat 4 at (73): Output value 'vert' is not completely initialized\nCompiling Vertex program with UNITY_PASS_FORWARDBASE DIRECTIONAL
Platform defines: UNITY_ENABLE_REFLECTION_BUFFERS UNITY_USE_DITHER_MASK_FOR_ALPHABLENDED_SHADOWS UNITY_PBS_USE_BRDF1 UNITY_SPECCUBE_BOX_PROJECTION UNITY_SPECCUBE_BLENDING UNITY_ENABLE_DETAIL_NORMALMAP SHADER_API_DESKTOP UNITY_COLORSPACE_GAMMA UNITY_LIGHT_PROBE_PROXY_VOLUME UNITY_LIGHTMAP_RGBM_ENCODING
  api=4 type=0 insize=5895 outsize=1810 kw=UNITY_PASS_FORWARDBASE DIRECTIONAL pd=UNITY_ENABLE_REFLECTION_BUFFERS UNITY_USE_DITHER_MASK_FOR_ALPHABLENDED_SHADOWS UNITY_PBS_USE_BRDF1 UNITY_SPECCUBE_BOX_PROJECTION UNITY_SPECCUBE_BLENDING UNITY_ENABLE_DETAIL_NORMALMAP SHADER_API_DESKTOP UNITY_COLORSPACE_GAMMA UNITY_LIGHT_PROBE_PROXY_VOLUME UNITY_LIGHTMAP_RGBM_ENCODING ok=1
Cmd: compileSnippet
  api=4 type=1 insize=5895 outsize=3266 kw=UNITY_PASS_FORWARDBASE DIRECTIONAL pd=UNITY_ENABLE_REFLECTION_BUFFERS UNITY_USE_DITHER_MASK_FOR_ALPHABLENDED_SHADOWS UNITY_PBS_USE_BRDF1 UNITY_SPECCUBE_BOX_PROJECTION UNITY_SPECCUBE_BLENDING UNITY_ENABLE_DETAIL_NORMALMAP SHADER_API_DESKTOP UNITY_COLORSPACE_GAMMA UNITY_LIGHT_PROBE_PROXY_VOLUME UNITY_LIGHTMAP_RGBM_ENCODING ok=1
Cmd: compileSnippet
  api=4 type=0 insize=5895 outsize=2030 kw=UNITY_PASS_FORWARDBASE DIRECTIONAL SHADOWS_SCREEN LIGHTMAP_ON LIGHTMAP_SHADOW_MIXING pd=UNITY_ENABLE_REFLECTION_BUFFERS UNITY_NO_SCREENSPACE_SHADOWS UNITY_PBS_USE_BRDF3 UNITY_SPECCUBE_BOX_PROJECTION SHADER_API_DESKTOP UNITY_COLORSPACE_GAMMA UNITY_LIGHTMAP_RGBM_ENCODING ok=1
Cmd: compileSnippet
  api=4 type=1 insize=5895 outsize=2862 kw=UNITY_PASS_FORWARDBASE DIRECTIONAL SHADOWS_SCREEN LIGHTMAP_ON LIGHTMAP_SHADOW_MIXING pd=UNITY_ENABLE_REFLECTION_BUFFERS UNITY_NO_SCREENSPACE_SHADOWS UNITY_PBS_USE_BRDF3 UNITY_SPECCUBE_BOX_PROJECTION SHADER_API_DESKTOP UNITY_COLORSPACE_GAMMA UNITY_LIGHTMAP_RGBM_ENCODING ok=1
Cmd: compileSnippet
  error: 1 plat 4 at (73): Output value 'vert' is not completely initialized\nCompiling Vertex program with UNITY_PASS_FORWARDBASE DIRECTIONAL
Platform defines: UNITY_ENABLE_REFLECTION_BUFFERS UNITY_NO_SCREENSPACE_SHADOWS UNITY_PBS_USE_BRDF3 UNITY_SPECCUBE_BOX_PROJECTION SHADER_API_DESKTOP UNITY_COLORSPACE_GAMMA UNITY_LIGHTMAP_RGBM_ENCODING
  api=4 type=0 insize=5895 outsize=1810 kw=UNITY_PASS_FORWARDBASE DIRECTIONAL pd=UNITY_ENABLE_REFLECTION_BUFFERS UNITY_NO_SCREENSPACE_SHADOWS UNITY_PBS_USE_BRDF3 UNITY_SPECCUBE_BOX_PROJECTION SHADER_API_DESKTOP UNITY_COLORSPACE_GAMMA UNITY_LIGHTMAP_RGBM_ENCODING ok=1
Cmd: compileSnippet
  api=4 type=1 insize=5895 outsize=2670 kw=UNITY_PASS_FORWARDBASE DIRECTIONAL pd=UNITY_ENABLE_REFLECTION_BUFFERS UNITY_NO_SCREENSPACE_SHADOWS UNITY_PBS_USE_BRDF3 UNITY_SPECCUBE_BOX_PROJECTION SHADER_API_DESKTOP UNITY_COLORSPACE_GAMMA UNITY_LIGHTMAP_RGBM_ENCODING ok=1
Cmd: compileSnippet
  error: 1 plat 4 at (73): Output value 'vert' is not completely initialized\nCompiling Vertex program with UNITY_PASS_FORWARDBASE DIRECTIONAL LIGHTPROBE_SH
Platform defines: UNITY_ENABLE_REFLECTION_BUFFERS UNITY_NO_SCREENSPACE_SHADOWS UNITY_PBS_USE_BRDF3 UNITY_SPECCUBE_BOX_PROJECTION SHADER_API_DESKTOP UNITY_COLORSPACE_GAMMA UNITY_LIGHTMAP_RGBM_ENCODING
  api=4 type=0 insize=5895 outsize=1810 kw=UNITY_PASS_FORWARDBASE DIRECTIONAL LIGHTPROBE_SH pd=UNITY_ENABLE_REFLECTION_BUFFERS UNITY_NO_SCREENSPACE_SHADOWS UNITY_PBS_USE_BRDF3 UNITY_SPECCUBE_BOX_PROJECTION SHADER_API_DESKTOP UNITY_COLORSPACE_GAMMA UNITY_LIGHTMAP_RGBM_ENCODING ok=1
Cmd: compileSnippet
  api=4 type=1 insize=5895 outsize=2670 kw=UNITY_PASS_FORWARDBASE DIRECTIONAL LIGHTPROBE_SH pd=UNITY_ENABLE_REFLECTION_BUFFERS UNITY_NO_SCREENSPACE_SHADOWS UNITY_PBS_USE_BRDF3 UNITY_SPECCUBE_BOX_PROJECTION SHADER_API_DESKTOP UNITY_COLORSPACE_GAMMA UNITY_LIGHTMAP_RGBM_ENCODING ok=1
Cmd: preprocess
  insize=7391 outsize=1581 ok=1
Cmd: compileSnippet
  error: 1 plat 4 at (73): Output value 'vert' is not completely initialized\nCompiling Vertex program with UNITY_PASS_FORWARDBASE DIRECTIONAL
Platform defines: UNITY_ENABLE_REFLECTION_BUFFERS UNITY_USE_DITHER_MASK_FOR_ALPHABLENDED_SHADOWS UNITY_PBS_USE_BRDF1 UNITY_SPECCUBE_BOX_PROJECTION UNITY_SPECCUBE_BLENDING UNITY_ENABLE_DETAIL_NORMALMAP SHADER_API_DESKTOP UNITY_COLORSPACE_GAMMA UNITY_LIGHT_PROBE_PROXY_VOLUME UNITY_LIGHTMAP_RGBM_ENCODING
  api=4 type=0 insize=5893 outsize=1810 kw=UNITY_PASS_FORWARDBASE DIRECTIONAL pd=UNITY_ENABLE_REFLECTION_BUFFERS UNITY_USE_DITHER_MASK_FOR_ALPHABLENDED_SHADOWS UNITY_PBS_USE_BRDF1 UNITY_SPECCUBE_BOX_PROJECTION UNITY_SPECCUBE_BLENDING UNITY_ENABLE_DETAIL_NORMALMAP SHADER_API_DESKTOP UNITY_COLORSPACE_GAMMA UNITY_LIGHT_PROBE_PROXY_VOLUME UNITY_LIGHTMAP_RGBM_ENCODING ok=1
Cmd: compileSnippet
  api=4 type=1 insize=5893 outsize=3266 kw=UNITY_PASS_FORWARDBASE DIRECTIONAL pd=UNITY_ENABLE_REFLECTION_BUFFERS UNITY_USE_DITHER_MASK_FOR_ALPHABLENDED_SHADOWS UNITY_PBS_USE_BRDF1 UNITY_SPECCUBE_BOX_PROJECTION UNITY_SPECCUBE_BLENDING UNITY_ENABLE_DETAIL_NORMALMAP SHADER_API_DESKTOP UNITY_COLORSPACE_GAMMA UNITY_LIGHT_PROBE_PROXY_VOLUME UNITY_LIGHTMAP_RGBM_ENCODING ok=1
Cmd: compileSnippet
  api=4 type=0 insize=5893 outsize=2030 kw=UNITY_PASS_FORWARDBASE DIRECTIONAL SHADOWS_SCREEN LIGHTMAP_ON LIGHTMAP_SHADOW_MIXING pd=UNITY_ENABLE_REFLECTION_BUFFERS UNITY_NO_SCREENSPACE_SHADOWS UNITY_PBS_USE_BRDF3 UNITY_SPECCUBE_BOX_PROJECTION SHADER_API_DESKTOP UNITY_COLORSPACE_GAMMA UNITY_LIGHTMAP_RGBM_ENCODING ok=1
Cmd: compileSnippet
  api=4 type=1 insize=5893 outsize=2862 kw=UNITY_PASS_FORWARDBASE DIRECTIONAL SHADOWS_SCREEN LIGHTMAP_ON LIGHTMAP_SHADOW_MIXING pd=UNITY_ENABLE_REFLECTION_BUFFERS UNITY_NO_SCREENSPACE_SHADOWS UNITY_PBS_USE_BRDF3 UNITY_SPECCUBE_BOX_PROJECTION SHADER_API_DESKTOP UNITY_COLORSPACE_GAMMA UNITY_LIGHTMAP_RGBM_ENCODING ok=1
Cmd: compileSnippet
  error: 1 plat 4 at (73): Output value 'vert' is not completely initialized\nCompiling Vertex program with UNITY_PASS_FORWARDBASE DIRECTIONAL
Platform defines: UNITY_ENABLE_REFLECTION_BUFFERS UNITY_NO_SCREENSPACE_SHADOWS UNITY_PBS_USE_BRDF3 UNITY_SPECCUBE_BOX_PROJECTION SHADER_API_DESKTOP UNITY_COLORSPACE_GAMMA UNITY_LIGHTMAP_RGBM_ENCODING
  api=4 type=0 insize=5893 outsize=1810 kw=UNITY_PASS_FORWARDBASE DIRECTIONAL pd=UNITY_ENABLE_REFLECTION_BUFFERS UNITY_NO_SCREENSPACE_SHADOWS UNITY_PBS_USE_BRDF3 UNITY_SPECCUBE_BOX_PROJECTION SHADER_API_DESKTOP UNITY_COLORSPACE_GAMMA UNITY_LIGHTMAP_RGBM_ENCODING ok=1
Cmd: compileSnippet
  api=4 type=1 insize=5893 outsize=2670 kw=UNITY_PASS_FORWARDBASE DIRECTIONAL pd=UNITY_ENABLE_REFLECTION_BUFFERS UNITY_NO_SCREENSPACE_SHADOWS UNITY_PBS_USE_BRDF3 UNITY_SPECCUBE_BOX_PROJECTION SHADER_API_DESKTOP UNITY_COLORSPACE_GAMMA UNITY_LIGHTMAP_RGBM_ENCODING ok=1
Cmd: compileSnippet
  error: 1 plat 4 at (73): Output value 'vert' is not completely initialized\nCompiling Vertex program with UNITY_PASS_FORWARDBASE DIRECTIONAL LIGHTPROBE_SH
Platform defines: UNITY_ENABLE_REFLECTION_BUFFERS UNITY_NO_SCREENSPACE_SHADOWS UNITY_PBS_USE_BRDF3 UNITY_SPECCUBE_BOX_PROJECTION SHADER_API_DESKTOP UNITY_COLORSPACE_GAMMA UNITY_LIGHTMAP_RGBM_ENCODING
  api=4 type=0 insize=5893 outsize=1810 kw=UNITY_PASS_FORWARDBASE DIRECTIONAL LIGHTPROBE_SH pd=UNITY_ENABLE_REFLECTION_BUFFERS UNITY_NO_SCREENSPACE_SHADOWS UNITY_PBS_USE_BRDF3 UNITY_SPECCUBE_BOX_PROJECTION SHADER_API_DESKTOP UNITY_COLORSPACE_GAMMA UNITY_LIGHTMAP_RGBM_ENCODING ok=1
Cmd: compileSnippet
  api=4 type=1 insize=5893 outsize=2670 kw=UNITY_PASS_FORWARDBASE DIRECTIONAL LIGHTPROBE_SH pd=UNITY_ENABLE_REFLECTION_BUFFERS UNITY_NO_SCREENSPACE_SHADOWS UNITY_PBS_USE_BRDF3 UNITY_SPECCUBE_BOX_PROJECTION SHADER_API_DESKTOP UNITY_COLORSPACE_GAMMA UNITY_LIGHTMAP_RGBM_ENCODING ok=1
Cmd: preprocess
  insize=7392 outsize=1581 ok=1
Cmd: compileSnippet
  error: 1 plat 4 at (73): Output value 'vert' is not completely initialized\nCompiling Vertex program with UNITY_PASS_FORWARDBASE DIRECTIONAL
Platform defines: UNITY_ENABLE_REFLECTION_BUFFERS UNITY_USE_DITHER_MASK_FOR_ALPHABLENDED_SHADOWS UNITY_PBS_USE_BRDF1 UNITY_SPECCUBE_BOX_PROJECTION UNITY_SPECCUBE_BLENDING UNITY_ENABLE_DETAIL_NORMALMAP SHADER_API_DESKTOP UNITY_COLORSPACE_GAMMA UNITY_LIGHT_PROBE_PROXY_VOLUME UNITY_LIGHTMAP_RGBM_ENCODING
  api=4 type=0 insize=5894 outsize=1810 kw=UNITY_PASS_FORWARDBASE DIRECTIONAL pd=UNITY_ENABLE_REFLECTION_BUFFERS UNITY_USE_DITHER_MASK_FOR_ALPHABLENDED_SHADOWS UNITY_PBS_USE_BRDF1 UNITY_SPECCUBE_BOX_PROJECTION UNITY_SPECCUBE_BLENDING UNITY_ENABLE_DETAIL_NORMALMAP SHADER_API_DESKTOP UNITY_COLORSPACE_GAMMA UNITY_LIGHT_PROBE_PROXY_VOLUME UNITY_LIGHTMAP_RGBM_ENCODING ok=1
Cmd: compileSnippet
  api=4 type=1 insize=5894 outsize=3266 kw=UNITY_PASS_FORWARDBASE DIRECTIONAL pd=UNITY_ENABLE_REFLECTION_BUFFERS UNITY_USE_DITHER_MASK_FOR_ALPHABLENDED_SHADOWS UNITY_PBS_USE_BRDF1 UNITY_SPECCUBE_BOX_PROJECTION UNITY_SPECCUBE_BLENDING UNITY_ENABLE_DETAIL_NORMALMAP SHADER_API_DESKTOP UNITY_COLORSPACE_GAMMA UNITY_LIGHT_PROBE_PROXY_VOLUME UNITY_LIGHTMAP_RGBM_ENCODING ok=1
Cmd: compileSnippet
  api=4 type=0 insize=5894 outsize=2030 kw=UNITY_PASS_FORWARDBASE DIRECTIONAL SHADOWS_SCREEN LIGHTMAP_ON LIGHTMAP_SHADOW_MIXING pd=UNITY_ENABLE_REFLECTION_BUFFERS UNITY_NO_SCREENSPACE_SHADOWS UNITY_PBS_USE_BRDF3 UNITY_SPECCUBE_BOX_PROJECTION SHADER_API_DESKTOP UNITY_COLORSPACE_GAMMA UNITY_LIGHTMAP_RGBM_ENCODING ok=1
Cmd: compileSnippet
  api=4 type=1 insize=5894 outsize=2862 kw=UNITY_PASS_FORWARDBASE DIRECTIONAL SHADOWS_SCREEN LIGHTMAP_ON LIGHTMAP_SHADOW_MIXING pd=UNITY_ENABLE_REFLECTION_BUFFERS UNITY_NO_SCREENSPACE_SHADOWS UNITY_PBS_USE_BRDF3 UNITY_SPECCUBE_BOX_PROJECTION SHADER_API_DESKTOP UNITY_COLORSPACE_GAMMA UNITY_LIGHTMAP_RGBM_ENCODING ok=1
Cmd: compileSnippet
  error: 1 plat 4 at (73): Output value 'vert' is not completely initialized\nCompiling Vertex program with UNITY_PASS_FORWARDBASE DIRECTIONAL LIGHTMAP_ON LIGHTMAP_SHADOW_MIXING
Platform defines: UNITY_ENABLE_REFLECTION_BUFFERS UNITY_NO_SCREENSPACE_SHADOWS UNITY_PBS_USE_BRDF3 UNITY_SPECCUBE_BOX_PROJECTION SHADER_API_DESKTOP UNITY_COLORSPACE_GAMMA UNITY_LIGHTMAP_RGBM_ENCODING
  api=4 type=0 insize=5894 outsize=1810 kw=UNITY_PASS_FORWARDBASE DIRECTIONAL LIGHTMAP_ON LIGHTMAP_SHADOW_MIXING pd=UNITY_ENABLE_REFLECTION_BUFFERS UNITY_NO_SCREENSPACE_SHADOWS UNITY_PBS_USE_BRDF3 UNITY_SPECCUBE_BOX_PROJECTION SHADER_API_DESKTOP UNITY_COLORSPACE_GAMMA UNITY_LIGHTMAP_RGBM_ENCODING ok=1
Cmd: compileSnippet
  api=4 type=1 insize=5894 outsize=2670 kw=UNITY_PASS_FORWARDBASE DIRECTIONAL LIGHTMAP_ON LIGHTMAP_SHADOW_MIXING pd=UNITY_ENABLE_REFLECTION_BUFFERS UNITY_NO_SCREENSPACE_SHADOWS UNITY_PBS_USE_BRDF3 UNITY_SPECCUBE_BOX_PROJECTION SHADER_API_DESKTOP UNITY_COLORSPACE_GAMMA UNITY_LIGHTMAP_RGBM_ENCODING ok=1
Cmd: preprocess
  insize=7285 outsize=1581 ok=1
Cmd: compileSnippet
  error: 1 plat 4 at (73): Output value 'vert' is not completely initialized\nCompiling Vertex program with UNITY_PASS_FORWARDBASE DIRECTIONAL
Platform defines: UNITY_ENABLE_REFLECTION_BUFFERS UNITY_USE_DITHER_MASK_FOR_ALPHABLENDED_SHADOWS UNITY_PBS_USE_BRDF1 UNITY_SPECCUBE_BOX_PROJECTION UNITY_SPECCUBE_BLENDING UNITY_ENABLE_DETAIL_NORMALMAP SHADER_API_DESKTOP UNITY_COLORSPACE_GAMMA UNITY_LIGHT_PROBE_PROXY_VOLUME UNITY_LIGHTMAP_RGBM_ENCODING
  api=4 type=0 insize=5787 outsize=1810 kw=UNITY_PASS_FORWARDBASE DIRECTIONAL pd=UNITY_ENABLE_REFLECTION_BUFFERS UNITY_USE_DITHER_MASK_FOR_ALPHABLENDED_SHADOWS UNITY_PBS_USE_BRDF1 UNITY_SPECCUBE_BOX_PROJECTION UNITY_SPECCUBE_BLENDING UNITY_ENABLE_DETAIL_NORMALMAP SHADER_API_DESKTOP UNITY_COLORSPACE_GAMMA UNITY_LIGHT_PROBE_PROXY_VOLUME UNITY_LIGHTMAP_RGBM_ENCODING ok=1
Cmd: compileSnippet
  api=4 type=1 insize=5787 outsize=3266 kw=UNITY_PASS_FORWARDBASE DIRECTIONAL pd=UNITY_ENABLE_REFLECTION_BUFFERS UNITY_USE_DITHER_MASK_FOR_ALPHABLENDED_SHADOWS UNITY_PBS_USE_BRDF1 UNITY_SPECCUBE_BOX_PROJECTION UNITY_SPECCUBE_BLENDING UNITY_ENABLE_DETAIL_NORMALMAP SHADER_API_DESKTOP UNITY_COLORSPACE_GAMMA UNITY_LIGHT_PROBE_PROXY_VOLUME UNITY_LIGHTMAP_RGBM_ENCODING ok=1
Cmd: compileSnippet
  api=4 type=0 insize=5787 outsize=2030 kw=UNITY_PASS_FORWARDBASE DIRECTIONAL SHADOWS_SCREEN LIGHTMAP_ON LIGHTMAP_SHADOW_MIXING pd=UNITY_ENABLE_REFLECTION_BUFFERS UNITY_NO_SCREENSPACE_SHADOWS UNITY_PBS_USE_BRDF3 UNITY_SPECCUBE_BOX_PROJECTION SHADER_API_DESKTOP UNITY_COLORSPACE_GAMMA UNITY_LIGHTMAP_RGBM_ENCODING ok=1
Cmd: compileSnippet
  api=4 type=1 insize=5787 outsize=2862 kw=UNITY_PASS_FORWARDBASE DIRECTIONAL SHADOWS_SCREEN LIGHTMAP_ON LIGHTMAP_SHADOW_MIXING pd=UNITY_ENABLE_REFLECTION_BUFFERS UNITY_NO_SCREENSPACE_SHADOWS UNITY_PBS_USE_BRDF3 UNITY_SPECCUBE_BOX_PROJECTION SHADER_API_DESKTOP UNITY_COLORSPACE_GAMMA UNITY_LIGHTMAP_RGBM_ENCODING ok=1
Cmd: compileSnippet
  error: 1 plat 4 at (73): Output value 'vert' is not completely initialized\nCompiling Vertex program with UNITY_PASS_FORWARDBASE DIRECTIONAL
Platform defines: UNITY_ENABLE_REFLECTION_BUFFERS UNITY_NO_SCREENSPACE_SHADOWS UNITY_PBS_USE_BRDF3 UNITY_SPECCUBE_BOX_PROJECTION SHADER_API_DESKTOP UNITY_COLORSPACE_GAMMA UNITY_LIGHTMAP_RGBM_ENCODING
  api=4 type=0 insize=5787 outsize=1810 kw=UNITY_PASS_FORWARDBASE DIRECTIONAL pd=UNITY_ENABLE_REFLECTION_BUFFERS UNITY_NO_SCREENSPACE_SHADOWS UNITY_PBS_USE_BRDF3 UNITY_SPECCUBE_BOX_PROJECTION SHADER_API_DESKTOP UNITY_COLORSPACE_GAMMA UNITY_LIGHTMAP_RGBM_ENCODING ok=1
Cmd: compileSnippet
  api=4 type=1 insize=5787 outsize=2670 kw=UNITY_PASS_FORWARDBASE DIRECTIONAL pd=UNITY_ENABLE_REFLECTION_BUFFERS UNITY_NO_SCREENSPACE_SHADOWS UNITY_PBS_USE_BRDF3 UNITY_SPECCUBE_BOX_PROJECTION SHADER_API_DESKTOP UNITY_COLORSPACE_GAMMA UNITY_LIGHTMAP_RGBM_ENCODING ok=1
Cmd: compileSnippet
  error: 1 plat 4 at (73): Output value 'vert' is not completely initialized\nCompiling Vertex program with UNITY_PASS_FORWARDBASE DIRECTIONAL LIGHTPROBE_SH
Platform defines: UNITY_ENABLE_REFLECTION_BUFFERS UNITY_NO_SCREENSPACE_SHADOWS UNITY_PBS_USE_BRDF3 UNITY_SPECCUBE_BOX_PROJECTION SHADER_API_DESKTOP UNITY_COLORSPACE_GAMMA UNITY_LIGHTMAP_RGBM_ENCODING
  api=4 type=0 insize=5787 outsize=1810 kw=UNITY_PASS_FORWARDBASE DIRECTIONAL LIGHTPROBE_SH pd=UNITY_ENABLE_REFLECTION_BUFFERS UNITY_NO_SCREENSPACE_SHADOWS UNITY_PBS_USE_BRDF3 UNITY_SPECCUBE_BOX_PROJECTION SHADER_API_DESKTOP UNITY_COLORSPACE_GAMMA UNITY_LIGHTMAP_RGBM_ENCODING ok=1
Cmd: compileSnippet
  api=4 type=1 insize=5787 outsize=2670 kw=UNITY_PASS_FORWARDBASE DIRECTIONAL LIGHTPROBE_SH pd=UNITY_ENABLE_REFLECTION_BUFFERS UNITY_NO_SCREENSPACE_SHADOWS UNITY_PBS_USE_BRDF3 UNITY_SPECCUBE_BOX_PROJECTION SHADER_API_DESKTOP UNITY_COLORSPACE_GAMMA UNITY_LIGHTMAP_RGBM_ENCODING ok=1
Cmd: compileSnippet
  error: 1 plat 4 at (73): Output value 'vert' is not completely initialized\nCompiling Vertex program with UNITY_PASS_FORWARDBASE DIRECTIONAL LIGHTMAP_ON LIGHTMAP_SHADOW_MIXING
Platform defines: UNITY_ENABLE_REFLECTION_BUFFERS UNITY_NO_SCREENSPACE_SHADOWS UNITY_PBS_USE_BRDF3 UNITY_SPECCUBE_BOX_PROJECTION SHADER_API_DESKTOP UNITY_COLORSPACE_GAMMA UNITY_LIGHTMAP_RGBM_ENCODING
  api=4 type=0 insize=5787 outsize=1810 kw=UNITY_PASS_FORWARDBASE DIRECTIONAL LIGHTMAP_ON LIGHTMAP_SHADOW_MIXING pd=UNITY_ENABLE_REFLECTION_BUFFERS UNITY_NO_SCREENSPACE_SHADOWS UNITY_PBS_USE_BRDF3 UNITY_SPECCUBE_BOX_PROJECTION SHADER_API_DESKTOP UNITY_COLORSPACE_GAMMA UNITY_LIGHTMAP_RGBM_ENCODING ok=1
Cmd: compileSnippet
  api=4 type=1 insize=5787 outsize=2670 kw=UNITY_PASS_FORWARDBASE DIRECTIONAL LIGHTMAP_ON LIGHTMAP_SHADOW_MIXING pd=UNITY_ENABLE_REFLECTION_BUFFERS UNITY_NO_SCREENSPACE_SHADOWS UNITY_PBS_USE_BRDF3 UNITY_SPECCUBE_BOX_PROJECTION SHADER_API_DESKTOP UNITY_COLORSPACE_GAMMA UNITY_LIGHTMAP_RGBM_ENCODING ok=1
Cmd: compileSnippet
  error: 1 plat 4 at (73): Output value 'vert' is not completely initialized\nCompiling Vertex program with UNITY_PASS_FORWARDBASE DIRECTIONAL SHADOWS_SCREEN LIGHTMAP_SHADOW_MIXING LIGHTPROBE_SH
Platform defines: UNITY_ENABLE_REFLECTION_BUFFERS UNITY_NO_SCREENSPACE_SHADOWS UNITY_PBS_USE_BRDF3 UNITY_SPECCUBE_BOX_PROJECTION SHADER_API_DESKTOP UNITY_COLORSPACE_GAMMA UNITY_LIGHTMAP_RGBM_ENCODING
  api=4 type=0 insize=5787 outsize=1810 kw=UNITY_PASS_FORWARDBASE DIRECTIONAL SHADOWS_SCREEN LIGHTMAP_SHADOW_MIXING LIGHTPROBE_SH pd=UNITY_ENABLE_REFLECTION_BUFFERS UNITY_NO_SCREENSPACE_SHADOWS UNITY_PBS_USE_BRDF3 UNITY_SPECCUBE_BOX_PROJECTION SHADER_API_DESKTOP UNITY_COLORSPACE_GAMMA UNITY_LIGHTMAP_RGBM_ENCODING ok=1
Cmd: compileSnippet
  api=4 type=1 insize=5787 outsize=3338 kw=UNITY_PASS_FORWARDBASE DIRECTIONAL SHADOWS_SCREEN LIGHTMAP_SHADOW_MIXING LIGHTPROBE_SH pd=UNITY_ENABLE_REFLECTION_BUFFERS UNITY_NO_SCREENSPACE_SHADOWS UNITY_PBS_USE_BRDF3 UNITY_SPECCUBE_BOX_PROJECTION SHADER_API_DESKTOP UNITY_COLORSPACE_GAMMA UNITY_LIGHTMAP_RGBM_ENCODING ok=1
Cmd: preprocess
  insize=7289 outsize=1581 ok=1
Cmd: compileSnippet
  error: 1 plat 4 at (73): Output value 'vert' is not completely initialized\nCompiling Vertex program with UNITY_PASS_FORWARDBASE DIRECTIONAL
Platform defines: UNITY_ENABLE_REFLECTION_BUFFERS UNITY_USE_DITHER_MASK_FOR_ALPHABLENDED_SHADOWS UNITY_PBS_USE_BRDF1 UNITY_SPECCUBE_BOX_PROJECTION UNITY_SPECCUBE_BLENDING UNITY_ENABLE_DETAIL_NORMALMAP SHADER_API_DESKTOP UNITY_COLORSPACE_GAMMA UNITY_LIGHT_PROBE_PROXY_VOLUME UNITY_LIGHTMAP_RGBM_ENCODING
  api=4 type=0 insize=5791 outsize=1810 kw=UNITY_PASS_FORWARDBASE DIRECTIONAL pd=UNITY_ENABLE_REFLECTION_BUFFERS UNITY_USE_DITHER_MASK_FOR_ALPHABLENDED_SHADOWS UNITY_PBS_USE_BRDF1 UNITY_SPECCUBE_BOX_PROJECTION UNITY_SPECCUBE_BLENDING UNITY_ENABLE_DETAIL_NORMALMAP SHADER_API_DESKTOP UNITY_COLORSPACE_GAMMA UNITY_LIGHT_PROBE_PROXY_VOLUME UNITY_LIGHTMAP_RGBM_ENCODING ok=1
Cmd: compileSnippet
  api=4 type=1 insize=5791 outsize=3266 kw=UNITY_PASS_FORWARDBASE DIRECTIONAL pd=UNITY_ENABLE_REFLECTION_BUFFERS UNITY_USE_DITHER_MASK_FOR_ALPHABLENDED_SHADOWS UNITY_PBS_USE_BRDF1 UNITY_SPECCUBE_BOX_PROJECTION UNITY_SPECCUBE_BLENDING UNITY_ENABLE_DETAIL_NORMALMAP SHADER_API_DESKTOP UNITY_COLORSPACE_GAMMA UNITY_LIGHT_PROBE_PROXY_VOLUME UNITY_LIGHTMAP_RGBM_ENCODING ok=1
Cmd: compileSnippet
  error: 1 plat 4 at (73): Output value 'vert' is not completely initialized\nCompiling Vertex program with UNITY_PASS_FORWARDBASE DIRECTIONAL SHADOWS_SCREEN LIGHTMAP_SHADOW_MIXING LIGHTPROBE_SH
Platform defines: UNITY_ENABLE_REFLECTION_BUFFERS UNITY_NO_SCREENSPACE_SHADOWS UNITY_PBS_USE_BRDF3 UNITY_SPECCUBE_BOX_PROJECTION SHADER_API_DESKTOP UNITY_COLORSPACE_GAMMA UNITY_LIGHTMAP_RGBM_ENCODING
  api=4 type=0 insize=5791 outsize=1810 kw=UNITY_PASS_FORWARDBASE DIRECTIONAL SHADOWS_SCREEN LIGHTMAP_SHADOW_MIXING LIGHTPROBE_SH pd=UNITY_ENABLE_REFLECTION_BUFFERS UNITY_NO_SCREENSPACE_SHADOWS UNITY_PBS_USE_BRDF3 UNITY_SPECCUBE_BOX_PROJECTION SHADER_API_DESKTOP UNITY_COLORSPACE_GAMMA UNITY_LIGHTMAP_RGBM_ENCODING ok=1
Cmd: compileSnippet
  api=4 type=1 insize=5791 outsize=3338 kw=UNITY_PASS_FORWARDBASE DIRECTIONAL SHADOWS_SCREEN LIGHTMAP_SHADOW_MIXING LIGHTPROBE_SH pd=UNITY_ENABLE_REFLECTION_BUFFERS UNITY_NO_SCREENSPACE_SHADOWS UNITY_PBS_USE_BRDF3 UNITY_SPECCUBE_BOX_PROJECTION SHADER_API_DESKTOP UNITY_COLORSPACE_GAMMA UNITY_LIGHTMAP_RGBM_ENCODING ok=1
Cmd: compileSnippet
  api=4 type=0 insize=5791 outsize=2030 kw=UNITY_PASS_FORWARDBASE DIRECTIONAL SHADOWS_SCREEN LIGHTMAP_ON LIGHTMAP_SHADOW_MIXING pd=UNITY_ENABLE_REFLECTION_BUFFERS UNITY_NO_SCREENSPACE_SHADOWS UNITY_PBS_USE_BRDF3 UNITY_SPECCUBE_BOX_PROJECTION SHADER_API_DESKTOP UNITY_COLORSPACE_GAMMA UNITY_LIGHTMAP_RGBM_ENCODING ok=1
Cmd: compileSnippet
  api=4 type=1 insize=5791 outsize=2862 kw=UNITY_PASS_FORWARDBASE DIRECTIONAL SHADOWS_SCREEN LIGHTMAP_ON LIGHTMAP_SHADOW_MIXING pd=UNITY_ENABLE_REFLECTION_BUFFERS UNITY_NO_SCREENSPACE_SHADOWS UNITY_PBS_USE_BRDF3 UNITY_SPECCUBE_BOX_PROJECTION SHADER_API_DESKTOP UNITY_COLORSPACE_GAMMA UNITY_LIGHTMAP_RGBM_ENCODING ok=1
Cmd: compileSnippet
  error: 1 plat 4 at (73): Output value 'vert' is not completely initialized\nCompiling Vertex program with UNITY_PASS_FORWARDBASE DIRECTIONAL
Platform defines: UNITY_ENABLE_REFLECTION_BUFFERS UNITY_NO_SCREENSPACE_SHADOWS UNITY_PBS_USE_BRDF3 UNITY_SPECCUBE_BOX_PROJECTION SHADER_API_DESKTOP UNITY_COLORSPACE_GAMMA UNITY_LIGHTMAP_RGBM_ENCODING
  api=4 type=0 insize=5791 outsize=1810 kw=UNITY_PASS_FORWARDBASE DIRECTIONAL pd=UNITY_ENABLE_REFLECTION_BUFFERS UNITY_NO_SCREENSPACE_SHADOWS UNITY_PBS_USE_BRDF3 UNITY_SPECCUBE_BOX_PROJECTION SHADER_API_DESKTOP UNITY_COLORSPACE_GAMMA UNITY_LIGHTMAP_RGBM_ENCODING ok=1
Cmd: compileSnippet
  api=4 type=1 insize=5791 outsize=2670 kw=UNITY_PASS_FORWARDBASE DIRECTIONAL pd=UNITY_ENABLE_REFLECTION_BUFFERS UNITY_NO_SCREENSPACE_SHADOWS UNITY_PBS_USE_BRDF3 UNITY_SPECCUBE_BOX_PROJECTION SHADER_API_DESKTOP UNITY_COLORSPACE_GAMMA UNITY_LIGHTMAP_RGBM_ENCODING ok=1
Cmd: compileSnippet
  error: 1 plat 4 at (73): Output value 'vert' is not completely initialized\nCompiling Vertex program with UNITY_PASS_FORWARDBASE DIRECTIONAL LIGHTPROBE_SH
Platform defines: UNITY_ENABLE_REFLECTION_BUFFERS UNITY_NO_SCREENSPACE_SHADOWS UNITY_PBS_USE_BRDF3 UNITY_SPECCUBE_BOX_PROJECTION SHADER_API_DESKTOP UNITY_COLORSPACE_GAMMA UNITY_LIGHTMAP_RGBM_ENCODING
  api=4 type=0 insize=5791 outsize=1810 kw=UNITY_PASS_FORWARDBASE DIRECTIONAL LIGHTPROBE_SH pd=UNITY_ENABLE_REFLECTION_BUFFERS UNITY_NO_SCREENSPACE_SHADOWS UNITY_PBS_USE_BRDF3 UNITY_SPECCUBE_BOX_PROJECTION SHADER_API_DESKTOP UNITY_COLORSPACE_GAMMA UNITY_LIGHTMAP_RGBM_ENCODING ok=1
Cmd: compileSnippet
  api=4 type=1 insize=5791 outsize=2670 kw=UNITY_PASS_FORWARDBASE DIRECTIONAL LIGHTPROBE_SH pd=UNITY_ENABLE_REFLECTION_BUFFERS UNITY_NO_SCREENSPACE_SHADOWS UNITY_PBS_USE_BRDF3 UNITY_SPECCUBE_BOX_PROJECTION SHADER_API_DESKTOP UNITY_COLORSPACE_GAMMA UNITY_LIGHTMAP_RGBM_ENCODING ok=1
Cmd: preprocess
  insize=7290 outsize=1581 ok=1
Cmd: compileSnippet
  error: 1 plat 4 at (73): Output value 'vert' is not completely initialized\nCompiling Vertex program with UNITY_PASS_FORWARDBASE DIRECTIONAL
Platform defines: UNITY_ENABLE_REFLECTION_BUFFERS UNITY_USE_DITHER_MASK_FOR_ALPHABLENDED_SHADOWS UNITY_PBS_USE_BRDF1 UNITY_SPECCUBE_BOX_PROJECTION UNITY_SPECCUBE_BLENDING UNITY_ENABLE_DETAIL_NORMALMAP SHADER_API_DESKTOP UNITY_COLORSPACE_GAMMA UNITY_LIGHT_PROBE_PROXY_VOLUME UNITY_LIGHTMAP_RGBM_ENCODING
  api=4 type=0 insize=5792 outsize=1810 kw=UNITY_PASS_FORWARDBASE DIRECTIONAL pd=UNITY_ENABLE_REFLECTION_BUFFERS UNITY_USE_DITHER_MASK_FOR_ALPHABLENDED_SHADOWS UNITY_PBS_USE_BRDF1 UNITY_SPECCUBE_BOX_PROJECTION UNITY_SPECCUBE_BLENDING UNITY_ENABLE_DETAIL_NORMALMAP SHADER_API_DESKTOP UNITY_COLORSPACE_GAMMA UNITY_LIGHT_PROBE_PROXY_VOLUME UNITY_LIGHTMAP_RGBM_ENCODING ok=1
Cmd: compileSnippet
  api=4 type=1 insize=5792 outsize=3266 kw=UNITY_PASS_FORWARDBASE DIRECTIONAL pd=UNITY_ENABLE_REFLECTION_BUFFERS UNITY_USE_DITHER_MASK_FOR_ALPHABLENDED_SHADOWS UNITY_PBS_USE_BRDF1 UNITY_SPECCUBE_BOX_PROJECTION UNITY_SPECCUBE_BLENDING UNITY_ENABLE_DETAIL_NORMALMAP SHADER_API_DESKTOP UNITY_COLORSPACE_GAMMA UNITY_LIGHT_PROBE_PROXY_VOLUME UNITY_LIGHTMAP_RGBM_ENCODING ok=1
Cmd: compileSnippet
  error: 1 plat 4 at (73): Output value 'vert' is not completely initialized\nCompiling Vertex program with UNITY_PASS_FORWARDBASE DIRECTIONAL SHADOWS_SCREEN LIGHTMAP_SHADOW_MIXING LIGHTPROBE_SH
Platform defines: UNITY_ENABLE_REFLECTION_BUFFERS UNITY_NO_SCREENSPACE_SHADOWS UNITY_PBS_USE_BRDF3 UNITY_SPECCUBE_BOX_PROJECTION SHADER_API_DESKTOP UNITY_COLORSPACE_GAMMA UNITY_LIGHTMAP_RGBM_ENCODING
  api=4 type=0 insize=5792 outsize=1810 kw=UNITY_PASS_FORWARDBASE DIRECTIONAL SHADOWS_SCREEN LIGHTMAP_SHADOW_MIXING LIGHTPROBE_SH pd=UNITY_ENABLE_REFLECTION_BUFFERS UNITY_NO_SCREENSPACE_SHADOWS UNITY_PBS_USE_BRDF3 UNITY_SPECCUBE_BOX_PROJECTION SHADER_API_DESKTOP UNITY_COLORSPACE_GAMMA UNITY_LIGHTMAP_RGBM_ENCODING ok=1
Cmd: compileSnippet
  api=4 type=1 insize=5792 outsize=3338 kw=UNITY_PASS_FORWARDBASE DIRECTIONAL SHADOWS_SCREEN LIGHTMAP_SHADOW_MIXING LIGHTPROBE_SH pd=UNITY_ENABLE_REFLECTION_BUFFERS UNITY_NO_SCREENSPACE_SHADOWS UNITY_PBS_USE_BRDF3 UNITY_SPECCUBE_BOX_PROJECTION SHADER_API_DESKTOP UNITY_COLORSPACE_GAMMA UNITY_LIGHTMAP_RGBM_ENCODING ok=1
Cmd: compileSnippet
  api=4 type=0 insize=5792 outsize=2030 kw=UNITY_PASS_FORWARDBASE DIRECTIONAL SHADOWS_SCREEN LIGHTMAP_ON LIGHTMAP_SHADOW_MIXING pd=UNITY_ENABLE_REFLECTION_BUFFERS UNITY_NO_SCREENSPACE_SHADOWS UNITY_PBS_USE_BRDF3 UNITY_SPECCUBE_BOX_PROJECTION SHADER_API_DESKTOP UNITY_COLORSPACE_GAMMA UNITY_LIGHTMAP_RGBM_ENCODING ok=1
Cmd: compileSnippet
  api=4 type=1 insize=5792 outsize=2862 kw=UNITY_PASS_FORWARDBASE DIRECTIONAL SHADOWS_SCREEN LIGHTMAP_ON LIGHTMAP_SHADOW_MIXING pd=UNITY_ENABLE_REFLECTION_BUFFERS UNITY_NO_SCREENSPACE_SHADOWS UNITY_PBS_USE_BRDF3 UNITY_SPECCUBE_BOX_PROJECTION SHADER_API_DESKTOP UNITY_COLORSPACE_GAMMA UNITY_LIGHTMAP_RGBM_ENCODING ok=1
Cmd: compileSnippet
  error: 1 plat 4 at (73): Output value 'vert' is not completely initialized\nCompiling Vertex program with UNITY_PASS_FORWARDBASE DIRECTIONAL
Platform defines: UNITY_ENABLE_REFLECTION_BUFFERS UNITY_NO_SCREENSPACE_SHADOWS UNITY_PBS_USE_BRDF3 UNITY_SPECCUBE_BOX_PROJECTION SHADER_API_DESKTOP UNITY_COLORSPACE_GAMMA UNITY_LIGHTMAP_RGBM_ENCODING
  api=4 type=0 insize=5792 outsize=1810 kw=UNITY_PASS_FORWARDBASE DIRECTIONAL pd=UNITY_ENABLE_REFLECTION_BUFFERS UNITY_NO_SCREENSPACE_SHADOWS UNITY_PBS_USE_BRDF3 UNITY_SPECCUBE_BOX_PROJECTION SHADER_API_DESKTOP UNITY_COLORSPACE_GAMMA UNITY_LIGHTMAP_RGBM_ENCODING ok=1
Cmd: compileSnippet
  api=4 type=1 insize=5792 outsize=2670 kw=UNITY_PASS_FORWARDBASE DIRECTIONAL pd=UNITY_ENABLE_REFLECTION_BUFFERS UNITY_NO_SCREENSPACE_SHADOWS UNITY_PBS_USE_BRDF3 UNITY_SPECCUBE_BOX_PROJECTION SHADER_API_DESKTOP UNITY_COLORSPACE_GAMMA UNITY_LIGHTMAP_RGBM_ENCODING ok=1
Cmd: compileSnippet
  error: 1 plat 4 at (73): Output value 'vert' is not completely initialized\nCompiling Vertex program with UNITY_PASS_FORWARDBASE DIRECTIONAL LIGHTPROBE_SH
Platform defines: UNITY_ENABLE_REFLECTION_BUFFERS UNITY_NO_SCREENSPACE_SHADOWS UNITY_PBS_USE_BRDF3 UNITY_SPECCUBE_BOX_PROJECTION SHADER_API_DESKTOP UNITY_COLORSPACE_GAMMA UNITY_LIGHTMAP_RGBM_ENCODING
  api=4 type=0 insize=5792 outsize=1810 kw=UNITY_PASS_FORWARDBASE DIRECTIONAL LIGHTPROBE_SH pd=UNITY_ENABLE_REFLECTION_BUFFERS UNITY_NO_SCREENSPACE_SHADOWS UNITY_PBS_USE_BRDF3 UNITY_SPECCUBE_BOX_PROJECTION SHADER_API_DESKTOP UNITY_COLORSPACE_GAMMA UNITY_LIGHTMAP_RGBM_ENCODING ok=1
Cmd: compileSnippet
  api=4 type=1 insize=5792 outsize=2670 kw=UNITY_PASS_FORWARDBASE DIRECTIONAL LIGHTPROBE_SH pd=UNITY_ENABLE_REFLECTION_BUFFERS UNITY_NO_SCREENSPACE_SHADOWS UNITY_PBS_USE_BRDF3 UNITY_SPECCUBE_BOX_PROJECTION SHADER_API_DESKTOP UNITY_COLORSPACE_GAMMA UNITY_LIGHTMAP_RGBM_ENCODING ok=1
Cmd: preprocess
  insize=7289 outsize=1581 ok=1
Cmd: preprocess
  insize=6968 outsize=1581 ok=1
Cmd: compileSnippet
  error: 1 plat 4 at (73): Output value 'vert' is not completely initialized\nCompiling Vertex program with UNITY_PASS_FORWARDBASE DIRECTIONAL
Platform defines: UNITY_ENABLE_REFLECTION_BUFFERS UNITY_USE_DITHER_MASK_FOR_ALPHABLENDED_SHADOWS UNITY_PBS_USE_BRDF1 UNITY_SPECCUBE_BOX_PROJECTION UNITY_SPECCUBE_BLENDING UNITY_ENABLE_DETAIL_NORMALMAP SHADER_API_DESKTOP UNITY_COLORSPACE_GAMMA UNITY_LIGHT_PROBE_PROXY_VOLUME UNITY_LIGHTMAP_RGBM_ENCODING
  api=4 type=0 insize=5470 outsize=1810 kw=UNITY_PASS_FORWARDBASE DIRECTIONAL pd=UNITY_ENABLE_REFLECTION_BUFFERS UNITY_USE_DITHER_MASK_FOR_ALPHABLENDED_SHADOWS UNITY_PBS_USE_BRDF1 UNITY_SPECCUBE_BOX_PROJECTION UNITY_SPECCUBE_BLENDING UNITY_ENABLE_DETAIL_NORMALMAP SHADER_API_DESKTOP UNITY_COLORSPACE_GAMMA UNITY_LIGHT_PROBE_PROXY_VOLUME UNITY_LIGHTMAP_RGBM_ENCODING ok=1
Cmd: compileSnippet
  api=4 type=1 insize=5470 outsize=3266 kw=UNITY_PASS_FORWARDBASE DIRECTIONAL pd=UNITY_ENABLE_REFLECTION_BUFFERS UNITY_USE_DITHER_MASK_FOR_ALPHABLENDED_SHADOWS UNITY_PBS_USE_BRDF1 UNITY_SPECCUBE_BOX_PROJECTION UNITY_SPECCUBE_BLENDING UNITY_ENABLE_DETAIL_NORMALMAP SHADER_API_DESKTOP UNITY_COLORSPACE_GAMMA UNITY_LIGHT_PROBE_PROXY_VOLUME UNITY_LIGHTMAP_RGBM_ENCODING ok=1
Cmd: compileSnippet
  api=4 type=0 insize=836 outsize=1050 kw=UNITY_PASS_META pd=UNITY_ENABLE_REFLECTION_BUFFERS UNITY_USE_DITHER_MASK_FOR_ALPHABLENDED_SHADOWS UNITY_PBS_USE_BRDF1 UNITY_SPECCUBE_BOX_PROJECTION UNITY_SPECCUBE_BLENDING UNITY_ENABLE_DETAIL_NORMALMAP SHADER_API_DESKTOP UNITY_COLORSPACE_GAMMA UNITY_LIGHT_PROBE_PROXY_VOLUME UNITY_LIGHTMAP_RGBM_ENCODING ok=1
Cmd: compileSnippet
  api=4 type=1 insize=836 outsize=826 kw=UNITY_PASS_META pd=UNITY_ENABLE_REFLECTION_BUFFERS UNITY_USE_DITHER_MASK_FOR_ALPHABLENDED_SHADOWS UNITY_PBS_USE_BRDF1 UNITY_SPECCUBE_BOX_PROJECTION UNITY_SPECCUBE_BLENDING UNITY_ENABLE_DETAIL_NORMALMAP SHADER_API_DESKTOP UNITY_COLORSPACE_GAMMA UNITY_LIGHT_PROBE_PROXY_VOLUME UNITY_LIGHTMAP_RGBM_ENCODING ok=1
Cmd: compileSnippet
  error: 1 plat 4 at (73): Output value 'vert' is not completely initialized\nCompiling Vertex program with UNITY_PASS_FORWARDBASE DIRECTIONAL SHADOWS_SCREEN LIGHTMAP_SHADOW_MIXING LIGHTPROBE_SH
Platform defines: UNITY_ENABLE_REFLECTION_BUFFERS UNITY_NO_SCREENSPACE_SHADOWS UNITY_PBS_USE_BRDF3 UNITY_SPECCUBE_BOX_PROJECTION SHADER_API_DESKTOP UNITY_COLORSPACE_GAMMA UNITY_LIGHTMAP_RGBM_ENCODING
  api=4 type=0 insize=5470 outsize=1810 kw=UNITY_PASS_FORWARDBASE DIRECTIONAL SHADOWS_SCREEN LIGHTMAP_SHADOW_MIXING LIGHTPROBE_SH pd=UNITY_ENABLE_REFLECTION_BUFFERS UNITY_NO_SCREENSPACE_SHADOWS UNITY_PBS_USE_BRDF3 UNITY_SPECCUBE_BOX_PROJECTION SHADER_API_DESKTOP UNITY_COLORSPACE_GAMMA UNITY_LIGHTMAP_RGBM_ENCODING ok=1
Cmd: compileSnippet
  api=4 type=1 insize=5470 outsize=3338 kw=UNITY_PASS_FORWARDBASE DIRECTIONAL SHADOWS_SCREEN LIGHTMAP_SHADOW_MIXING LIGHTPROBE_SH pd=UNITY_ENABLE_REFLECTION_BUFFERS UNITY_NO_SCREENSPACE_SHADOWS UNITY_PBS_USE_BRDF3 UNITY_SPECCUBE_BOX_PROJECTION SHADER_API_DESKTOP UNITY_COLORSPACE_GAMMA UNITY_LIGHTMAP_RGBM_ENCODING ok=1
Cmd: compileSnippet
  api=4 type=0 insize=5470 outsize=2030 kw=UNITY_PASS_FORWARDBASE DIRECTIONAL SHADOWS_SCREEN LIGHTMAP_ON LIGHTMAP_SHADOW_MIXING pd=UNITY_ENABLE_REFLECTION_BUFFERS UNITY_NO_SCREENSPACE_SHADOWS UNITY_PBS_USE_BRDF3 UNITY_SPECCUBE_BOX_PROJECTION SHADER_API_DESKTOP UNITY_COLORSPACE_GAMMA UNITY_LIGHTMAP_RGBM_ENCODING ok=1
Cmd: compileSnippet
  api=4 type=1 insize=5470 outsize=2862 kw=UNITY_PASS_FORWARDBASE DIRECTIONAL SHADOWS_SCREEN LIGHTMAP_ON LIGHTMAP_SHADOW_MIXING pd=UNITY_ENABLE_REFLECTION_BUFFERS UNITY_NO_SCREENSPACE_SHADOWS UNITY_PBS_USE_BRDF3 UNITY_SPECCUBE_BOX_PROJECTION SHADER_API_DESKTOP UNITY_COLORSPACE_GAMMA UNITY_LIGHTMAP_RGBM_ENCODING ok=1
Cmd: compileSnippet
  error: 1 plat 4 at (73): Output value 'vert' is not completely initialized\nCompiling Vertex program with UNITY_PASS_FORWARDBASE DIRECTIONAL LIGHTMAP_ON LIGHTMAP_SHADOW_MIXING
Platform defines: UNITY_ENABLE_REFLECTION_BUFFERS UNITY_NO_SCREENSPACE_SHADOWS UNITY_PBS_USE_BRDF3 UNITY_SPECCUBE_BOX_PROJECTION SHADER_API_DESKTOP UNITY_COLORSPACE_GAMMA UNITY_LIGHTMAP_RGBM_ENCODING
  api=4 type=0 insize=5470 outsize=1810 kw=UNITY_PASS_FORWARDBASE DIRECTIONAL LIGHTMAP_ON LIGHTMAP_SHADOW_MIXING pd=UNITY_ENABLE_REFLECTION_BUFFERS UNITY_NO_SCREENSPACE_SHADOWS UNITY_PBS_USE_BRDF3 UNITY_SPECCUBE_BOX_PROJECTION SHADER_API_DESKTOP UNITY_COLORSPACE_GAMMA UNITY_LIGHTMAP_RGBM_ENCODING ok=1
Cmd: compileSnippet
  api=4 type=1 insize=5470 outsize=2670 kw=UNITY_PASS_FORWARDBASE DIRECTIONAL LIGHTMAP_ON LIGHTMAP_SHADOW_MIXING pd=UNITY_ENABLE_REFLECTION_BUFFERS UNITY_NO_SCREENSPACE_SHADOWS UNITY_PBS_USE_BRDF3 UNITY_SPECCUBE_BOX_PROJECTION SHADER_API_DESKTOP UNITY_COLORSPACE_GAMMA UNITY_LIGHTMAP_RGBM_ENCODING ok=1
Cmd: compileSnippet
  error: 1 plat 4 at (73): Output value 'vert' is not completely initialized\nCompiling Vertex program with UNITY_PASS_FORWARDBASE DIRECTIONAL LIGHTPROBE_SH
Platform defines: UNITY_ENABLE_REFLECTION_BUFFERS UNITY_NO_SCREENSPACE_SHADOWS UNITY_PBS_USE_BRDF3 UNITY_SPECCUBE_BOX_PROJECTION SHADER_API_DESKTOP UNITY_COLORSPACE_GAMMA UNITY_LIGHTMAP_RGBM_ENCODING
  api=4 type=0 insize=5470 outsize=1810 kw=UNITY_PASS_FORWARDBASE DIRECTIONAL LIGHTPROBE_SH pd=UNITY_ENABLE_REFLECTION_BUFFERS UNITY_NO_SCREENSPACE_SHADOWS UNITY_PBS_USE_BRDF3 UNITY_SPECCUBE_BOX_PROJECTION SHADER_API_DESKTOP UNITY_COLORSPACE_GAMMA UNITY_LIGHTMAP_RGBM_ENCODING ok=1
Cmd: compileSnippet
  api=4 type=1 insize=5470 outsize=2670 kw=UNITY_PASS_FORWARDBASE DIRECTIONAL LIGHTPROBE_SH pd=UNITY_ENABLE_REFLECTION_BUFFERS UNITY_NO_SCREENSPACE_SHADOWS UNITY_PBS_USE_BRDF3 UNITY_SPECCUBE_BOX_PROJECTION SHADER_API_DESKTOP UNITY_COLORSPACE_GAMMA UNITY_LIGHTMAP_RGBM_ENCODING ok=1
Cmd: preprocess
  insize=6969 outsize=1581 ok=1
Cmd: compileSnippet
  error: 1 plat 4 at (73): Output value 'vert' is not completely initialized\nCompiling Vertex program with UNITY_PASS_FORWARDBASE DIRECTIONAL
Platform defines: UNITY_ENABLE_REFLECTION_BUFFERS UNITY_USE_DITHER_MASK_FOR_ALPHABLENDED_SHADOWS UNITY_PBS_USE_BRDF1 UNITY_SPECCUBE_BOX_PROJECTION UNITY_SPECCUBE_BLENDING UNITY_ENABLE_DETAIL_NORMALMAP SHADER_API_DESKTOP UNITY_COLORSPACE_GAMMA UNITY_LIGHT_PROBE_PROXY_VOLUME UNITY_LIGHTMAP_RGBM_ENCODING
  api=4 type=0 insize=5471 outsize=1810 kw=UNITY_PASS_FORWARDBASE DIRECTIONAL pd=UNITY_ENABLE_REFLECTION_BUFFERS UNITY_USE_DITHER_MASK_FOR_ALPHABLENDED_SHADOWS UNITY_PBS_USE_BRDF1 UNITY_SPECCUBE_BOX_PROJECTION UNITY_SPECCUBE_BLENDING UNITY_ENABLE_DETAIL_NORMALMAP SHADER_API_DESKTOP UNITY_COLORSPACE_GAMMA UNITY_LIGHT_PROBE_PROXY_VOLUME UNITY_LIGHTMAP_RGBM_ENCODING ok=1
Cmd: compileSnippet
  api=4 type=1 insize=5471 outsize=3266 kw=UNITY_PASS_FORWARDBASE DIRECTIONAL pd=UNITY_ENABLE_REFLECTION_BUFFERS UNITY_USE_DITHER_MASK_FOR_ALPHABLENDED_SHADOWS UNITY_PBS_USE_BRDF1 UNITY_SPECCUBE_BOX_PROJECTION UNITY_SPECCUBE_BLENDING UNITY_ENABLE_DETAIL_NORMALMAP SHADER_API_DESKTOP UNITY_COLORSPACE_GAMMA UNITY_LIGHT_PROBE_PROXY_VOLUME UNITY_LIGHTMAP_RGBM_ENCODING ok=1
Cmd: compileSnippet
  error: 1 plat 4 at (73): Output value 'vert' is not completely initialized\nCompiling Vertex program with UNITY_PASS_FORWARDBASE DIRECTIONAL SHADOWS_SCREEN LIGHTMAP_SHADOW_MIXING LIGHTPROBE_SH
Platform defines: UNITY_ENABLE_REFLECTION_BUFFERS UNITY_NO_SCREENSPACE_SHADOWS UNITY_PBS_USE_BRDF3 UNITY_SPECCUBE_BOX_PROJECTION SHADER_API_DESKTOP UNITY_COLORSPACE_GAMMA UNITY_LIGHTMAP_RGBM_ENCODING
  api=4 type=0 insize=5471 outsize=1810 kw=UNITY_PASS_FORWARDBASE DIRECTIONAL SHADOWS_SCREEN LIGHTMAP_SHADOW_MIXING LIGHTPROBE_SH pd=UNITY_ENABLE_REFLECTION_BUFFERS UNITY_NO_SCREENSPACE_SHADOWS UNITY_PBS_USE_BRDF3 UNITY_SPECCUBE_BOX_PROJECTION SHADER_API_DESKTOP UNITY_COLORSPACE_GAMMA UNITY_LIGHTMAP_RGBM_ENCODING ok=1
Cmd: compileSnippet
  api=4 type=1 insize=5471 outsize=3338 kw=UNITY_PASS_FORWARDBASE DIRECTIONAL SHADOWS_SCREEN LIGHTMAP_SHADOW_MIXING LIGHTPROBE_SH pd=UNITY_ENABLE_REFLECTION_BUFFERS UNITY_NO_SCREENSPACE_SHADOWS UNITY_PBS_USE_BRDF3 UNITY_SPECCUBE_BOX_PROJECTION SHADER_API_DESKTOP UNITY_COLORSPACE_GAMMA UNITY_LIGHTMAP_RGBM_ENCODING ok=1
Cmd: compileSnippet
  api=4 type=0 insize=5471 outsize=2030 kw=UNITY_PASS_FORWARDBASE DIRECTIONAL SHADOWS_SCREEN LIGHTMAP_ON LIGHTMAP_SHADOW_MIXING pd=UNITY_ENABLE_REFLECTION_BUFFERS UNITY_NO_SCREENSPACE_SHADOWS UNITY_PBS_USE_BRDF3 UNITY_SPECCUBE_BOX_PROJECTION SHADER_API_DESKTOP UNITY_COLORSPACE_GAMMA UNITY_LIGHTMAP_RGBM_ENCODING ok=1
Cmd: compileSnippet
  api=4 type=1 insize=5471 outsize=2862 kw=UNITY_PASS_FORWARDBASE DIRECTIONAL SHADOWS_SCREEN LIGHTMAP_ON LIGHTMAP_SHADOW_MIXING pd=UNITY_ENABLE_REFLECTION_BUFFERS UNITY_NO_SCREENSPACE_SHADOWS UNITY_PBS_USE_BRDF3 UNITY_SPECCUBE_BOX_PROJECTION SHADER_API_DESKTOP UNITY_COLORSPACE_GAMMA UNITY_LIGHTMAP_RGBM_ENCODING ok=1
Cmd: preprocess
  insize=6968 outsize=1581 ok=1
Cmd: compileSnippet
  error: 1 plat 4 at (73): Output value 'vert' is not completely initialized\nCompiling Vertex program with UNITY_PASS_FORWARDBASE DIRECTIONAL
Platform defines: UNITY_ENABLE_REFLECTION_BUFFERS UNITY_NO_SCREENSPACE_SHADOWS UNITY_PBS_USE_BRDF3 UNITY_SPECCUBE_BOX_PROJECTION SHADER_API_DESKTOP UNITY_COLORSPACE_GAMMA UNITY_LIGHTMAP_RGBM_ENCODING
  api=4 type=0 insize=5470 outsize=1810 kw=UNITY_PASS_FORWARDBASE DIRECTIONAL pd=UNITY_ENABLE_REFLECTION_BUFFERS UNITY_NO_SCREENSPACE_SHADOWS UNITY_PBS_USE_BRDF3 UNITY_SPECCUBE_BOX_PROJECTION SHADER_API_DESKTOP UNITY_COLORSPACE_GAMMA UNITY_LIGHTMAP_RGBM_ENCODING ok=1
Cmd: compileSnippet
  api=4 type=1 insize=5470 outsize=2670 kw=UNITY_PASS_FORWARDBASE DIRECTIONAL pd=UNITY_ENABLE_REFLECTION_BUFFERS UNITY_NO_SCREENSPACE_SHADOWS UNITY_PBS_USE_BRDF3 UNITY_SPECCUBE_BOX_PROJECTION SHADER_API_DESKTOP UNITY_COLORSPACE_GAMMA UNITY_LIGHTMAP_RGBM_ENCODING ok=1
Cmd: preprocess
  insize=7045 outsize=1581 ok=1
Cmd: compileSnippet
  error: 1 plat 4 at (73): Output value 'vert' is not completely initialized\nCompiling Vertex program with UNITY_PASS_FORWARDBASE DIRECTIONAL
Platform defines: UNITY_ENABLE_REFLECTION_BUFFERS UNITY_USE_DITHER_MASK_FOR_ALPHABLENDED_SHADOWS UNITY_PBS_USE_BRDF1 UNITY_SPECCUBE_BOX_PROJECTION UNITY_SPECCUBE_BLENDING UNITY_ENABLE_DETAIL_NORMALMAP SHADER_API_DESKTOP UNITY_COLORSPACE_GAMMA UNITY_LIGHT_PROBE_PROXY_VOLUME UNITY_LIGHTMAP_RGBM_ENCODING
  api=4 type=0 insize=5547 outsize=1810 kw=UNITY_PASS_FORWARDBASE DIRECTIONAL pd=UNITY_ENABLE_REFLECTION_BUFFERS UNITY_USE_DITHER_MASK_FOR_ALPHABLENDED_SHADOWS UNITY_PBS_USE_BRDF1 UNITY_SPECCUBE_BOX_PROJECTION UNITY_SPECCUBE_BLENDING UNITY_ENABLE_DETAIL_NORMALMAP SHADER_API_DESKTOP UNITY_COLORSPACE_GAMMA UNITY_LIGHT_PROBE_PROXY_VOLUME UNITY_LIGHTMAP_RGBM_ENCODING ok=1
Cmd: compileSnippet
  api=4 type=1 insize=5547 outsize=3266 kw=UNITY_PASS_FORWARDBASE DIRECTIONAL pd=UNITY_ENABLE_REFLECTION_BUFFERS UNITY_USE_DITHER_MASK_FOR_ALPHABLENDED_SHADOWS UNITY_PBS_USE_BRDF1 UNITY_SPECCUBE_BOX_PROJECTION UNITY_SPECCUBE_BLENDING UNITY_ENABLE_DETAIL_NORMALMAP SHADER_API_DESKTOP UNITY_COLORSPACE_GAMMA UNITY_LIGHT_PROBE_PROXY_VOLUME UNITY_LIGHTMAP_RGBM_ENCODING ok=1
Cmd: compileSnippet
  api=4 type=0 insize=5547 outsize=2030 kw=UNITY_PASS_FORWARDBASE DIRECTIONAL SHADOWS_SCREEN LIGHTMAP_ON LIGHTMAP_SHADOW_MIXING pd=UNITY_ENABLE_REFLECTION_BUFFERS UNITY_NO_SCREENSPACE_SHADOWS UNITY_PBS_USE_BRDF3 UNITY_SPECCUBE_BOX_PROJECTION SHADER_API_DESKTOP UNITY_COLORSPACE_GAMMA UNITY_LIGHTMAP_RGBM_ENCODING ok=1
Cmd: compileSnippet
  api=4 type=1 insize=5547 outsize=2862 kw=UNITY_PASS_FORWARDBASE DIRECTIONAL SHADOWS_SCREEN LIGHTMAP_ON LIGHTMAP_SHADOW_MIXING pd=UNITY_ENABLE_REFLECTION_BUFFERS UNITY_NO_SCREENSPACE_SHADOWS UNITY_PBS_USE_BRDF3 UNITY_SPECCUBE_BOX_PROJECTION SHADER_API_DESKTOP UNITY_COLORSPACE_GAMMA UNITY_LIGHTMAP_RGBM_ENCODING ok=1
Cmd: compileSnippet
  error: 1 plat 4 at (73): Output value 'vert' is not completely initialized\nCompiling Vertex program with UNITY_PASS_FORWARDBASE DIRECTIONAL SHADOWS_SCREEN LIGHTMAP_SHADOW_MIXING LIGHTPROBE_SH
Platform defines: UNITY_ENABLE_REFLECTION_BUFFERS UNITY_NO_SCREENSPACE_SHADOWS UNITY_PBS_USE_BRDF3 UNITY_SPECCUBE_BOX_PROJECTION SHADER_API_DESKTOP UNITY_COLORSPACE_GAMMA UNITY_LIGHTMAP_RGBM_ENCODING
  api=4 type=0 insize=5547 outsize=1810 kw=UNITY_PASS_FORWARDBASE DIRECTIONAL SHADOWS_SCREEN LIGHTMAP_SHADOW_MIXING LIGHTPROBE_SH pd=UNITY_ENABLE_REFLECTION_BUFFERS UNITY_NO_SCREENSPACE_SHADOWS UNITY_PBS_USE_BRDF3 UNITY_SPECCUBE_BOX_PROJECTION SHADER_API_DESKTOP UNITY_COLORSPACE_GAMMA UNITY_LIGHTMAP_RGBM_ENCODING ok=1
Cmd: compileSnippet
  api=4 type=1 insize=5547 outsize=3338 kw=UNITY_PASS_FORWARDBASE DIRECTIONAL SHADOWS_SCREEN LIGHTMAP_SHADOW_MIXING LIGHTPROBE_SH pd=UNITY_ENABLE_REFLECTION_BUFFERS UNITY_NO_SCREENSPACE_SHADOWS UNITY_PBS_USE_BRDF3 UNITY_SPECCUBE_BOX_PROJECTION SHADER_API_DESKTOP UNITY_COLORSPACE_GAMMA UNITY_LIGHTMAP_RGBM_ENCODING ok=1
Cmd: compileSnippet
  error: 1 plat 4 at (73): Output value 'vert' is not completely initialized\nCompiling Vertex program with UNITY_PASS_FORWARDBASE DIRECTIONAL
Platform defines: UNITY_ENABLE_REFLECTION_BUFFERS UNITY_NO_SCREENSPACE_SHADOWS UNITY_PBS_USE_BRDF3 UNITY_SPECCUBE_BOX_PROJECTION SHADER_API_DESKTOP UNITY_COLORSPACE_GAMMA UNITY_LIGHTMAP_RGBM_ENCODING
  api=4 type=0 insize=5547 outsize=1810 kw=UNITY_PASS_FORWARDBASE DIRECTIONAL pd=UNITY_ENABLE_REFLECTION_BUFFERS UNITY_NO_SCREENSPACE_SHADOWS UNITY_PBS_USE_BRDF3 UNITY_SPECCUBE_BOX_PROJECTION SHADER_API_DESKTOP UNITY_COLORSPACE_GAMMA UNITY_LIGHTMAP_RGBM_ENCODING ok=1
Cmd: compileSnippet
  api=4 type=1 insize=5547 outsize=2670 kw=UNITY_PASS_FORWARDBASE DIRECTIONAL pd=UNITY_ENABLE_REFLECTION_BUFFERS UNITY_NO_SCREENSPACE_SHADOWS UNITY_PBS_USE_BRDF3 UNITY_SPECCUBE_BOX_PROJECTION SHADER_API_DESKTOP UNITY_COLORSPACE_GAMMA UNITY_LIGHTMAP_RGBM_ENCODING ok=1
Cmd: compileSnippet
  error: 1 plat 4 at (73): Output value 'vert' is not completely initialized\nCompiling Vertex program with UNITY_PASS_FORWARDBASE DIRECTIONAL LIGHTPROBE_SH
Platform defines: UNITY_ENABLE_REFLECTION_BUFFERS UNITY_NO_SCREENSPACE_SHADOWS UNITY_PBS_USE_BRDF3 UNITY_SPECCUBE_BOX_PROJECTION SHADER_API_DESKTOP UNITY_COLORSPACE_GAMMA UNITY_LIGHTMAP_RGBM_ENCODING
  api=4 type=0 insize=5547 outsize=1810 kw=UNITY_PASS_FORWARDBASE DIRECTIONAL LIGHTPROBE_SH pd=UNITY_ENABLE_REFLECTION_BUFFERS UNITY_NO_SCREENSPACE_SHADOWS UNITY_PBS_USE_BRDF3 UNITY_SPECCUBE_BOX_PROJECTION SHADER_API_DESKTOP UNITY_COLORSPACE_GAMMA UNITY_LIGHTMAP_RGBM_ENCODING ok=1
Cmd: compileSnippet
  api=4 type=1 insize=5547 outsize=2670 kw=UNITY_PASS_FORWARDBASE DIRECTIONAL LIGHTPROBE_SH pd=UNITY_ENABLE_REFLECTION_BUFFERS UNITY_NO_SCREENSPACE_SHADOWS UNITY_PBS_USE_BRDF3 UNITY_SPECCUBE_BOX_PROJECTION SHADER_API_DESKTOP UNITY_COLORSPACE_GAMMA UNITY_LIGHTMAP_RGBM_ENCODING ok=1
Cmd: compileSnippet
  error: 1 plat 4 at (73): Output value 'vert' is not completely initialized\nCompiling Vertex program with UNITY_PASS_FORWARDBASE DIRECTIONAL LIGHTMAP_ON LIGHTMAP_SHADOW_MIXING
Platform defines: UNITY_ENABLE_REFLECTION_BUFFERS UNITY_NO_SCREENSPACE_SHADOWS UNITY_PBS_USE_BRDF3 UNITY_SPECCUBE_BOX_PROJECTION SHADER_API_DESKTOP UNITY_COLORSPACE_GAMMA UNITY_LIGHTMAP_RGBM_ENCODING
  api=4 type=0 insize=5547 outsize=1810 kw=UNITY_PASS_FORWARDBASE DIRECTIONAL LIGHTMAP_ON LIGHTMAP_SHADOW_MIXING pd=UNITY_ENABLE_REFLECTION_BUFFERS UNITY_NO_SCREENSPACE_SHADOWS UNITY_PBS_USE_BRDF3 UNITY_SPECCUBE_BOX_PROJECTION SHADER_API_DESKTOP UNITY_COLORSPACE_GAMMA UNITY_LIGHTMAP_RGBM_ENCODING ok=1
Cmd: compileSnippet
  api=4 type=1 insize=5547 outsize=2670 kw=UNITY_PASS_FORWARDBASE DIRECTIONAL LIGHTMAP_ON LIGHTMAP_SHADOW_MIXING pd=UNITY_ENABLE_REFLECTION_BUFFERS UNITY_NO_SCREENSPACE_SHADOWS UNITY_PBS_USE_BRDF3 UNITY_SPECCUBE_BOX_PROJECTION SHADER_API_DESKTOP UNITY_COLORSPACE_GAMMA UNITY_LIGHTMAP_RGBM_ENCODING ok=1
Cmd: preprocess
  insize=7055 outsize=1591 ok=1
Cmd: compileSnippet
  api=4 type=0 insize=836 outsize=1050 kw=UNITY_PASS_META pd=UNITY_ENABLE_REFLECTION_BUFFERS UNITY_USE_DITHER_MASK_FOR_ALPHABLENDED_SHADOWS UNITY_PBS_USE_BRDF1 UNITY_SPECCUBE_BOX_PROJECTION UNITY_SPECCUBE_BLENDING UNITY_ENABLE_DETAIL_NORMALMAP SHADER_API_DESKTOP UNITY_COLORSPACE_GAMMA UNITY_LIGHT_PROBE_PROXY_VOLUME UNITY_LIGHTMAP_RGBM_ENCODING ok=1
Cmd: compileSnippet
  api=4 type=1 insize=836 outsize=826 kw=UNITY_PASS_META pd=UNITY_ENABLE_REFLECTION_BUFFERS UNITY_USE_DITHER_MASK_FOR_ALPHABLENDED_SHADOWS UNITY_PBS_USE_BRDF1 UNITY_SPECCUBE_BOX_PROJECTION UNITY_SPECCUBE_BLENDING UNITY_ENABLE_DETAIL_NORMALMAP SHADER_API_DESKTOP UNITY_COLORSPACE_GAMMA UNITY_LIGHT_PROBE_PROXY_VOLUME UNITY_LIGHTMAP_RGBM_ENCODING ok=1
Cmd: compileSnippet
  api=4 type=0 insize=836 outsize=1050 kw=UNITY_PASS_META _METALLICGLOSSMAP pd=UNITY_ENABLE_REFLECTION_BUFFERS UNITY_NO_SCREENSPACE_SHADOWS UNITY_PBS_USE_BRDF3 UNITY_SPECCUBE_BOX_PROJECTION SHADER_API_DESKTOP UNITY_COLORSPACE_GAMMA UNITY_LIGHTMAP_RGBM_ENCODING ok=1
Cmd: compileSnippet
  api=4 type=1 insize=836 outsize=826 kw=UNITY_PASS_META _METALLICGLOSSMAP pd=UNITY_ENABLE_REFLECTION_BUFFERS UNITY_NO_SCREENSPACE_SHADOWS UNITY_PBS_USE_BRDF3 UNITY_SPECCUBE_BOX_PROJECTION SHADER_API_DESKTOP UNITY_COLORSPACE_GAMMA UNITY_LIGHTMAP_RGBM_ENCODING ok=1
